org.apache.directory.api.ldap.schema.extractor:SchemaLdifExtractor:public,abstract,interface:::isExtracted:public,abstract:0::boolean::3PP
org.apache.directory.api.ldap.schema.extractor:SchemaLdifExtractor:public,abstract,interface:::extractOrCopy:public,abstract:1:boolean:void::3PP
org.apache.directory.api.ldap.schema.extractor:SchemaLdifExtractor:public,abstract,interface:::extractOrCopy:public,abstract:0::void::3PP
org.apache.directory.api.ldap.schema.extractor:UniqueResourceException:public:java.lang.RuntimeException::<init>:public:2:java.lang.String,java.lang.String:void::3PP
org.apache.directory.api.ldap.schema.extractor:UniqueResourceException:public:java.lang.RuntimeException::<init>:public:3:java.lang.String,java.util.List,java.lang.String:void::3PP
org.apache.directory.api.ldap.schema.extractor:UniqueResourceException:public:java.lang.RuntimeException::<init>:public:4:java.lang.String,java.net.URL,java.util.Enumeration,java.lang.String:void::3PP
org.apache.directory.api.ldap.schema.extractor:UniqueResourceException:public:java.lang.RuntimeException::toList:private,static:2:java.net.URL,java.util.Enumeration:java.util.List::3PP
org.apache.directory.api.ldap.schema.extractor:UniqueResourceException:public:java.lang.RuntimeException::getMessage:public:0::java.lang.String::3PP
org.apache.directory.api.ldap.schema.extractor:UniqueResourceException:public:java.lang.RuntimeException::getResourceName:public:0::java.lang.String::3PP
org.apache.directory.api.ldap.schema.extractor:UniqueResourceException:public:java.lang.RuntimeException::getUrls:public:0::java.util.List::3PP
org.apache.directory.api.ldap.schema.extractor.impl:DefaultSchemaLdifExtractor:public:java.lang.Object:org.apache.directory.api.ldap.schema.extractor.SchemaLdifExtractor:<init>:public:1:java.io.File:void::3PP
org.apache.directory.api.ldap.schema.extractor.impl:DefaultSchemaLdifExtractor:public:java.lang.Object:org.apache.directory.api.ldap.schema.extractor.SchemaLdifExtractor:isExtracted:public:0::boolean::3PP
org.apache.directory.api.ldap.schema.extractor.impl:DefaultSchemaLdifExtractor:public:java.lang.Object:org.apache.directory.api.ldap.schema.extractor.SchemaLdifExtractor:extractOrCopy:public:1:boolean:void::3PP
org.apache.directory.api.ldap.schema.extractor.impl:DefaultSchemaLdifExtractor:public:java.lang.Object:org.apache.directory.api.ldap.schema.extractor.SchemaLdifExtractor:extractOrCopy:public:0::void::3PP
org.apache.directory.api.ldap.schema.extractor.impl:DefaultSchemaLdifExtractor:public:java.lang.Object:org.apache.directory.api.ldap.schema.extractor.SchemaLdifExtractor:copyFile:private:2:java.io.File,java.io.File:void::3PP
org.apache.directory.api.ldap.schema.extractor.impl:DefaultSchemaLdifExtractor:public:java.lang.Object:org.apache.directory.api.ldap.schema.extractor.SchemaLdifExtractor:assembleDestinationFile:private:1:java.util.Deque:java.io.File::3PP
org.apache.directory.api.ldap.schema.extractor.impl:DefaultSchemaLdifExtractor:public:java.lang.Object:org.apache.directory.api.ldap.schema.extractor.SchemaLdifExtractor:getDestinationFile:private:1:java.io.File:java.io.File::3PP
org.apache.directory.api.ldap.schema.extractor.impl:DefaultSchemaLdifExtractor:public:java.lang.Object:org.apache.directory.api.ldap.schema.extractor.SchemaLdifExtractor:getUniqueResourceAsStream:public,static:2:java.lang.String,java.lang.String:java.io.InputStream::3PP
org.apache.directory.api.ldap.schema.extractor.impl:DefaultSchemaLdifExtractor:public:java.lang.Object:org.apache.directory.api.ldap.schema.extractor.SchemaLdifExtractor:getUniqueResource:public,static:2:java.lang.String,java.lang.String:java.net.URL::3PP
org.apache.directory.api.ldap.schema.extractor.impl:DefaultSchemaLdifExtractor:public:java.lang.Object:org.apache.directory.api.ldap.schema.extractor.SchemaLdifExtractor:getAnyResource:public,static:2:java.lang.String,java.lang.String:java.net.URL::3PP
org.apache.directory.api.ldap.schema.extractor.impl:DefaultSchemaLdifExtractor:public:java.lang.Object:org.apache.directory.api.ldap.schema.extractor.SchemaLdifExtractor:extractFromClassLoader:private:1:java.lang.String:void::3PP
org.apache.directory.api.ldap.schema.extractor.impl:DefaultSchemaLdifExtractor:public:java.lang.Object:org.apache.directory.api.ldap.schema.extractor.SchemaLdifExtractor:<clinit>:static:0::void::3PP
org.apache.directory.api.ldap.schema.extractor.impl:ResourceMap:public,final:java.lang.Object::<init>:private:0::void::3PP
org.apache.directory.api.ldap.schema.extractor.impl:ResourceMap:public,final:java.lang.Object::getResources:public,static:1:java.util.regex.Pattern:java.util.Map::3PP
org.apache.directory.api.ldap.schema.extractor.impl:ResourceMap:public,final:java.lang.Object::getResources:private,static:3:java.util.HashMap,java.lang.String,java.util.regex.Pattern:void::3PP
org.apache.directory.api.ldap.schema.extractor.impl:ResourceMap:public,final:java.lang.Object::getResourcesFromJarFile:private,static:3:java.util.HashMap,java.io.File,java.util.regex.Pattern:void::3PP
org.apache.directory.api.ldap.schema.extractor.impl:ResourceMap:public,final:java.lang.Object::getResourcesFromDirectory:private,static:3:java.util.HashMap,java.io.File,java.util.regex.Pattern:void::3PP
org.apache.directory.api.ldap.schema.extractor.impl:ResourceMap:public,final:java.lang.Object::getResourcesFromClassloader:private,static:2:java.util.HashMap,java.util.regex.Pattern:void::3PP
org.apache.directory.api.ldap.schema.extractor.impl:ResourceMap:public,final:java.lang.Object::<clinit>:static:0::void::3PP
org.apache.directory.api.ldap.schema.loader:AttributeClassLoader:public:java.lang.ClassLoader::<init>:public:0::void::3PP
org.apache.directory.api.ldap.schema.loader:AttributeClassLoader:public:java.lang.ClassLoader::setAttribute:public:1:org.apache.directory.api.ldap.model.entry.Attribute:void::3PP
org.apache.directory.api.ldap.schema.loader:AttributeClassLoader:public:java.lang.ClassLoader::getBytes:private,static:1:java.io.InputStream:byte[]::3PP
org.apache.directory.api.ldap.schema.loader:AttributeClassLoader:public:java.lang.ClassLoader::loadClasses:private:1:byte[]:java.util.Map::3PP
org.apache.directory.api.ldap.schema.loader:AttributeClassLoader:public:java.lang.ClassLoader::findClass:public:1:java.lang.String:java.lang.Class::3PP
org.apache.directory.api.ldap.schema.loader:EntityFactory:public,abstract,interface:::getSchema:public,abstract:1:org.apache.directory.api.ldap.model.entry.Entry:org.apache.directory.api.ldap.model.schema.registries.Schema::3PP
org.apache.directory.api.ldap.schema.loader:EntityFactory:public,abstract,interface:::getAttributeType:public,abstract:4:org.apache.directory.api.ldap.model.schema.SchemaManager,org.apache.directory.api.ldap.model.entry.Entry,org.apache.directory.api.ldap.model.schema.registries.Registries,java.lang.String:org.apache.directory.api.ldap.model.schema.AttributeType::3PP
org.apache.directory.api.ldap.schema.loader:EntityFactory:public,abstract,interface:::getLdapComparator:public,abstract:4:org.apache.directory.api.ldap.model.schema.SchemaManager,org.apache.directory.api.ldap.model.schema.parsers.LdapComparatorDescription,org.apache.directory.api.ldap.model.schema.registries.Registries,java.lang.String:org.apache.directory.api.ldap.model.schema.LdapComparator::3PP
org.apache.directory.api.ldap.schema.loader:EntityFactory:public,abstract,interface:::getLdapComparator:public,abstract:4:org.apache.directory.api.ldap.model.schema.SchemaManager,org.apache.directory.api.ldap.model.entry.Entry,org.apache.directory.api.ldap.model.schema.registries.Registries,java.lang.String:org.apache.directory.api.ldap.model.schema.LdapComparator::3PP
org.apache.directory.api.ldap.schema.loader:EntityFactory:public,abstract,interface:::getMatchingRule:public,abstract:4:org.apache.directory.api.ldap.model.schema.SchemaManager,org.apache.directory.api.ldap.model.entry.Entry,org.apache.directory.api.ldap.model.schema.registries.Registries,java.lang.String:org.apache.directory.api.ldap.model.schema.MatchingRule::3PP
org.apache.directory.api.ldap.schema.loader:EntityFactory:public,abstract,interface:::getNormalizer:public,abstract:4:org.apache.directory.api.ldap.model.schema.SchemaManager,org.apache.directory.api.ldap.model.schema.parsers.NormalizerDescription,org.apache.directory.api.ldap.model.schema.registries.Registries,java.lang.String:org.apache.directory.api.ldap.model.schema.Normalizer::3PP
org.apache.directory.api.ldap.schema.loader:EntityFactory:public,abstract,interface:::getNormalizer:public,abstract:4:org.apache.directory.api.ldap.model.schema.SchemaManager,org.apache.directory.api.ldap.model.entry.Entry,org.apache.directory.api.ldap.model.schema.registries.Registries,java.lang.String:org.apache.directory.api.ldap.model.schema.Normalizer::3PP
org.apache.directory.api.ldap.schema.loader:EntityFactory:public,abstract,interface:::getObjectClass:public,abstract:4:org.apache.directory.api.ldap.model.schema.SchemaManager,org.apache.directory.api.ldap.model.entry.Entry,org.apache.directory.api.ldap.model.schema.registries.Registries,java.lang.String:org.apache.directory.api.ldap.model.schema.ObjectClass::3PP
org.apache.directory.api.ldap.schema.loader:EntityFactory:public,abstract,interface:::getSyntax:public,abstract:4:org.apache.directory.api.ldap.model.schema.SchemaManager,org.apache.directory.api.ldap.model.entry.Entry,org.apache.directory.api.ldap.model.schema.registries.Registries,java.lang.String:org.apache.directory.api.ldap.model.schema.LdapSyntax::3PP
org.apache.directory.api.ldap.schema.loader:EntityFactory:public,abstract,interface:::getSyntaxChecker:public,abstract:4:org.apache.directory.api.ldap.model.schema.SchemaManager,org.apache.directory.api.ldap.model.entry.Entry,org.apache.directory.api.ldap.model.schema.registries.Registries,java.lang.String:org.apache.directory.api.ldap.model.schema.SyntaxChecker::3PP
org.apache.directory.api.ldap.schema.loader:EntityFactory:public,abstract,interface:::getSyntaxChecker:public,abstract:4:org.apache.directory.api.ldap.model.schema.SchemaManager,org.apache.directory.api.ldap.model.schema.parsers.SyntaxCheckerDescription,org.apache.directory.api.ldap.model.schema.registries.Registries,java.lang.String:org.apache.directory.api.ldap.model.schema.SyntaxChecker::3PP
org.apache.directory.api.ldap.schema.loader:JarLdifSchemaLoader:public:org.apache.directory.api.ldap.model.schema.registries.AbstractSchemaLoader::<init>:public:0::void::3PP
org.apache.directory.api.ldap.schema.loader:JarLdifSchemaLoader:public:org.apache.directory.api.ldap.model.schema.registries.AbstractSchemaLoader::<init>:public:1:boolean:void::3PP
org.apache.directory.api.ldap.schema.loader:JarLdifSchemaLoader:public:org.apache.directory.api.ldap.model.schema.registries.AbstractSchemaLoader::isAllowDuplicateResources:public:0::boolean::3PP
org.apache.directory.api.ldap.schema.loader:JarLdifSchemaLoader:public:org.apache.directory.api.ldap.model.schema.registries.AbstractSchemaLoader::getResource:private:2:java.lang.String,java.lang.String:java.net.URL::3PP
org.apache.directory.api.ldap.schema.loader:JarLdifSchemaLoader:public:org.apache.directory.api.ldap.model.schema.registries.AbstractSchemaLoader::initializeSchemas:private:0::void::3PP
org.apache.directory.api.ldap.schema.loader:JarLdifSchemaLoader:public:org.apache.directory.api.ldap.model.schema.registries.AbstractSchemaLoader::getSchemaDirectoryString:private:1:org.apache.directory.api.ldap.model.schema.registries.Schema:java.lang.String::3PP
org.apache.directory.api.ldap.schema.loader:JarLdifSchemaLoader:public:org.apache.directory.api.ldap.model.schema.registries.AbstractSchemaLoader::loadComparators:public,transient:1:org.apache.directory.api.ldap.model.schema.registries.Schema[]:java.util.List::3PP
org.apache.directory.api.ldap.schema.loader:JarLdifSchemaLoader:public:org.apache.directory.api.ldap.model.schema.registries.AbstractSchemaLoader::loadSyntaxCheckers:public,transient:1:org.apache.directory.api.ldap.model.schema.registries.Schema[]:java.util.List::3PP
org.apache.directory.api.ldap.schema.loader:JarLdifSchemaLoader:public:org.apache.directory.api.ldap.model.schema.registries.AbstractSchemaLoader::loadNormalizers:public,transient:1:org.apache.directory.api.ldap.model.schema.registries.Schema[]:java.util.List::3PP
org.apache.directory.api.ldap.schema.loader:JarLdifSchemaLoader:public:org.apache.directory.api.ldap.model.schema.registries.AbstractSchemaLoader::loadMatchingRules:public,transient:1:org.apache.directory.api.ldap.model.schema.registries.Schema[]:java.util.List::3PP
org.apache.directory.api.ldap.schema.loader:JarLdifSchemaLoader:public:org.apache.directory.api.ldap.model.schema.registries.AbstractSchemaLoader::loadSyntaxes:public,transient:1:org.apache.directory.api.ldap.model.schema.registries.Schema[]:java.util.List::3PP
org.apache.directory.api.ldap.schema.loader:JarLdifSchemaLoader:public:org.apache.directory.api.ldap.model.schema.registries.AbstractSchemaLoader::loadAttributeTypes:public,transient:1:org.apache.directory.api.ldap.model.schema.registries.Schema[]:java.util.List::3PP
org.apache.directory.api.ldap.schema.loader:JarLdifSchemaLoader:public:org.apache.directory.api.ldap.model.schema.registries.AbstractSchemaLoader::loadMatchingRuleUses:public,transient:1:org.apache.directory.api.ldap.model.schema.registries.Schema[]:java.util.List::3PP
org.apache.directory.api.ldap.schema.loader:JarLdifSchemaLoader:public:org.apache.directory.api.ldap.model.schema.registries.AbstractSchemaLoader::loadNameForms:public,transient:1:org.apache.directory.api.ldap.model.schema.registries.Schema[]:java.util.List::3PP
org.apache.directory.api.ldap.schema.loader:JarLdifSchemaLoader:public:org.apache.directory.api.ldap.model.schema.registries.AbstractSchemaLoader::loadDitContentRules:public,transient:1:org.apache.directory.api.ldap.model.schema.registries.Schema[]:java.util.List::3PP
org.apache.directory.api.ldap.schema.loader:JarLdifSchemaLoader:public:org.apache.directory.api.ldap.model.schema.registries.AbstractSchemaLoader::loadDitStructureRules:public,transient:1:org.apache.directory.api.ldap.model.schema.registries.Schema[]:java.util.List::3PP
org.apache.directory.api.ldap.schema.loader:JarLdifSchemaLoader:public:org.apache.directory.api.ldap.model.schema.registries.AbstractSchemaLoader::loadObjectClasses:public,transient:1:org.apache.directory.api.ldap.model.schema.registries.Schema[]:java.util.List::3PP
org.apache.directory.api.ldap.schema.loader:JarLdifSchemaLoader:public:org.apache.directory.api.ldap.model.schema.registries.AbstractSchemaLoader::<clinit>:static:0::void::3PP
org.apache.directory.api.ldap.schema.loader:LdifSchemaLoader$1::java.lang.Object:java.io.FilenameFilter:<init>::1:org.apache.directory.api.ldap.schema.loader.LdifSchemaLoader:void::3PP
org.apache.directory.api.ldap.schema.loader:LdifSchemaLoader$1::java.lang.Object:java.io.FilenameFilter:accept:public:2:java.io.File,java.lang.String:boolean::3PP
org.apache.directory.api.ldap.schema.loader:LdifSchemaLoader:public:org.apache.directory.api.ldap.model.schema.registries.AbstractSchemaLoader::<init>:public:1:java.io.File:void::3PP
org.apache.directory.api.ldap.schema.loader:LdifSchemaLoader:public:org.apache.directory.api.ldap.model.schema.registries.AbstractSchemaLoader::initializeSchemas:private:0::void::3PP
org.apache.directory.api.ldap.schema.loader:LdifSchemaLoader:public:org.apache.directory.api.ldap.model.schema.registries.AbstractSchemaLoader::getSchemaDirectory:private:1:org.apache.directory.api.ldap.model.schema.registries.Schema:java.io.File::3PP
org.apache.directory.api.ldap.schema.loader:LdifSchemaLoader:public:org.apache.directory.api.ldap.model.schema.registries.AbstractSchemaLoader::loadComparators:public,transient:1:org.apache.directory.api.ldap.model.schema.registries.Schema[]:java.util.List::3PP
org.apache.directory.api.ldap.schema.loader:LdifSchemaLoader:public:org.apache.directory.api.ldap.model.schema.registries.AbstractSchemaLoader::loadSyntaxCheckers:public,transient:1:org.apache.directory.api.ldap.model.schema.registries.Schema[]:java.util.List::3PP
org.apache.directory.api.ldap.schema.loader:LdifSchemaLoader:public:org.apache.directory.api.ldap.model.schema.registries.AbstractSchemaLoader::loadNormalizers:public,transient:1:org.apache.directory.api.ldap.model.schema.registries.Schema[]:java.util.List::3PP
org.apache.directory.api.ldap.schema.loader:LdifSchemaLoader:public:org.apache.directory.api.ldap.model.schema.registries.AbstractSchemaLoader::loadMatchingRules:public,transient:1:org.apache.directory.api.ldap.model.schema.registries.Schema[]:java.util.List::3PP
org.apache.directory.api.ldap.schema.loader:LdifSchemaLoader:public:org.apache.directory.api.ldap.model.schema.registries.AbstractSchemaLoader::loadSyntaxes:public,transient:1:org.apache.directory.api.ldap.model.schema.registries.Schema[]:java.util.List::3PP
org.apache.directory.api.ldap.schema.loader:LdifSchemaLoader:public:org.apache.directory.api.ldap.model.schema.registries.AbstractSchemaLoader::loadAttributeTypes:public,transient:1:org.apache.directory.api.ldap.model.schema.registries.Schema[]:java.util.List::3PP
org.apache.directory.api.ldap.schema.loader:LdifSchemaLoader:public:org.apache.directory.api.ldap.model.schema.registries.AbstractSchemaLoader::loadMatchingRuleUses:public,transient:1:org.apache.directory.api.ldap.model.schema.registries.Schema[]:java.util.List::3PP
org.apache.directory.api.ldap.schema.loader:LdifSchemaLoader:public:org.apache.directory.api.ldap.model.schema.registries.AbstractSchemaLoader::loadNameForms:public,transient:1:org.apache.directory.api.ldap.model.schema.registries.Schema[]:java.util.List::3PP
org.apache.directory.api.ldap.schema.loader:LdifSchemaLoader:public:org.apache.directory.api.ldap.model.schema.registries.AbstractSchemaLoader::loadDitContentRules:public,transient:1:org.apache.directory.api.ldap.model.schema.registries.Schema[]:java.util.List::3PP
org.apache.directory.api.ldap.schema.loader:LdifSchemaLoader:public:org.apache.directory.api.ldap.model.schema.registries.AbstractSchemaLoader::loadDitStructureRules:public,transient:1:org.apache.directory.api.ldap.model.schema.registries.Schema[]:java.util.List::3PP
org.apache.directory.api.ldap.schema.loader:LdifSchemaLoader:public:org.apache.directory.api.ldap.model.schema.registries.AbstractSchemaLoader::loadObjectClasses:public,transient:1:org.apache.directory.api.ldap.model.schema.registries.Schema[]:java.util.List::3PP
org.apache.directory.api.ldap.schema.loader:LdifSchemaLoader:public:org.apache.directory.api.ldap.model.schema.registries.AbstractSchemaLoader::<clinit>:static:0::void::3PP
org.apache.directory.api.ldap.schema.loader:SchemaEntityFactory$1::java.lang.Object:java.security.PrivilegedAction:<init>::1:org.apache.directory.api.ldap.schema.loader.SchemaEntityFactory:void::3PP
org.apache.directory.api.ldap.schema.loader:SchemaEntityFactory$1::java.lang.Object:java.security.PrivilegedAction:run:public:0::org.apache.directory.api.ldap.schema.loader.AttributeClassLoader::3PP
org.apache.directory.api.ldap.schema.loader:SchemaEntityFactory$1::java.lang.Object:java.security.PrivilegedAction:run:public,volatile:0::java.lang.Object::3PP
org.apache.directory.api.ldap.schema.loader:SchemaEntityFactory:public:java.lang.Object:org.apache.directory.api.ldap.schema.loader.EntityFactory:<init>:public:0::void::3PP
org.apache.directory.api.ldap.schema.loader:SchemaEntityFactory:public:java.lang.Object:org.apache.directory.api.ldap.schema.loader.EntityFactory:getOid:private:3:org.apache.directory.api.ldap.model.entry.Entry,java.lang.String,boolean:java.lang.String::3PP
org.apache.directory.api.ldap.schema.loader:SchemaEntityFactory:public:java.lang.Object:org.apache.directory.api.ldap.schema.loader.EntityFactory:getOid:private:2:org.apache.directory.api.ldap.model.schema.SchemaObject,java.lang.String:java.lang.String::3PP
org.apache.directory.api.ldap.schema.loader:SchemaEntityFactory:public:java.lang.Object:org.apache.directory.api.ldap.schema.loader.EntityFactory:checkEntry:private:2:org.apache.directory.api.ldap.model.entry.Entry,java.lang.String:void::3PP
org.apache.directory.api.ldap.schema.loader:SchemaEntityFactory:public:java.lang.Object:org.apache.directory.api.ldap.schema.loader.EntityFactory:checkDescription:private:2:org.apache.directory.api.ldap.model.schema.SchemaObject,java.lang.String:void::3PP
org.apache.directory.api.ldap.schema.loader:SchemaEntityFactory:public:java.lang.Object:org.apache.directory.api.ldap.schema.loader.EntityFactory:getSchema:private:2:java.lang.String,org.apache.directory.api.ldap.model.schema.registries.Registries:org.apache.directory.api.ldap.model.schema.registries.Schema::3PP
org.apache.directory.api.ldap.schema.loader:SchemaEntityFactory:public:java.lang.Object:org.apache.directory.api.ldap.schema.loader.EntityFactory:getSchema:public:1:org.apache.directory.api.ldap.model.entry.Entry:org.apache.directory.api.ldap.model.schema.registries.Schema::3PP
org.apache.directory.api.ldap.schema.loader:SchemaEntityFactory:public:java.lang.Object:org.apache.directory.api.ldap.schema.loader.EntityFactory:classLoadSyntaxChecker:private:4:org.apache.directory.api.ldap.model.schema.SchemaManager,java.lang.String,java.lang.String,org.apache.directory.api.ldap.model.entry.Attribute:org.apache.directory.api.ldap.model.schema.SyntaxChecker::3PP
org.apache.directory.api.ldap.schema.loader:SchemaEntityFactory:public:java.lang.Object:org.apache.directory.api.ldap.schema.loader.EntityFactory:getSyntaxChecker:public:4:org.apache.directory.api.ldap.model.schema.SchemaManager,org.apache.directory.api.ldap.model.entry.Entry,org.apache.directory.api.ldap.model.schema.registries.Registries,java.lang.String:org.apache.directory.api.ldap.model.schema.SyntaxChecker::3PP
org.apache.directory.api.ldap.schema.loader:SchemaEntityFactory:public:java.lang.Object:org.apache.directory.api.ldap.schema.loader.EntityFactory:getSyntaxChecker:public:4:org.apache.directory.api.ldap.model.schema.SchemaManager,org.apache.directory.api.ldap.model.schema.parsers.SyntaxCheckerDescription,org.apache.directory.api.ldap.model.schema.registries.Registries,java.lang.String:org.apache.directory.api.ldap.model.schema.SyntaxChecker::3PP
org.apache.directory.api.ldap.schema.loader:SchemaEntityFactory:public:java.lang.Object:org.apache.directory.api.ldap.schema.loader.EntityFactory:classLoadComparator:private:4:org.apache.directory.api.ldap.model.schema.SchemaManager,java.lang.String,java.lang.String,org.apache.directory.api.ldap.model.entry.Attribute:org.apache.directory.api.ldap.model.schema.LdapComparator::3PP
org.apache.directory.api.ldap.schema.loader:SchemaEntityFactory:public:java.lang.Object:org.apache.directory.api.ldap.schema.loader.EntityFactory:getLdapComparator:public:4:org.apache.directory.api.ldap.model.schema.SchemaManager,org.apache.directory.api.ldap.model.schema.parsers.LdapComparatorDescription,org.apache.directory.api.ldap.model.schema.registries.Registries,java.lang.String:org.apache.directory.api.ldap.model.schema.LdapComparator::3PP
org.apache.directory.api.ldap.schema.loader:SchemaEntityFactory:public:java.lang.Object:org.apache.directory.api.ldap.schema.loader.EntityFactory:getLdapComparator:public:4:org.apache.directory.api.ldap.model.schema.SchemaManager,org.apache.directory.api.ldap.model.entry.Entry,org.apache.directory.api.ldap.model.schema.registries.Registries,java.lang.String:org.apache.directory.api.ldap.model.schema.LdapComparator::3PP
org.apache.directory.api.ldap.schema.loader:SchemaEntityFactory:public:java.lang.Object:org.apache.directory.api.ldap.schema.loader.EntityFactory:classLoadNormalizer:private:4:org.apache.directory.api.ldap.model.schema.SchemaManager,java.lang.String,java.lang.String,org.apache.directory.api.ldap.model.entry.Attribute:org.apache.directory.api.ldap.model.schema.Normalizer::3PP
org.apache.directory.api.ldap.schema.loader:SchemaEntityFactory:public:java.lang.Object:org.apache.directory.api.ldap.schema.loader.EntityFactory:getNormalizer:public:4:org.apache.directory.api.ldap.model.schema.SchemaManager,org.apache.directory.api.ldap.model.schema.parsers.NormalizerDescription,org.apache.directory.api.ldap.model.schema.registries.Registries,java.lang.String:org.apache.directory.api.ldap.model.schema.Normalizer::3PP
org.apache.directory.api.ldap.schema.loader:SchemaEntityFactory:public:java.lang.Object:org.apache.directory.api.ldap.schema.loader.EntityFactory:getNormalizer:public:4:org.apache.directory.api.ldap.model.schema.SchemaManager,org.apache.directory.api.ldap.model.entry.Entry,org.apache.directory.api.ldap.model.schema.registries.Registries,java.lang.String:org.apache.directory.api.ldap.model.schema.Normalizer::3PP
org.apache.directory.api.ldap.schema.loader:SchemaEntityFactory:public:java.lang.Object:org.apache.directory.api.ldap.schema.loader.EntityFactory:getSyntax:public:4:org.apache.directory.api.ldap.model.schema.SchemaManager,org.apache.directory.api.ldap.model.entry.Entry,org.apache.directory.api.ldap.model.schema.registries.Registries,java.lang.String:org.apache.directory.api.ldap.model.schema.LdapSyntax::3PP
org.apache.directory.api.ldap.schema.loader:SchemaEntityFactory:public:java.lang.Object:org.apache.directory.api.ldap.schema.loader.EntityFactory:getMatchingRule:public:4:org.apache.directory.api.ldap.model.schema.SchemaManager,org.apache.directory.api.ldap.model.entry.Entry,org.apache.directory.api.ldap.model.schema.registries.Registries,java.lang.String:org.apache.directory.api.ldap.model.schema.MatchingRule::3PP
org.apache.directory.api.ldap.schema.loader:SchemaEntityFactory:public:java.lang.Object:org.apache.directory.api.ldap.schema.loader.EntityFactory:getStrings:private:1:org.apache.directory.api.ldap.model.entry.Attribute:java.util.List::3PP
org.apache.directory.api.ldap.schema.loader:SchemaEntityFactory:public:java.lang.Object:org.apache.directory.api.ldap.schema.loader.EntityFactory:getObjectClass:public:4:org.apache.directory.api.ldap.model.schema.SchemaManager,org.apache.directory.api.ldap.model.entry.Entry,org.apache.directory.api.ldap.model.schema.registries.Registries,java.lang.String:org.apache.directory.api.ldap.model.schema.ObjectClass::3PP
org.apache.directory.api.ldap.schema.loader:SchemaEntityFactory:public:java.lang.Object:org.apache.directory.api.ldap.schema.loader.EntityFactory:getAttributeType:public:4:org.apache.directory.api.ldap.model.schema.SchemaManager,org.apache.directory.api.ldap.model.entry.Entry,org.apache.directory.api.ldap.model.schema.registries.Registries,java.lang.String:org.apache.directory.api.ldap.model.schema.AttributeType::3PP
org.apache.directory.api.ldap.schema.loader:SchemaEntityFactory:public:java.lang.Object:org.apache.directory.api.ldap.schema.loader.EntityFactory:getFqcn:private:2:org.apache.directory.api.ldap.model.entry.Entry,java.lang.String:java.lang.String::3PP
org.apache.directory.api.ldap.schema.loader:SchemaEntityFactory:public:java.lang.Object:org.apache.directory.api.ldap.schema.loader.EntityFactory:getFqcn:private:2:org.apache.directory.api.ldap.model.schema.LoadableSchemaObject,java.lang.String:java.lang.String::3PP
org.apache.directory.api.ldap.schema.loader:SchemaEntityFactory:public:java.lang.Object:org.apache.directory.api.ldap.schema.loader.EntityFactory:getByteCode:private:2:org.apache.directory.api.ldap.model.schema.LoadableSchemaObject,java.lang.String:org.apache.directory.api.ldap.model.entry.Attribute::3PP
org.apache.directory.api.ldap.schema.loader:SchemaEntityFactory:public:java.lang.Object:org.apache.directory.api.ldap.schema.loader.EntityFactory:setSchemaObjectProperties:private:3:org.apache.directory.api.ldap.model.schema.SchemaObject,org.apache.directory.api.ldap.model.entry.Entry,org.apache.directory.api.ldap.model.schema.registries.Schema:void::3PP
org.apache.directory.api.ldap.schema.loader:SchemaEntityFactory:public:java.lang.Object:org.apache.directory.api.ldap.schema.loader.EntityFactory:setSchemaObjectProperties:private:3:org.apache.directory.api.ldap.model.schema.SchemaObject,org.apache.directory.api.ldap.model.schema.SchemaObject,org.apache.directory.api.ldap.model.schema.registries.Schema:void::3PP
org.apache.directory.api.ldap.schema.loader:SchemaEntityFactory:public:java.lang.Object:org.apache.directory.api.ldap.schema.loader.EntityFactory:<clinit>:static:0::void::3PP
org.apache.directory.api.ldap.schema.loader:SchemaMarker::java.lang.Object::<init>::1:int:void::3PP
org.apache.directory.api.ldap.schema.loader:SchemaMarker::java.lang.Object::setEnd:public:1:int:void::3PP
org.apache.directory.api.ldap.schema.loader:SchemaMarker::java.lang.Object::getStart:public:0::int::3PP
org.apache.directory.api.ldap.schema.loader:SchemaMarker::java.lang.Object::getEnd:public:0::int::3PP
org.apache.directory.api.ldap.schema.loader:SingleLdifSchemaLoader:public:org.apache.directory.api.ldap.model.schema.registries.AbstractSchemaLoader::<init>:public:0::void::3PP
org.apache.directory.api.ldap.schema.loader:SingleLdifSchemaLoader:public:org.apache.directory.api.ldap.model.schema.registries.AbstractSchemaLoader::<init>:public:1:java.lang.String:void::3PP
org.apache.directory.api.ldap.schema.loader:SingleLdifSchemaLoader:public:org.apache.directory.api.ldap.model.schema.registries.AbstractSchemaLoader::<init>:public:1:java.net.URL:void::3PP
org.apache.directory.api.ldap.schema.loader:SingleLdifSchemaLoader:public:org.apache.directory.api.ldap.model.schema.registries.AbstractSchemaLoader::initializeSchemas:private:1:java.io.InputStream:void::3PP
org.apache.directory.api.ldap.schema.loader:SingleLdifSchemaLoader:public:org.apache.directory.api.ldap.model.schema.registries.AbstractSchemaLoader::loadSchemaObject:private:2:java.lang.String,org.apache.directory.api.ldap.model.ldif.LdifEntry:void::3PP
org.apache.directory.api.ldap.schema.loader:SingleLdifSchemaLoader:public:org.apache.directory.api.ldap.model.schema.registries.AbstractSchemaLoader::loadSchemaObjects:private,transient:2:java.lang.String,org.apache.directory.api.ldap.model.schema.registries.Schema[]:java.util.List::3PP
org.apache.directory.api.ldap.schema.loader:SingleLdifSchemaLoader:public:org.apache.directory.api.ldap.model.schema.registries.AbstractSchemaLoader::loadAttributeTypes:public,transient:1:org.apache.directory.api.ldap.model.schema.registries.Schema[]:java.util.List::3PP
org.apache.directory.api.ldap.schema.loader:SingleLdifSchemaLoader:public:org.apache.directory.api.ldap.model.schema.registries.AbstractSchemaLoader::loadComparators:public,transient:1:org.apache.directory.api.ldap.model.schema.registries.Schema[]:java.util.List::3PP
org.apache.directory.api.ldap.schema.loader:SingleLdifSchemaLoader:public:org.apache.directory.api.ldap.model.schema.registries.AbstractSchemaLoader::loadDitContentRules:public,transient:1:org.apache.directory.api.ldap.model.schema.registries.Schema[]:java.util.List::3PP
org.apache.directory.api.ldap.schema.loader:SingleLdifSchemaLoader:public:org.apache.directory.api.ldap.model.schema.registries.AbstractSchemaLoader::loadDitStructureRules:public,transient:1:org.apache.directory.api.ldap.model.schema.registries.Schema[]:java.util.List::3PP
org.apache.directory.api.ldap.schema.loader:SingleLdifSchemaLoader:public:org.apache.directory.api.ldap.model.schema.registries.AbstractSchemaLoader::loadMatchingRules:public,transient:1:org.apache.directory.api.ldap.model.schema.registries.Schema[]:java.util.List::3PP
org.apache.directory.api.ldap.schema.loader:SingleLdifSchemaLoader:public:org.apache.directory.api.ldap.model.schema.registries.AbstractSchemaLoader::loadMatchingRuleUses:public,transient:1:org.apache.directory.api.ldap.model.schema.registries.Schema[]:java.util.List::3PP
org.apache.directory.api.ldap.schema.loader:SingleLdifSchemaLoader:public:org.apache.directory.api.ldap.model.schema.registries.AbstractSchemaLoader::loadNameForms:public,transient:1:org.apache.directory.api.ldap.model.schema.registries.Schema[]:java.util.List::3PP
org.apache.directory.api.ldap.schema.loader:SingleLdifSchemaLoader:public:org.apache.directory.api.ldap.model.schema.registries.AbstractSchemaLoader::loadNormalizers:public,transient:1:org.apache.directory.api.ldap.model.schema.registries.Schema[]:java.util.List::3PP
org.apache.directory.api.ldap.schema.loader:SingleLdifSchemaLoader:public:org.apache.directory.api.ldap.model.schema.registries.AbstractSchemaLoader::loadObjectClasses:public,transient:1:org.apache.directory.api.ldap.model.schema.registries.Schema[]:java.util.List::3PP
org.apache.directory.api.ldap.schema.loader:SingleLdifSchemaLoader:public:org.apache.directory.api.ldap.model.schema.registries.AbstractSchemaLoader::loadSyntaxes:public,transient:1:org.apache.directory.api.ldap.model.schema.registries.Schema[]:java.util.List::3PP
org.apache.directory.api.ldap.schema.loader:SingleLdifSchemaLoader:public:org.apache.directory.api.ldap.model.schema.registries.AbstractSchemaLoader::loadSyntaxCheckers:public,transient:1:org.apache.directory.api.ldap.model.schema.registries.Schema[]:java.util.List::3PP
org.apache.directory.api.ldap.schema.loader:SingleLdifSchemaLoader:public:org.apache.directory.api.ldap.model.schema.registries.AbstractSchemaLoader::<clinit>:static:0::void::3PP
org.apache.directory.api.ldap.schema.manager.impl:DefaultSchemaManager:public:java.lang.Object:org.apache.directory.api.ldap.model.schema.SchemaManager:<init>:public:0::void::3PP
org.apache.directory.api.ldap.schema.manager.impl:DefaultSchemaManager:public:java.lang.Object:org.apache.directory.api.ldap.model.schema.SchemaManager:jarLdifSchemaLoader:private,static:0::org.apache.directory.api.ldap.model.schema.registries.SchemaLoader::3PP
org.apache.directory.api.ldap.schema.manager.impl:DefaultSchemaManager:public:java.lang.Object:org.apache.directory.api.ldap.model.schema.SchemaManager:<init>:public:1:java.util.Collection:void::3PP
org.apache.directory.api.ldap.schema.manager.impl:DefaultSchemaManager:public:java.lang.Object:org.apache.directory.api.ldap.model.schema.SchemaManager:<init>:public:1:org.apache.directory.api.ldap.model.schema.registries.SchemaLoader:void::3PP
org.apache.directory.api.ldap.schema.manager.impl:DefaultSchemaManager:public:java.lang.Object:org.apache.directory.api.ldap.model.schema.SchemaManager:<init>:public:2:boolean,java.util.Collection:void::3PP
org.apache.directory.api.ldap.schema.manager.impl:DefaultSchemaManager:public:java.lang.Object:org.apache.directory.api.ldap.model.schema.SchemaManager:cloneRegistries:private:0::org.apache.directory.api.ldap.model.schema.registries.Registries::3PP
org.apache.directory.api.ldap.schema.manager.impl:DefaultSchemaManager:public:java.lang.Object:org.apache.directory.api.ldap.model.schema.SchemaManager:toArray:private,transient:1:java.lang.String[]:org.apache.directory.api.ldap.model.schema.registries.Schema[]::3PP
org.apache.directory.api.ldap.schema.manager.impl:DefaultSchemaManager:public:java.lang.Object:org.apache.directory.api.ldap.model.schema.SchemaManager:addSchemaObjects:protected:2:org.apache.directory.api.ldap.model.schema.registries.Schema,org.apache.directory.api.ldap.model.schema.registries.Registries:void::3PP
org.apache.directory.api.ldap.schema.manager.impl:DefaultSchemaManager:public:java.lang.Object:org.apache.directory.api.ldap.model.schema.SchemaManager:deleteSchemaObjects:private:2:org.apache.directory.api.ldap.model.schema.registries.Schema,org.apache.directory.api.ldap.model.schema.registries.Registries:void::3PP
org.apache.directory.api.ldap.schema.manager.impl:DefaultSchemaManager:public:java.lang.Object:org.apache.directory.api.ldap.model.schema.SchemaManager:disable:public,transient:1:org.apache.directory.api.ldap.model.schema.registries.Schema[]:boolean::3PP
org.apache.directory.api.ldap.schema.manager.impl:DefaultSchemaManager:public:java.lang.Object:org.apache.directory.api.ldap.model.schema.SchemaManager:disable:public,transient:1:java.lang.String[]:boolean::3PP
org.apache.directory.api.ldap.schema.manager.impl:DefaultSchemaManager:public:java.lang.Object:org.apache.directory.api.ldap.model.schema.SchemaManager:disabledRelaxed:public,transient:1:org.apache.directory.api.ldap.model.schema.registries.Schema[]:boolean::3PP
org.apache.directory.api.ldap.schema.manager.impl:DefaultSchemaManager:public:java.lang.Object:org.apache.directory.api.ldap.model.schema.SchemaManager:disabledRelaxed:public,transient:1:java.lang.String[]:boolean::3PP
org.apache.directory.api.ldap.schema.manager.impl:DefaultSchemaManager:public:java.lang.Object:org.apache.directory.api.ldap.model.schema.SchemaManager:getDisabled:public:0::java.util.List::3PP
org.apache.directory.api.ldap.schema.manager.impl:DefaultSchemaManager:public:java.lang.Object:org.apache.directory.api.ldap.model.schema.SchemaManager:enable:public,transient:1:org.apache.directory.api.ldap.model.schema.registries.Schema[]:boolean::3PP
org.apache.directory.api.ldap.schema.manager.impl:DefaultSchemaManager:public:java.lang.Object:org.apache.directory.api.ldap.model.schema.SchemaManager:enable:public,transient:1:java.lang.String[]:boolean::3PP
org.apache.directory.api.ldap.schema.manager.impl:DefaultSchemaManager:public:java.lang.Object:org.apache.directory.api.ldap.model.schema.SchemaManager:enableRelaxed:public,transient:1:org.apache.directory.api.ldap.model.schema.registries.Schema[]:boolean::3PP
org.apache.directory.api.ldap.schema.manager.impl:DefaultSchemaManager:public:java.lang.Object:org.apache.directory.api.ldap.model.schema.SchemaManager:enableRelaxed:public,transient:1:java.lang.String[]:boolean::3PP
org.apache.directory.api.ldap.schema.manager.impl:DefaultSchemaManager:public:java.lang.Object:org.apache.directory.api.ldap.model.schema.SchemaManager:getEnabled:public:0::java.util.List::3PP
org.apache.directory.api.ldap.schema.manager.impl:DefaultSchemaManager:public:java.lang.Object:org.apache.directory.api.ldap.model.schema.SchemaManager:getAllSchemas:public:0::java.util.List::3PP
org.apache.directory.api.ldap.schema.manager.impl:DefaultSchemaManager:public:java.lang.Object:org.apache.directory.api.ldap.model.schema.SchemaManager:getErrors:public:0::java.util.List::3PP
org.apache.directory.api.ldap.schema.manager.impl:DefaultSchemaManager:public:java.lang.Object:org.apache.directory.api.ldap.model.schema.SchemaManager:getRegistries:public:0::org.apache.directory.api.ldap.model.schema.registries.Registries::3PP
org.apache.directory.api.ldap.schema.manager.impl:DefaultSchemaManager:public:java.lang.Object:org.apache.directory.api.ldap.model.schema.SchemaManager:isDisabledAccepted:public:0::boolean::3PP
org.apache.directory.api.ldap.schema.manager.impl:DefaultSchemaManager:public:java.lang.Object:org.apache.directory.api.ldap.model.schema.SchemaManager:load:public,transient:1:org.apache.directory.api.ldap.model.schema.registries.Schema[]:boolean::3PP
org.apache.directory.api.ldap.schema.manager.impl:DefaultSchemaManager:public:java.lang.Object:org.apache.directory.api.ldap.model.schema.SchemaManager:load:public,transient:1:java.lang.String[]:boolean::3PP
org.apache.directory.api.ldap.schema.manager.impl:DefaultSchemaManager:public:java.lang.Object:org.apache.directory.api.ldap.model.schema.SchemaManager:load:private:2:org.apache.directory.api.ldap.model.schema.registries.Registries,org.apache.directory.api.ldap.model.schema.registries.Schema:boolean::3PP
org.apache.directory.api.ldap.schema.manager.impl:DefaultSchemaManager:public:java.lang.Object:org.apache.directory.api.ldap.model.schema.SchemaManager:unload:private:2:org.apache.directory.api.ldap.model.schema.registries.Registries,org.apache.directory.api.ldap.model.schema.registries.Schema:boolean::3PP
org.apache.directory.api.ldap.schema.manager.impl:DefaultSchemaManager:public:java.lang.Object:org.apache.directory.api.ldap.model.schema.SchemaManager:addAttributeTypes:private:2:org.apache.directory.api.ldap.model.schema.registries.Schema,org.apache.directory.api.ldap.model.schema.registries.Registries:void::3PP
org.apache.directory.api.ldap.schema.manager.impl:DefaultSchemaManager:public:java.lang.Object:org.apache.directory.api.ldap.model.schema.SchemaManager:addComparators:private:2:org.apache.directory.api.ldap.model.schema.registries.Schema,org.apache.directory.api.ldap.model.schema.registries.Registries:void::3PP
org.apache.directory.api.ldap.schema.manager.impl:DefaultSchemaManager:public:java.lang.Object:org.apache.directory.api.ldap.model.schema.SchemaManager:addMatchingRules:private:2:org.apache.directory.api.ldap.model.schema.registries.Schema,org.apache.directory.api.ldap.model.schema.registries.Registries:void::3PP
org.apache.directory.api.ldap.schema.manager.impl:DefaultSchemaManager:public:java.lang.Object:org.apache.directory.api.ldap.model.schema.SchemaManager:addNormalizers:private:2:org.apache.directory.api.ldap.model.schema.registries.Schema,org.apache.directory.api.ldap.model.schema.registries.Registries:void::3PP
org.apache.directory.api.ldap.schema.manager.impl:DefaultSchemaManager:public:java.lang.Object:org.apache.directory.api.ldap.model.schema.SchemaManager:addObjectClasses:private:2:org.apache.directory.api.ldap.model.schema.registries.Schema,org.apache.directory.api.ldap.model.schema.registries.Registries:void::3PP
org.apache.directory.api.ldap.schema.manager.impl:DefaultSchemaManager:public:java.lang.Object:org.apache.directory.api.ldap.model.schema.SchemaManager:addSyntaxes:private:2:org.apache.directory.api.ldap.model.schema.registries.Schema,org.apache.directory.api.ldap.model.schema.registries.Registries:void::3PP
org.apache.directory.api.ldap.schema.manager.impl:DefaultSchemaManager:public:java.lang.Object:org.apache.directory.api.ldap.model.schema.SchemaManager:addSyntaxCheckers:private:2:org.apache.directory.api.ldap.model.schema.registries.Schema,org.apache.directory.api.ldap.model.schema.registries.Registries:void::3PP
org.apache.directory.api.ldap.schema.manager.impl:DefaultSchemaManager:public:java.lang.Object:org.apache.directory.api.ldap.model.schema.SchemaManager:addSchemaObject:protected:3:org.apache.directory.api.ldap.model.schema.registries.Registries,org.apache.directory.api.ldap.model.schema.SchemaObject,org.apache.directory.api.ldap.model.schema.registries.Schema:org.apache.directory.api.ldap.model.schema.SchemaObject::3PP
org.apache.directory.api.ldap.schema.manager.impl:DefaultSchemaManager:public:java.lang.Object:org.apache.directory.api.ldap.model.schema.SchemaManager:loadAllEnabled:public:0::boolean::3PP
org.apache.directory.api.ldap.schema.manager.impl:DefaultSchemaManager:public:java.lang.Object:org.apache.directory.api.ldap.model.schema.SchemaManager:loadAllEnabledRelaxed:public:0::boolean::3PP
org.apache.directory.api.ldap.schema.manager.impl:DefaultSchemaManager:public:java.lang.Object:org.apache.directory.api.ldap.model.schema.SchemaManager:loadDisabled:public,transient:1:org.apache.directory.api.ldap.model.schema.registries.Schema[]:boolean::3PP
org.apache.directory.api.ldap.schema.manager.impl:DefaultSchemaManager:public:java.lang.Object:org.apache.directory.api.ldap.model.schema.SchemaManager:loadDisabled:public,transient:1:java.lang.String[]:boolean::3PP
org.apache.directory.api.ldap.schema.manager.impl:DefaultSchemaManager:public:java.lang.Object:org.apache.directory.api.ldap.model.schema.SchemaManager:loadRelaxed:public,transient:1:org.apache.directory.api.ldap.model.schema.registries.Schema[]:boolean::3PP
org.apache.directory.api.ldap.schema.manager.impl:DefaultSchemaManager:public:java.lang.Object:org.apache.directory.api.ldap.model.schema.SchemaManager:loadRelaxed:public,transient:1:java.lang.String[]:boolean::3PP
org.apache.directory.api.ldap.schema.manager.impl:DefaultSchemaManager:public:java.lang.Object:org.apache.directory.api.ldap.model.schema.SchemaManager:loadWithDeps:public,transient:1:org.apache.directory.api.ldap.model.schema.registries.Schema[]:boolean::3PP
org.apache.directory.api.ldap.schema.manager.impl:DefaultSchemaManager:public:java.lang.Object:org.apache.directory.api.ldap.model.schema.SchemaManager:loadWithDeps:public,transient:1:java.lang.String[]:boolean::3PP
org.apache.directory.api.ldap.schema.manager.impl:DefaultSchemaManager:public:java.lang.Object:org.apache.directory.api.ldap.model.schema.SchemaManager:loadDepsFirst:private:2:org.apache.directory.api.ldap.model.schema.registries.Registries,org.apache.directory.api.ldap.model.schema.registries.Schema:void::3PP
org.apache.directory.api.ldap.schema.manager.impl:DefaultSchemaManager:public:java.lang.Object:org.apache.directory.api.ldap.model.schema.SchemaManager:loadWithDepsRelaxed:public,transient:1:org.apache.directory.api.ldap.model.schema.registries.Schema[]:boolean::3PP
org.apache.directory.api.ldap.schema.manager.impl:DefaultSchemaManager:public:java.lang.Object:org.apache.directory.api.ldap.model.schema.SchemaManager:loadWithDepsRelaxed:public,transient:1:java.lang.String[]:boolean::3PP
org.apache.directory.api.ldap.schema.manager.impl:DefaultSchemaManager:public:java.lang.Object:org.apache.directory.api.ldap.model.schema.SchemaManager:loadDepsFirstRelaxed:private:1:org.apache.directory.api.ldap.model.schema.registries.Schema:void::3PP
org.apache.directory.api.ldap.schema.manager.impl:DefaultSchemaManager:public:java.lang.Object:org.apache.directory.api.ldap.model.schema.SchemaManager:setRegistries:public:1:org.apache.directory.api.ldap.model.schema.registries.Registries:void::3PP
org.apache.directory.api.ldap.schema.manager.impl:DefaultSchemaManager:public:java.lang.Object:org.apache.directory.api.ldap.model.schema.SchemaManager:unload:public,transient:1:org.apache.directory.api.ldap.model.schema.registries.Schema[]:boolean::3PP
org.apache.directory.api.ldap.schema.manager.impl:DefaultSchemaManager:public:java.lang.Object:org.apache.directory.api.ldap.model.schema.SchemaManager:unload:public,transient:1:java.lang.String[]:boolean::3PP
org.apache.directory.api.ldap.schema.manager.impl:DefaultSchemaManager:public:java.lang.Object:org.apache.directory.api.ldap.model.schema.SchemaManager:verify:public,transient:1:org.apache.directory.api.ldap.model.schema.registries.Schema[]:boolean::3PP
org.apache.directory.api.ldap.schema.manager.impl:DefaultSchemaManager:public:java.lang.Object:org.apache.directory.api.ldap.model.schema.SchemaManager:verify:public,transient:1:java.lang.String[]:boolean::3PP
org.apache.directory.api.ldap.schema.manager.impl:DefaultSchemaManager:public:java.lang.Object:org.apache.directory.api.ldap.model.schema.SchemaManager:getNamingContext:public:0::org.apache.directory.api.ldap.model.name.Dn::3PP
org.apache.directory.api.ldap.schema.manager.impl:DefaultSchemaManager:public:java.lang.Object:org.apache.directory.api.ldap.model.schema.SchemaManager:initialize:public:0::void::3PP
org.apache.directory.api.ldap.schema.manager.impl:DefaultSchemaManager:public:java.lang.Object:org.apache.directory.api.ldap.model.schema.SchemaManager:getAttributeTypeRegistry:public:0::org.apache.directory.api.ldap.model.schema.registries.AttributeTypeRegistry::3PP
org.apache.directory.api.ldap.schema.manager.impl:DefaultSchemaManager:public:java.lang.Object:org.apache.directory.api.ldap.model.schema.SchemaManager:getComparatorRegistry:public:0::org.apache.directory.api.ldap.model.schema.registries.ComparatorRegistry::3PP
org.apache.directory.api.ldap.schema.manager.impl:DefaultSchemaManager:public:java.lang.Object:org.apache.directory.api.ldap.model.schema.SchemaManager:getDITContentRuleRegistry:public:0::org.apache.directory.api.ldap.model.schema.registries.DitContentRuleRegistry::3PP
org.apache.directory.api.ldap.schema.manager.impl:DefaultSchemaManager:public:java.lang.Object:org.apache.directory.api.ldap.model.schema.SchemaManager:getDITStructureRuleRegistry:public:0::org.apache.directory.api.ldap.model.schema.registries.DitStructureRuleRegistry::3PP
org.apache.directory.api.ldap.schema.manager.impl:DefaultSchemaManager:public:java.lang.Object:org.apache.directory.api.ldap.model.schema.SchemaManager:getMatchingRuleRegistry:public:0::org.apache.directory.api.ldap.model.schema.registries.MatchingRuleRegistry::3PP
org.apache.directory.api.ldap.schema.manager.impl:DefaultSchemaManager:public:java.lang.Object:org.apache.directory.api.ldap.model.schema.SchemaManager:getMatchingRuleUseRegistry:public:0::org.apache.directory.api.ldap.model.schema.registries.MatchingRuleUseRegistry::3PP
org.apache.directory.api.ldap.schema.manager.impl:DefaultSchemaManager:public:java.lang.Object:org.apache.directory.api.ldap.model.schema.SchemaManager:getNameFormRegistry:public:0::org.apache.directory.api.ldap.model.schema.registries.NameFormRegistry::3PP
org.apache.directory.api.ldap.schema.manager.impl:DefaultSchemaManager:public:java.lang.Object:org.apache.directory.api.ldap.model.schema.SchemaManager:getNormalizerRegistry:public:0::org.apache.directory.api.ldap.model.schema.registries.NormalizerRegistry::3PP
org.apache.directory.api.ldap.schema.manager.impl:DefaultSchemaManager:public:java.lang.Object:org.apache.directory.api.ldap.model.schema.SchemaManager:getObjectClassRegistry:public:0::org.apache.directory.api.ldap.model.schema.registries.ObjectClassRegistry::3PP
org.apache.directory.api.ldap.schema.manager.impl:DefaultSchemaManager:public:java.lang.Object:org.apache.directory.api.ldap.model.schema.SchemaManager:getLdapSyntaxRegistry:public:0::org.apache.directory.api.ldap.model.schema.registries.LdapSyntaxRegistry::3PP
org.apache.directory.api.ldap.schema.manager.impl:DefaultSchemaManager:public:java.lang.Object:org.apache.directory.api.ldap.model.schema.SchemaManager:getSyntaxCheckerRegistry:public:0::org.apache.directory.api.ldap.model.schema.registries.SyntaxCheckerRegistry::3PP
org.apache.directory.api.ldap.schema.manager.impl:DefaultSchemaManager:public:java.lang.Object:org.apache.directory.api.ldap.model.schema.SchemaManager:stripOptions:private:1:java.lang.String:java.lang.String::3PP
org.apache.directory.api.ldap.schema.manager.impl:DefaultSchemaManager:public:java.lang.Object:org.apache.directory.api.ldap.model.schema.SchemaManager:lookupAttributeTypeRegistry:public:1:java.lang.String:org.apache.directory.api.ldap.model.schema.AttributeType::3PP
org.apache.directory.api.ldap.schema.manager.impl:DefaultSchemaManager:public:java.lang.Object:org.apache.directory.api.ldap.model.schema.SchemaManager:getAttributeType:public:1:java.lang.String:org.apache.directory.api.ldap.model.schema.AttributeType::3PP
org.apache.directory.api.ldap.schema.manager.impl:DefaultSchemaManager:public:java.lang.Object:org.apache.directory.api.ldap.model.schema.SchemaManager:lookupComparatorRegistry:public:1:java.lang.String:org.apache.directory.api.ldap.model.schema.LdapComparator::3PP
org.apache.directory.api.ldap.schema.manager.impl:DefaultSchemaManager:public:java.lang.Object:org.apache.directory.api.ldap.model.schema.SchemaManager:lookupMatchingRuleRegistry:public:1:java.lang.String:org.apache.directory.api.ldap.model.schema.MatchingRule::3PP
org.apache.directory.api.ldap.schema.manager.impl:DefaultSchemaManager:public:java.lang.Object:org.apache.directory.api.ldap.model.schema.SchemaManager:lookupNormalizerRegistry:public:1:java.lang.String:org.apache.directory.api.ldap.model.schema.Normalizer::3PP
org.apache.directory.api.ldap.schema.manager.impl:DefaultSchemaManager:public:java.lang.Object:org.apache.directory.api.ldap.model.schema.SchemaManager:lookupObjectClassRegistry:public:1:java.lang.String:org.apache.directory.api.ldap.model.schema.ObjectClass::3PP
org.apache.directory.api.ldap.schema.manager.impl:DefaultSchemaManager:public:java.lang.Object:org.apache.directory.api.ldap.model.schema.SchemaManager:lookupLdapSyntaxRegistry:public:1:java.lang.String:org.apache.directory.api.ldap.model.schema.LdapSyntax::3PP
org.apache.directory.api.ldap.schema.manager.impl:DefaultSchemaManager:public:java.lang.Object:org.apache.directory.api.ldap.model.schema.SchemaManager:lookupSyntaxCheckerRegistry:public:1:java.lang.String:org.apache.directory.api.ldap.model.schema.SyntaxChecker::3PP
org.apache.directory.api.ldap.schema.manager.impl:DefaultSchemaManager:public:java.lang.Object:org.apache.directory.api.ldap.model.schema.SchemaManager:checkOidExist:private:1:org.apache.directory.api.ldap.model.schema.SchemaObject:boolean::3PP
org.apache.directory.api.ldap.schema.manager.impl:DefaultSchemaManager:public:java.lang.Object:org.apache.directory.api.ldap.model.schema.SchemaManager:getSchemaObject:private:1:org.apache.directory.api.ldap.model.schema.SchemaObject:org.apache.directory.api.ldap.model.schema.SchemaObject::3PP
org.apache.directory.api.ldap.schema.manager.impl:DefaultSchemaManager:public:java.lang.Object:org.apache.directory.api.ldap.model.schema.SchemaManager:getSchemaName:private:1:org.apache.directory.api.ldap.model.schema.SchemaObject:java.lang.String::3PP
org.apache.directory.api.ldap.schema.manager.impl:DefaultSchemaManager:public:java.lang.Object:org.apache.directory.api.ldap.model.schema.SchemaManager:copy:private:1:org.apache.directory.api.ldap.model.schema.SchemaObject:org.apache.directory.api.ldap.model.schema.SchemaObject::3PP
org.apache.directory.api.ldap.schema.manager.impl:DefaultSchemaManager:public:java.lang.Object:org.apache.directory.api.ldap.model.schema.SchemaManager:add:public:1:org.apache.directory.api.ldap.model.schema.SchemaObject:boolean::3PP
org.apache.directory.api.ldap.schema.manager.impl:DefaultSchemaManager:public:java.lang.Object:org.apache.directory.api.ldap.model.schema.SchemaManager:delete:public:1:org.apache.directory.api.ldap.model.schema.SchemaObject:boolean::3PP
org.apache.directory.api.ldap.schema.manager.impl:DefaultSchemaManager:public:java.lang.Object:org.apache.directory.api.ldap.model.schema.SchemaManager:getNormalizerMapping:public:0::java.util.Map::3PP
org.apache.directory.api.ldap.schema.manager.impl:DefaultSchemaManager:public:java.lang.Object:org.apache.directory.api.ldap.model.schema.SchemaManager:getGlobalOidRegistry:public:0::org.apache.directory.api.ldap.model.schema.registries.OidRegistry::3PP
org.apache.directory.api.ldap.schema.manager.impl:DefaultSchemaManager:public:java.lang.Object:org.apache.directory.api.ldap.model.schema.SchemaManager:getLoadedSchema:public:1:java.lang.String:org.apache.directory.api.ldap.model.schema.registries.Schema::3PP
org.apache.directory.api.ldap.schema.manager.impl:DefaultSchemaManager:public:java.lang.Object:org.apache.directory.api.ldap.model.schema.SchemaManager:isSchemaLoaded:public:1:java.lang.String:boolean::3PP
org.apache.directory.api.ldap.schema.manager.impl:DefaultSchemaManager:public:java.lang.Object:org.apache.directory.api.ldap.model.schema.SchemaManager:unregisterAttributeType:public:1:java.lang.String:org.apache.directory.api.ldap.model.schema.SchemaObject::3PP
org.apache.directory.api.ldap.schema.manager.impl:DefaultSchemaManager:public:java.lang.Object:org.apache.directory.api.ldap.model.schema.SchemaManager:unregisterComparator:public:1:java.lang.String:org.apache.directory.api.ldap.model.schema.SchemaObject::3PP
org.apache.directory.api.ldap.schema.manager.impl:DefaultSchemaManager:public:java.lang.Object:org.apache.directory.api.ldap.model.schema.SchemaManager:unregisterDitControlRule:public:1:java.lang.String:org.apache.directory.api.ldap.model.schema.SchemaObject::3PP
org.apache.directory.api.ldap.schema.manager.impl:DefaultSchemaManager:public:java.lang.Object:org.apache.directory.api.ldap.model.schema.SchemaManager:unregisterDitStructureRule:public:1:java.lang.String:org.apache.directory.api.ldap.model.schema.SchemaObject::3PP
org.apache.directory.api.ldap.schema.manager.impl:DefaultSchemaManager:public:java.lang.Object:org.apache.directory.api.ldap.model.schema.SchemaManager:unregisterLdapSyntax:public:1:java.lang.String:org.apache.directory.api.ldap.model.schema.SchemaObject::3PP
org.apache.directory.api.ldap.schema.manager.impl:DefaultSchemaManager:public:java.lang.Object:org.apache.directory.api.ldap.model.schema.SchemaManager:unregisterMatchingRule:public:1:java.lang.String:org.apache.directory.api.ldap.model.schema.SchemaObject::3PP
org.apache.directory.api.ldap.schema.manager.impl:DefaultSchemaManager:public:java.lang.Object:org.apache.directory.api.ldap.model.schema.SchemaManager:unregisterMatchingRuleUse:public:1:java.lang.String:org.apache.directory.api.ldap.model.schema.SchemaObject::3PP
org.apache.directory.api.ldap.schema.manager.impl:DefaultSchemaManager:public:java.lang.Object:org.apache.directory.api.ldap.model.schema.SchemaManager:unregisterNameForm:public:1:java.lang.String:org.apache.directory.api.ldap.model.schema.SchemaObject::3PP
org.apache.directory.api.ldap.schema.manager.impl:DefaultSchemaManager:public:java.lang.Object:org.apache.directory.api.ldap.model.schema.SchemaManager:unregisterNormalizer:public:1:java.lang.String:org.apache.directory.api.ldap.model.schema.SchemaObject::3PP
org.apache.directory.api.ldap.schema.manager.impl:DefaultSchemaManager:public:java.lang.Object:org.apache.directory.api.ldap.model.schema.SchemaManager:unregisterObjectClass:public:1:java.lang.String:org.apache.directory.api.ldap.model.schema.SchemaObject::3PP
org.apache.directory.api.ldap.schema.manager.impl:DefaultSchemaManager:public:java.lang.Object:org.apache.directory.api.ldap.model.schema.SchemaManager:unregisterSyntaxChecker:public:1:java.lang.String:org.apache.directory.api.ldap.model.schema.SchemaObject::3PP
org.apache.directory.api.ldap.schema.manager.impl:DefaultSchemaManager:public:java.lang.Object:org.apache.directory.api.ldap.model.schema.SchemaManager:isRelaxed:public:0::boolean::3PP
org.apache.directory.api.ldap.schema.manager.impl:DefaultSchemaManager:public:java.lang.Object:org.apache.directory.api.ldap.model.schema.SchemaManager:isStrict:public:0::boolean::3PP
org.apache.directory.api.ldap.schema.manager.impl:DefaultSchemaManager:public:java.lang.Object:org.apache.directory.api.ldap.model.schema.SchemaManager:listDependentSchemaNames:public:1:java.lang.String:java.util.Set::3PP
org.apache.directory.api.ldap.schema.manager.impl:DefaultSchemaManager:public:java.lang.Object:org.apache.directory.api.ldap.model.schema.SchemaManager:setRelaxed:public:0::void::3PP
org.apache.directory.api.ldap.schema.manager.impl:DefaultSchemaManager:public:java.lang.Object:org.apache.directory.api.ldap.model.schema.SchemaManager:setStrict:public:0::void::3PP
org.apache.directory.api.ldap.schema.manager.impl:DefaultSchemaManager:public:java.lang.Object:org.apache.directory.api.ldap.model.schema.SchemaManager:getErrorHandler:public:0::org.apache.directory.api.ldap.model.schema.SchemaErrorHandler::3PP
org.apache.directory.api.ldap.schema.manager.impl:DefaultSchemaManager:public:java.lang.Object:org.apache.directory.api.ldap.model.schema.SchemaManager:setErrorHandler:public:1:org.apache.directory.api.ldap.model.schema.SchemaErrorHandler:void::3PP
org.apache.directory.api.ldap.schema.manager.impl:DefaultSchemaManager:public:java.lang.Object:org.apache.directory.api.ldap.model.schema.SchemaManager:isDisabled:public:1:java.lang.String:boolean::3PP
org.apache.directory.api.ldap.schema.manager.impl:DefaultSchemaManager:public:java.lang.Object:org.apache.directory.api.ldap.model.schema.SchemaManager:isDisabled:public:1:org.apache.directory.api.ldap.model.schema.registries.Schema:boolean::3PP
org.apache.directory.api.ldap.schema.manager.impl:DefaultSchemaManager:public:java.lang.Object:org.apache.directory.api.ldap.model.schema.SchemaManager:isEnabled:public:1:java.lang.String:boolean::3PP
org.apache.directory.api.ldap.schema.manager.impl:DefaultSchemaManager:public:java.lang.Object:org.apache.directory.api.ldap.model.schema.SchemaManager:isEnabled:public:1:org.apache.directory.api.ldap.model.schema.registries.Schema:boolean::3PP
org.apache.directory.api.ldap.schema.manager.impl:DefaultSchemaManager:public:java.lang.Object:org.apache.directory.api.ldap.model.schema.SchemaManager:getAllSchemas:public,volatile:0::java.util.Collection::3PP
org.apache.directory.api.ldap.schema.manager.impl:DefaultSchemaManager:public:java.lang.Object:org.apache.directory.api.ldap.model.schema.SchemaManager:getEnabled:public,volatile:0::java.util.Collection::3PP
org.apache.directory.api.ldap.schema.manager.impl:DefaultSchemaManager:public:java.lang.Object:org.apache.directory.api.ldap.model.schema.SchemaManager:<clinit>:static:0::void::3PP
