org.objectweb.asm.commons:AdviceAdapter:public,abstract:org.objectweb.asm.commons.GeneratorAdapter:org.objectweb.asm.Opcodes:<init>:protected:4:org.objectweb.asm.MethodVisitor,int,java.lang.String,java.lang.String:void::3PP
org.objectweb.asm.commons:AdviceAdapter:public,abstract:org.objectweb.asm.commons.GeneratorAdapter:org.objectweb.asm.Opcodes:visitCode:public:0::void::3PP
org.objectweb.asm.commons:AdviceAdapter:public,abstract:org.objectweb.asm.commons.GeneratorAdapter:org.objectweb.asm.Opcodes:visitLabel:public:1:org.objectweb.asm.Label:void::3PP
org.objectweb.asm.commons:AdviceAdapter:public,abstract:org.objectweb.asm.commons.GeneratorAdapter:org.objectweb.asm.Opcodes:visitInsn:public:1:int:void::3PP
org.objectweb.asm.commons:AdviceAdapter:public,abstract:org.objectweb.asm.commons.GeneratorAdapter:org.objectweb.asm.Opcodes:visitVarInsn:public:2:int,int:void::3PP
org.objectweb.asm.commons:AdviceAdapter:public,abstract:org.objectweb.asm.commons.GeneratorAdapter:org.objectweb.asm.Opcodes:visitFieldInsn:public:4:int,java.lang.String,java.lang.String,java.lang.String:void::3PP
org.objectweb.asm.commons:AdviceAdapter:public,abstract:org.objectweb.asm.commons.GeneratorAdapter:org.objectweb.asm.Opcodes:visitIntInsn:public:2:int,int:void::3PP
org.objectweb.asm.commons:AdviceAdapter:public,abstract:org.objectweb.asm.commons.GeneratorAdapter:org.objectweb.asm.Opcodes:visitLdcInsn:public:1:java.lang.Object:void::3PP
org.objectweb.asm.commons:AdviceAdapter:public,abstract:org.objectweb.asm.commons.GeneratorAdapter:org.objectweb.asm.Opcodes:visitMultiANewArrayInsn:public:2:java.lang.String,int:void::3PP
org.objectweb.asm.commons:AdviceAdapter:public,abstract:org.objectweb.asm.commons.GeneratorAdapter:org.objectweb.asm.Opcodes:visitTypeInsn:public:2:int,java.lang.String:void::3PP
org.objectweb.asm.commons:AdviceAdapter:public,abstract:org.objectweb.asm.commons.GeneratorAdapter:org.objectweb.asm.Opcodes:visitMethodInsn:public:4:int,java.lang.String,java.lang.String,java.lang.String:void::3PP
org.objectweb.asm.commons:AdviceAdapter:public,abstract:org.objectweb.asm.commons.GeneratorAdapter:org.objectweb.asm.Opcodes:visitJumpInsn:public:2:int,org.objectweb.asm.Label:void::3PP
org.objectweb.asm.commons:AdviceAdapter:public,abstract:org.objectweb.asm.commons.GeneratorAdapter:org.objectweb.asm.Opcodes:visitLookupSwitchInsn:public:3:org.objectweb.asm.Label,int[],org.objectweb.asm.Label[]:void::3PP
org.objectweb.asm.commons:AdviceAdapter:public,abstract:org.objectweb.asm.commons.GeneratorAdapter:org.objectweb.asm.Opcodes:visitTableSwitchInsn:public:4:int,int,org.objectweb.asm.Label,org.objectweb.asm.Label[]:void::3PP
org.objectweb.asm.commons:AdviceAdapter:public,abstract:org.objectweb.asm.commons.GeneratorAdapter:org.objectweb.asm.Opcodes:addBranches:private:2:org.objectweb.asm.Label,org.objectweb.asm.Label[]:void::3PP
org.objectweb.asm.commons:AdviceAdapter:public,abstract:org.objectweb.asm.commons.GeneratorAdapter:org.objectweb.asm.Opcodes:addBranch:private:1:org.objectweb.asm.Label:void::3PP
org.objectweb.asm.commons:AdviceAdapter:public,abstract:org.objectweb.asm.commons.GeneratorAdapter:org.objectweb.asm.Opcodes:popValue:private:0::java.lang.Object::3PP
org.objectweb.asm.commons:AdviceAdapter:public,abstract:org.objectweb.asm.commons.GeneratorAdapter:org.objectweb.asm.Opcodes:peekValue:private:0::java.lang.Object::3PP
org.objectweb.asm.commons:AdviceAdapter:public,abstract:org.objectweb.asm.commons.GeneratorAdapter:org.objectweb.asm.Opcodes:pushValue:private:1:java.lang.Object:void::3PP
org.objectweb.asm.commons:AdviceAdapter:public,abstract:org.objectweb.asm.commons.GeneratorAdapter:org.objectweb.asm.Opcodes:onMethodEnter:protected:0::void::3PP
org.objectweb.asm.commons:AdviceAdapter:public,abstract:org.objectweb.asm.commons.GeneratorAdapter:org.objectweb.asm.Opcodes:onMethodExit:protected:1:int:void::3PP
org.objectweb.asm.commons:AdviceAdapter:public,abstract:org.objectweb.asm.commons.GeneratorAdapter:org.objectweb.asm.Opcodes:<clinit>:static:0::void::3PP
org.objectweb.asm.commons:AnalyzerAdapter:public:org.objectweb.asm.MethodAdapter::<init>:public:5:java.lang.String,int,java.lang.String,java.lang.String,org.objectweb.asm.MethodVisitor:void::3PP
org.objectweb.asm.commons:AnalyzerAdapter:public:org.objectweb.asm.MethodAdapter::visitFrame:public:5:int,int,java.lang.Object[],int,java.lang.Object[]:void::3PP
org.objectweb.asm.commons:AnalyzerAdapter:public:org.objectweb.asm.MethodAdapter::visitFrameTypes:private,static:3:int,java.lang.Object[],java.util.List:void::3PP
org.objectweb.asm.commons:AnalyzerAdapter:public:org.objectweb.asm.MethodAdapter::visitInsn:public:1:int:void::3PP
org.objectweb.asm.commons:AnalyzerAdapter:public:org.objectweb.asm.MethodAdapter::visitIntInsn:public:2:int,int:void::3PP
org.objectweb.asm.commons:AnalyzerAdapter:public:org.objectweb.asm.MethodAdapter::visitVarInsn:public:2:int,int:void::3PP
org.objectweb.asm.commons:AnalyzerAdapter:public:org.objectweb.asm.MethodAdapter::visitTypeInsn:public:2:int,java.lang.String:void::3PP
org.objectweb.asm.commons:AnalyzerAdapter:public:org.objectweb.asm.MethodAdapter::visitFieldInsn:public:4:int,java.lang.String,java.lang.String,java.lang.String:void::3PP
org.objectweb.asm.commons:AnalyzerAdapter:public:org.objectweb.asm.MethodAdapter::visitMethodInsn:public:4:int,java.lang.String,java.lang.String,java.lang.String:void::3PP
org.objectweb.asm.commons:AnalyzerAdapter:public:org.objectweb.asm.MethodAdapter::visitJumpInsn:public:2:int,org.objectweb.asm.Label:void::3PP
org.objectweb.asm.commons:AnalyzerAdapter:public:org.objectweb.asm.MethodAdapter::visitLabel:public:1:org.objectweb.asm.Label:void::3PP
org.objectweb.asm.commons:AnalyzerAdapter:public:org.objectweb.asm.MethodAdapter::visitLdcInsn:public:1:java.lang.Object:void::3PP
org.objectweb.asm.commons:AnalyzerAdapter:public:org.objectweb.asm.MethodAdapter::visitIincInsn:public:2:int,int:void::3PP
org.objectweb.asm.commons:AnalyzerAdapter:public:org.objectweb.asm.MethodAdapter::visitTableSwitchInsn:public:4:int,int,org.objectweb.asm.Label,org.objectweb.asm.Label[]:void::3PP
org.objectweb.asm.commons:AnalyzerAdapter:public:org.objectweb.asm.MethodAdapter::visitLookupSwitchInsn:public:3:org.objectweb.asm.Label,int[],org.objectweb.asm.Label[]:void::3PP
org.objectweb.asm.commons:AnalyzerAdapter:public:org.objectweb.asm.MethodAdapter::visitMultiANewArrayInsn:public:2:java.lang.String,int:void::3PP
org.objectweb.asm.commons:AnalyzerAdapter:public:org.objectweb.asm.MethodAdapter::visitMaxs:public:2:int,int:void::3PP
org.objectweb.asm.commons:AnalyzerAdapter:public:org.objectweb.asm.MethodAdapter::get:private:1:int:java.lang.Object::3PP
org.objectweb.asm.commons:AnalyzerAdapter:public:org.objectweb.asm.MethodAdapter::set:private:2:int,java.lang.Object:void::3PP
org.objectweb.asm.commons:AnalyzerAdapter:public:org.objectweb.asm.MethodAdapter::push:private:1:java.lang.Object:void::3PP
org.objectweb.asm.commons:AnalyzerAdapter:public:org.objectweb.asm.MethodAdapter::pushDesc:private:1:java.lang.String:void::3PP
org.objectweb.asm.commons:AnalyzerAdapter:public:org.objectweb.asm.MethodAdapter::pop:private:0::java.lang.Object::3PP
org.objectweb.asm.commons:AnalyzerAdapter:public:org.objectweb.asm.MethodAdapter::pop:private:1:int:void::3PP
org.objectweb.asm.commons:AnalyzerAdapter:public:org.objectweb.asm.MethodAdapter::pop:private:1:java.lang.String:void::3PP
org.objectweb.asm.commons:AnalyzerAdapter:public:org.objectweb.asm.MethodAdapter::execute:private:3:int,int,java.lang.String:void::3PP
org.objectweb.asm.commons:AnnotationRemapper:public:org.objectweb.asm.AnnotationVisitor::<init>:public:2:org.objectweb.asm.AnnotationVisitor,org.objectweb.asm.commons.Remapper:void::3PP
org.objectweb.asm.commons:AnnotationRemapper:public:org.objectweb.asm.AnnotationVisitor::<init>:protected:3:int,org.objectweb.asm.AnnotationVisitor,org.objectweb.asm.commons.Remapper:void::3PP
org.objectweb.asm.commons:AnnotationRemapper:public:org.objectweb.asm.AnnotationVisitor::visit:public:2:java.lang.String,java.lang.Object:void::3PP
org.objectweb.asm.commons:AnnotationRemapper:public:org.objectweb.asm.AnnotationVisitor::visitEnum:public:3:java.lang.String,java.lang.String,java.lang.String:void::3PP
org.objectweb.asm.commons:AnnotationRemapper:public:org.objectweb.asm.AnnotationVisitor::visitAnnotation:public:2:java.lang.String,java.lang.String:org.objectweb.asm.AnnotationVisitor::3PP
org.objectweb.asm.commons:AnnotationRemapper:public:org.objectweb.asm.AnnotationVisitor::visitArray:public:1:java.lang.String:org.objectweb.asm.AnnotationVisitor::3PP
org.objectweb.asm.commons:AnnotationRemapper:public:org.objectweb.asm.AnnotationVisitor::createAnnotationRemapper:protected:1:org.objectweb.asm.AnnotationVisitor:org.objectweb.asm.AnnotationVisitor::3PP
org.objectweb.asm.commons:ClassRemapper:public:org.objectweb.asm.ClassVisitor::<init>:public:2:org.objectweb.asm.ClassVisitor,org.objectweb.asm.commons.Remapper:void::3PP
org.objectweb.asm.commons:ClassRemapper:public:org.objectweb.asm.ClassVisitor::<init>:protected:3:int,org.objectweb.asm.ClassVisitor,org.objectweb.asm.commons.Remapper:void::3PP
org.objectweb.asm.commons:ClassRemapper:public:org.objectweb.asm.ClassVisitor::visit:public:6:int,int,java.lang.String,java.lang.String,java.lang.String,java.lang.String[]:void::3PP
org.objectweb.asm.commons:ClassRemapper:public:org.objectweb.asm.ClassVisitor::visitModule:public:3:java.lang.String,int,java.lang.String:org.objectweb.asm.ModuleVisitor::3PP
org.objectweb.asm.commons:ClassRemapper:public:org.objectweb.asm.ClassVisitor::visitAnnotation:public:2:java.lang.String,boolean:org.objectweb.asm.AnnotationVisitor::3PP
org.objectweb.asm.commons:ClassRemapper:public:org.objectweb.asm.ClassVisitor::visitTypeAnnotation:public:4:int,org.objectweb.asm.TypePath,java.lang.String,boolean:org.objectweb.asm.AnnotationVisitor::3PP
org.objectweb.asm.commons:ClassRemapper:public:org.objectweb.asm.ClassVisitor::visitAttribute:public:1:org.objectweb.asm.Attribute:void::3PP
org.objectweb.asm.commons:ClassRemapper:public:org.objectweb.asm.ClassVisitor::visitRecordComponent:public:3:java.lang.String,java.lang.String,java.lang.String:org.objectweb.asm.RecordComponentVisitor::3PP
org.objectweb.asm.commons:ClassRemapper:public:org.objectweb.asm.ClassVisitor::visitField:public:5:int,java.lang.String,java.lang.String,java.lang.String,java.lang.Object:org.objectweb.asm.FieldVisitor::3PP
org.objectweb.asm.commons:ClassRemapper:public:org.objectweb.asm.ClassVisitor::visitMethod:public:5:int,java.lang.String,java.lang.String,java.lang.String,java.lang.String[]:org.objectweb.asm.MethodVisitor::3PP
org.objectweb.asm.commons:ClassRemapper:public:org.objectweb.asm.ClassVisitor::visitInnerClass:public:4:java.lang.String,java.lang.String,java.lang.String,int:void::3PP
org.objectweb.asm.commons:ClassRemapper:public:org.objectweb.asm.ClassVisitor::visitOuterClass:public:3:java.lang.String,java.lang.String,java.lang.String:void::3PP
org.objectweb.asm.commons:ClassRemapper:public:org.objectweb.asm.ClassVisitor::visitNestHost:public:1:java.lang.String:void::3PP
org.objectweb.asm.commons:ClassRemapper:public:org.objectweb.asm.ClassVisitor::visitNestMember:public:1:java.lang.String:void::3PP
org.objectweb.asm.commons:ClassRemapper:public:org.objectweb.asm.ClassVisitor::visitPermittedSubtypeExperimental:public:1:java.lang.String:void::3PP
org.objectweb.asm.commons:ClassRemapper:public:org.objectweb.asm.ClassVisitor::createFieldRemapper:protected:1:org.objectweb.asm.FieldVisitor:org.objectweb.asm.FieldVisitor::3PP
org.objectweb.asm.commons:ClassRemapper:public:org.objectweb.asm.ClassVisitor::createMethodRemapper:protected:1:org.objectweb.asm.MethodVisitor:org.objectweb.asm.MethodVisitor::3PP
org.objectweb.asm.commons:ClassRemapper:public:org.objectweb.asm.ClassVisitor::createAnnotationRemapper:protected:1:org.objectweb.asm.AnnotationVisitor:org.objectweb.asm.AnnotationVisitor::3PP
org.objectweb.asm.commons:ClassRemapper:public:org.objectweb.asm.ClassVisitor::createModuleRemapper:protected:1:org.objectweb.asm.ModuleVisitor:org.objectweb.asm.ModuleVisitor::3PP
org.objectweb.asm.commons:ClassRemapper:public:org.objectweb.asm.ClassVisitor::createRecordComponentRemapper:protected:1:org.objectweb.asm.RecordComponentVisitor:org.objectweb.asm.RecordComponentVisitor::3PP
org.objectweb.asm.commons:CodeSizeEvaluator:public:org.objectweb.asm.MethodAdapter:org.objectweb.asm.Opcodes:<init>:public:1:org.objectweb.asm.MethodVisitor:void::3PP
org.objectweb.asm.commons:CodeSizeEvaluator:public:org.objectweb.asm.MethodAdapter:org.objectweb.asm.Opcodes:getMinSize:public:0::int::3PP
org.objectweb.asm.commons:CodeSizeEvaluator:public:org.objectweb.asm.MethodAdapter:org.objectweb.asm.Opcodes:getMaxSize:public:0::int::3PP
org.objectweb.asm.commons:CodeSizeEvaluator:public:org.objectweb.asm.MethodAdapter:org.objectweb.asm.Opcodes:visitInsn:public:1:int:void::3PP
org.objectweb.asm.commons:CodeSizeEvaluator:public:org.objectweb.asm.MethodAdapter:org.objectweb.asm.Opcodes:visitIntInsn:public:2:int,int:void::3PP
org.objectweb.asm.commons:CodeSizeEvaluator:public:org.objectweb.asm.MethodAdapter:org.objectweb.asm.Opcodes:visitVarInsn:public:2:int,int:void::3PP
org.objectweb.asm.commons:CodeSizeEvaluator:public:org.objectweb.asm.MethodAdapter:org.objectweb.asm.Opcodes:visitTypeInsn:public:2:int,java.lang.String:void::3PP
org.objectweb.asm.commons:CodeSizeEvaluator:public:org.objectweb.asm.MethodAdapter:org.objectweb.asm.Opcodes:visitFieldInsn:public:4:int,java.lang.String,java.lang.String,java.lang.String:void::3PP
org.objectweb.asm.commons:CodeSizeEvaluator:public:org.objectweb.asm.MethodAdapter:org.objectweb.asm.Opcodes:visitMethodInsn:public:4:int,java.lang.String,java.lang.String,java.lang.String:void::3PP
org.objectweb.asm.commons:CodeSizeEvaluator:public:org.objectweb.asm.MethodAdapter:org.objectweb.asm.Opcodes:visitJumpInsn:public:2:int,org.objectweb.asm.Label:void::3PP
org.objectweb.asm.commons:CodeSizeEvaluator:public:org.objectweb.asm.MethodAdapter:org.objectweb.asm.Opcodes:visitLdcInsn:public:1:java.lang.Object:void::3PP
org.objectweb.asm.commons:CodeSizeEvaluator:public:org.objectweb.asm.MethodAdapter:org.objectweb.asm.Opcodes:visitIincInsn:public:2:int,int:void::3PP
org.objectweb.asm.commons:CodeSizeEvaluator:public:org.objectweb.asm.MethodAdapter:org.objectweb.asm.Opcodes:visitTableSwitchInsn:public:4:int,int,org.objectweb.asm.Label,org.objectweb.asm.Label[]:void::3PP
org.objectweb.asm.commons:CodeSizeEvaluator:public:org.objectweb.asm.MethodAdapter:org.objectweb.asm.Opcodes:visitLookupSwitchInsn:public:3:org.objectweb.asm.Label,int[],org.objectweb.asm.Label[]:void::3PP
org.objectweb.asm.commons:CodeSizeEvaluator:public:org.objectweb.asm.MethodAdapter:org.objectweb.asm.Opcodes:visitMultiANewArrayInsn:public:2:java.lang.String,int:void::3PP
org.objectweb.asm.commons:FieldRemapper:public:org.objectweb.asm.FieldVisitor::<init>:public:2:org.objectweb.asm.FieldVisitor,org.objectweb.asm.commons.Remapper:void::3PP
org.objectweb.asm.commons:FieldRemapper:public:org.objectweb.asm.FieldVisitor::<init>:protected:3:int,org.objectweb.asm.FieldVisitor,org.objectweb.asm.commons.Remapper:void::3PP
org.objectweb.asm.commons:FieldRemapper:public:org.objectweb.asm.FieldVisitor::visitAnnotation:public:2:java.lang.String,boolean:org.objectweb.asm.AnnotationVisitor::3PP
org.objectweb.asm.commons:FieldRemapper:public:org.objectweb.asm.FieldVisitor::visitTypeAnnotation:public:4:int,org.objectweb.asm.TypePath,java.lang.String,boolean:org.objectweb.asm.AnnotationVisitor::3PP
org.objectweb.asm.commons:FieldRemapper:public:org.objectweb.asm.FieldVisitor::createAnnotationRemapper:protected:1:org.objectweb.asm.AnnotationVisitor:org.objectweb.asm.AnnotationVisitor::3PP
org.objectweb.asm.commons:GeneratorAdapter:public:org.objectweb.asm.commons.LocalVariablesSorter::<init>:public:4:org.objectweb.asm.MethodVisitor,int,java.lang.String,java.lang.String:void::3PP
org.objectweb.asm.commons:GeneratorAdapter:public:org.objectweb.asm.commons.LocalVariablesSorter::<init>:public:3:int,org.objectweb.asm.commons.Method,org.objectweb.asm.MethodVisitor:void::3PP
org.objectweb.asm.commons:GeneratorAdapter:public:org.objectweb.asm.commons.LocalVariablesSorter::<init>:public:5:int,org.objectweb.asm.commons.Method,java.lang.String,org.objectweb.asm.Type[],org.objectweb.asm.ClassVisitor:void::3PP
org.objectweb.asm.commons:GeneratorAdapter:public:org.objectweb.asm.commons.LocalVariablesSorter::getInternalNames:private,static:1:org.objectweb.asm.Type[]:java.lang.String[]::3PP
org.objectweb.asm.commons:GeneratorAdapter:public:org.objectweb.asm.commons.LocalVariablesSorter::push:public:1:boolean:void::3PP
org.objectweb.asm.commons:GeneratorAdapter:public:org.objectweb.asm.commons.LocalVariablesSorter::push:public:1:int:void::3PP
org.objectweb.asm.commons:GeneratorAdapter:public:org.objectweb.asm.commons.LocalVariablesSorter::push:public:1:long:void::3PP
org.objectweb.asm.commons:GeneratorAdapter:public:org.objectweb.asm.commons.LocalVariablesSorter::push:public:1:float:void::3PP
org.objectweb.asm.commons:GeneratorAdapter:public:org.objectweb.asm.commons.LocalVariablesSorter::push:public:1:double:void::3PP
org.objectweb.asm.commons:GeneratorAdapter:public:org.objectweb.asm.commons.LocalVariablesSorter::push:public:1:java.lang.String:void::3PP
org.objectweb.asm.commons:GeneratorAdapter:public:org.objectweb.asm.commons.LocalVariablesSorter::push:public:1:org.objectweb.asm.Type:void::3PP
org.objectweb.asm.commons:GeneratorAdapter:public:org.objectweb.asm.commons.LocalVariablesSorter::getArgIndex:private:1:int:int::3PP
org.objectweb.asm.commons:GeneratorAdapter:public:org.objectweb.asm.commons.LocalVariablesSorter::loadInsn:private:2:org.objectweb.asm.Type,int:void::3PP
org.objectweb.asm.commons:GeneratorAdapter:public:org.objectweb.asm.commons.LocalVariablesSorter::storeInsn:private:2:org.objectweb.asm.Type,int:void::3PP
org.objectweb.asm.commons:GeneratorAdapter:public:org.objectweb.asm.commons.LocalVariablesSorter::loadThis:public:0::void::3PP
org.objectweb.asm.commons:GeneratorAdapter:public:org.objectweb.asm.commons.LocalVariablesSorter::loadArg:public:1:int:void::3PP
org.objectweb.asm.commons:GeneratorAdapter:public:org.objectweb.asm.commons.LocalVariablesSorter::loadArgs:public:2:int,int:void::3PP
org.objectweb.asm.commons:GeneratorAdapter:public:org.objectweb.asm.commons.LocalVariablesSorter::loadArgs:public:0::void::3PP
org.objectweb.asm.commons:GeneratorAdapter:public:org.objectweb.asm.commons.LocalVariablesSorter::loadArgArray:public:0::void::3PP
org.objectweb.asm.commons:GeneratorAdapter:public:org.objectweb.asm.commons.LocalVariablesSorter::storeArg:public:1:int:void::3PP
org.objectweb.asm.commons:GeneratorAdapter:public:org.objectweb.asm.commons.LocalVariablesSorter::getLocalType:public:1:int:org.objectweb.asm.Type::3PP
org.objectweb.asm.commons:GeneratorAdapter:public:org.objectweb.asm.commons.LocalVariablesSorter::setLocalType:protected:2:int,org.objectweb.asm.Type:void::3PP
org.objectweb.asm.commons:GeneratorAdapter:public:org.objectweb.asm.commons.LocalVariablesSorter::loadLocal:public:1:int:void::3PP
org.objectweb.asm.commons:GeneratorAdapter:public:org.objectweb.asm.commons.LocalVariablesSorter::loadLocal:public:2:int,org.objectweb.asm.Type:void::3PP
org.objectweb.asm.commons:GeneratorAdapter:public:org.objectweb.asm.commons.LocalVariablesSorter::storeLocal:public:1:int:void::3PP
org.objectweb.asm.commons:GeneratorAdapter:public:org.objectweb.asm.commons.LocalVariablesSorter::storeLocal:public:2:int,org.objectweb.asm.Type:void::3PP
org.objectweb.asm.commons:GeneratorAdapter:public:org.objectweb.asm.commons.LocalVariablesSorter::arrayLoad:public:1:org.objectweb.asm.Type:void::3PP
org.objectweb.asm.commons:GeneratorAdapter:public:org.objectweb.asm.commons.LocalVariablesSorter::arrayStore:public:1:org.objectweb.asm.Type:void::3PP
org.objectweb.asm.commons:GeneratorAdapter:public:org.objectweb.asm.commons.LocalVariablesSorter::pop:public:0::void::3PP
org.objectweb.asm.commons:GeneratorAdapter:public:org.objectweb.asm.commons.LocalVariablesSorter::pop2:public:0::void::3PP
org.objectweb.asm.commons:GeneratorAdapter:public:org.objectweb.asm.commons.LocalVariablesSorter::dup:public:0::void::3PP
org.objectweb.asm.commons:GeneratorAdapter:public:org.objectweb.asm.commons.LocalVariablesSorter::dup2:public:0::void::3PP
org.objectweb.asm.commons:GeneratorAdapter:public:org.objectweb.asm.commons.LocalVariablesSorter::dupX1:public:0::void::3PP
org.objectweb.asm.commons:GeneratorAdapter:public:org.objectweb.asm.commons.LocalVariablesSorter::dupX2:public:0::void::3PP
org.objectweb.asm.commons:GeneratorAdapter:public:org.objectweb.asm.commons.LocalVariablesSorter::dup2X1:public:0::void::3PP
org.objectweb.asm.commons:GeneratorAdapter:public:org.objectweb.asm.commons.LocalVariablesSorter::dup2X2:public:0::void::3PP
org.objectweb.asm.commons:GeneratorAdapter:public:org.objectweb.asm.commons.LocalVariablesSorter::swap:public:0::void::3PP
org.objectweb.asm.commons:GeneratorAdapter:public:org.objectweb.asm.commons.LocalVariablesSorter::swap:public:2:org.objectweb.asm.Type,org.objectweb.asm.Type:void::3PP
org.objectweb.asm.commons:GeneratorAdapter:public:org.objectweb.asm.commons.LocalVariablesSorter::math:public:2:int,org.objectweb.asm.Type:void::3PP
org.objectweb.asm.commons:GeneratorAdapter:public:org.objectweb.asm.commons.LocalVariablesSorter::not:public:0::void::3PP
org.objectweb.asm.commons:GeneratorAdapter:public:org.objectweb.asm.commons.LocalVariablesSorter::iinc:public:2:int,int:void::3PP
org.objectweb.asm.commons:GeneratorAdapter:public:org.objectweb.asm.commons.LocalVariablesSorter::cast:public:2:org.objectweb.asm.Type,org.objectweb.asm.Type:void::3PP
org.objectweb.asm.commons:GeneratorAdapter:public:org.objectweb.asm.commons.LocalVariablesSorter::getBoxedType:private,static:1:org.objectweb.asm.Type:org.objectweb.asm.Type::3PP
org.objectweb.asm.commons:GeneratorAdapter:public:org.objectweb.asm.commons.LocalVariablesSorter::box:public:1:org.objectweb.asm.Type:void::3PP
org.objectweb.asm.commons:GeneratorAdapter:public:org.objectweb.asm.commons.LocalVariablesSorter::valueOf:public:1:org.objectweb.asm.Type:void::3PP
org.objectweb.asm.commons:GeneratorAdapter:public:org.objectweb.asm.commons.LocalVariablesSorter::unbox:public:1:org.objectweb.asm.Type:void::3PP
org.objectweb.asm.commons:GeneratorAdapter:public:org.objectweb.asm.commons.LocalVariablesSorter::newLabel:public:0::org.objectweb.asm.Label::3PP
org.objectweb.asm.commons:GeneratorAdapter:public:org.objectweb.asm.commons.LocalVariablesSorter::mark:public:1:org.objectweb.asm.Label:void::3PP
org.objectweb.asm.commons:GeneratorAdapter:public:org.objectweb.asm.commons.LocalVariablesSorter::mark:public:0::org.objectweb.asm.Label::3PP
org.objectweb.asm.commons:GeneratorAdapter:public:org.objectweb.asm.commons.LocalVariablesSorter::ifCmp:public:3:org.objectweb.asm.Type,int,org.objectweb.asm.Label:void::3PP
org.objectweb.asm.commons:GeneratorAdapter:public:org.objectweb.asm.commons.LocalVariablesSorter::ifICmp:public:2:int,org.objectweb.asm.Label:void::3PP
org.objectweb.asm.commons:GeneratorAdapter:public:org.objectweb.asm.commons.LocalVariablesSorter::ifZCmp:public:2:int,org.objectweb.asm.Label:void::3PP
org.objectweb.asm.commons:GeneratorAdapter:public:org.objectweb.asm.commons.LocalVariablesSorter::ifNull:public:1:org.objectweb.asm.Label:void::3PP
org.objectweb.asm.commons:GeneratorAdapter:public:org.objectweb.asm.commons.LocalVariablesSorter::ifNonNull:public:1:org.objectweb.asm.Label:void::3PP
org.objectweb.asm.commons:GeneratorAdapter:public:org.objectweb.asm.commons.LocalVariablesSorter::goTo:public:1:org.objectweb.asm.Label:void::3PP
org.objectweb.asm.commons:GeneratorAdapter:public:org.objectweb.asm.commons.LocalVariablesSorter::ret:public:1:int:void::3PP
org.objectweb.asm.commons:GeneratorAdapter:public:org.objectweb.asm.commons.LocalVariablesSorter::tableSwitch:public:2:int[],org.objectweb.asm.commons.TableSwitchGenerator:void::3PP
org.objectweb.asm.commons:GeneratorAdapter:public:org.objectweb.asm.commons.LocalVariablesSorter::tableSwitch:public:3:int[],org.objectweb.asm.commons.TableSwitchGenerator,boolean:void::3PP
org.objectweb.asm.commons:GeneratorAdapter:public:org.objectweb.asm.commons.LocalVariablesSorter::returnValue:public:0::void::3PP
org.objectweb.asm.commons:GeneratorAdapter:public:org.objectweb.asm.commons.LocalVariablesSorter::fieldInsn:private:4:int,org.objectweb.asm.Type,java.lang.String,org.objectweb.asm.Type:void::3PP
org.objectweb.asm.commons:GeneratorAdapter:public:org.objectweb.asm.commons.LocalVariablesSorter::getStatic:public:3:org.objectweb.asm.Type,java.lang.String,org.objectweb.asm.Type:void::3PP
org.objectweb.asm.commons:GeneratorAdapter:public:org.objectweb.asm.commons.LocalVariablesSorter::putStatic:public:3:org.objectweb.asm.Type,java.lang.String,org.objectweb.asm.Type:void::3PP
org.objectweb.asm.commons:GeneratorAdapter:public:org.objectweb.asm.commons.LocalVariablesSorter::getField:public:3:org.objectweb.asm.Type,java.lang.String,org.objectweb.asm.Type:void::3PP
org.objectweb.asm.commons:GeneratorAdapter:public:org.objectweb.asm.commons.LocalVariablesSorter::putField:public:3:org.objectweb.asm.Type,java.lang.String,org.objectweb.asm.Type:void::3PP
org.objectweb.asm.commons:GeneratorAdapter:public:org.objectweb.asm.commons.LocalVariablesSorter::invokeInsn:private:3:int,org.objectweb.asm.Type,org.objectweb.asm.commons.Method:void::3PP
org.objectweb.asm.commons:GeneratorAdapter:public:org.objectweb.asm.commons.LocalVariablesSorter::invokeVirtual:public:2:org.objectweb.asm.Type,org.objectweb.asm.commons.Method:void::3PP
org.objectweb.asm.commons:GeneratorAdapter:public:org.objectweb.asm.commons.LocalVariablesSorter::invokeConstructor:public:2:org.objectweb.asm.Type,org.objectweb.asm.commons.Method:void::3PP
org.objectweb.asm.commons:GeneratorAdapter:public:org.objectweb.asm.commons.LocalVariablesSorter::invokeStatic:public:2:org.objectweb.asm.Type,org.objectweb.asm.commons.Method:void::3PP
org.objectweb.asm.commons:GeneratorAdapter:public:org.objectweb.asm.commons.LocalVariablesSorter::invokeInterface:public:2:org.objectweb.asm.Type,org.objectweb.asm.commons.Method:void::3PP
org.objectweb.asm.commons:GeneratorAdapter:public:org.objectweb.asm.commons.LocalVariablesSorter::invokeDynamic:public:1:org.objectweb.asm.commons.Method:void::3PP
org.objectweb.asm.commons:GeneratorAdapter:public:org.objectweb.asm.commons.LocalVariablesSorter::typeInsn:private:2:int,org.objectweb.asm.Type:void::3PP
org.objectweb.asm.commons:GeneratorAdapter:public:org.objectweb.asm.commons.LocalVariablesSorter::newInstance:public:1:org.objectweb.asm.Type:void::3PP
org.objectweb.asm.commons:GeneratorAdapter:public:org.objectweb.asm.commons.LocalVariablesSorter::newArray:public:1:org.objectweb.asm.Type:void::3PP
org.objectweb.asm.commons:GeneratorAdapter:public:org.objectweb.asm.commons.LocalVariablesSorter::arrayLength:public:0::void::3PP
org.objectweb.asm.commons:GeneratorAdapter:public:org.objectweb.asm.commons.LocalVariablesSorter::throwException:public:0::void::3PP
org.objectweb.asm.commons:GeneratorAdapter:public:org.objectweb.asm.commons.LocalVariablesSorter::throwException:public:2:org.objectweb.asm.Type,java.lang.String:void::3PP
org.objectweb.asm.commons:GeneratorAdapter:public:org.objectweb.asm.commons.LocalVariablesSorter::checkCast:public:1:org.objectweb.asm.Type:void::3PP
org.objectweb.asm.commons:GeneratorAdapter:public:org.objectweb.asm.commons.LocalVariablesSorter::instanceOf:public:1:org.objectweb.asm.Type:void::3PP
org.objectweb.asm.commons:GeneratorAdapter:public:org.objectweb.asm.commons.LocalVariablesSorter::monitorEnter:public:0::void::3PP
org.objectweb.asm.commons:GeneratorAdapter:public:org.objectweb.asm.commons.LocalVariablesSorter::monitorExit:public:0::void::3PP
org.objectweb.asm.commons:GeneratorAdapter:public:org.objectweb.asm.commons.LocalVariablesSorter::endMethod:public:0::void::3PP
org.objectweb.asm.commons:GeneratorAdapter:public:org.objectweb.asm.commons.LocalVariablesSorter::catchException:public:3:org.objectweb.asm.Label,org.objectweb.asm.Label,org.objectweb.asm.Type:void::3PP
org.objectweb.asm.commons:GeneratorAdapter:public:org.objectweb.asm.commons.LocalVariablesSorter::<clinit>:static:0::void::3PP
org.objectweb.asm.commons:InstructionAdapter:public:org.objectweb.asm.MethodVisitor::<init>:public:1:org.objectweb.asm.MethodVisitor:void::3PP
org.objectweb.asm.commons:InstructionAdapter:public:org.objectweb.asm.MethodVisitor::<init>:protected:2:int,org.objectweb.asm.MethodVisitor:void::3PP
org.objectweb.asm.commons:InstructionAdapter:public:org.objectweb.asm.MethodVisitor::visitInsn:public:1:int:void::3PP
org.objectweb.asm.commons:InstructionAdapter:public:org.objectweb.asm.MethodVisitor::visitIntInsn:public:2:int,int:void::3PP
org.objectweb.asm.commons:InstructionAdapter:public:org.objectweb.asm.MethodVisitor::visitVarInsn:public:2:int,int:void::3PP
org.objectweb.asm.commons:InstructionAdapter:public:org.objectweb.asm.MethodVisitor::visitTypeInsn:public:2:int,java.lang.String:void::3PP
org.objectweb.asm.commons:InstructionAdapter:public:org.objectweb.asm.MethodVisitor::visitFieldInsn:public:4:int,java.lang.String,java.lang.String,java.lang.String:void::3PP
org.objectweb.asm.commons:InstructionAdapter:public:org.objectweb.asm.MethodVisitor::visitMethodInsn:public:5:int,java.lang.String,java.lang.String,java.lang.String,boolean:void::3PP
org.objectweb.asm.commons:InstructionAdapter:public:org.objectweb.asm.MethodVisitor::visitInvokeDynamicInsn:public,transient:4:java.lang.String,java.lang.String,org.objectweb.asm.Handle,java.lang.Object[]:void::3PP
org.objectweb.asm.commons:InstructionAdapter:public:org.objectweb.asm.MethodVisitor::visitJumpInsn:public:2:int,org.objectweb.asm.Label:void::3PP
org.objectweb.asm.commons:InstructionAdapter:public:org.objectweb.asm.MethodVisitor::visitLabel:public:1:org.objectweb.asm.Label:void::3PP
org.objectweb.asm.commons:InstructionAdapter:public:org.objectweb.asm.MethodVisitor::visitLdcInsn:public:1:java.lang.Object:void::3PP
org.objectweb.asm.commons:InstructionAdapter:public:org.objectweb.asm.MethodVisitor::visitIincInsn:public:2:int,int:void::3PP
org.objectweb.asm.commons:InstructionAdapter:public:org.objectweb.asm.MethodVisitor::visitTableSwitchInsn:public,transient:4:int,int,org.objectweb.asm.Label,org.objectweb.asm.Label[]:void::3PP
org.objectweb.asm.commons:InstructionAdapter:public:org.objectweb.asm.MethodVisitor::visitLookupSwitchInsn:public:3:org.objectweb.asm.Label,int[],org.objectweb.asm.Label[]:void::3PP
org.objectweb.asm.commons:InstructionAdapter:public:org.objectweb.asm.MethodVisitor::visitMultiANewArrayInsn:public:2:java.lang.String,int:void::3PP
org.objectweb.asm.commons:InstructionAdapter:public:org.objectweb.asm.MethodVisitor::nop:public:0::void::3PP
org.objectweb.asm.commons:InstructionAdapter:public:org.objectweb.asm.MethodVisitor::aconst:public:1:java.lang.Object:void::3PP
org.objectweb.asm.commons:InstructionAdapter:public:org.objectweb.asm.MethodVisitor::iconst:public:1:int:void::3PP
org.objectweb.asm.commons:InstructionAdapter:public:org.objectweb.asm.MethodVisitor::lconst:public:1:long:void::3PP
org.objectweb.asm.commons:InstructionAdapter:public:org.objectweb.asm.MethodVisitor::fconst:public:1:float:void::3PP
org.objectweb.asm.commons:InstructionAdapter:public:org.objectweb.asm.MethodVisitor::dconst:public:1:double:void::3PP
org.objectweb.asm.commons:InstructionAdapter:public:org.objectweb.asm.MethodVisitor::tconst:public:1:org.objectweb.asm.Type:void::3PP
org.objectweb.asm.commons:InstructionAdapter:public:org.objectweb.asm.MethodVisitor::hconst:public:1:org.objectweb.asm.Handle:void::3PP
org.objectweb.asm.commons:InstructionAdapter:public:org.objectweb.asm.MethodVisitor::cconst:public:1:org.objectweb.asm.ConstantDynamic:void::3PP
org.objectweb.asm.commons:InstructionAdapter:public:org.objectweb.asm.MethodVisitor::load:public:2:int,org.objectweb.asm.Type:void::3PP
org.objectweb.asm.commons:InstructionAdapter:public:org.objectweb.asm.MethodVisitor::aload:public:1:org.objectweb.asm.Type:void::3PP
org.objectweb.asm.commons:InstructionAdapter:public:org.objectweb.asm.MethodVisitor::store:public:2:int,org.objectweb.asm.Type:void::3PP
org.objectweb.asm.commons:InstructionAdapter:public:org.objectweb.asm.MethodVisitor::astore:public:1:org.objectweb.asm.Type:void::3PP
org.objectweb.asm.commons:InstructionAdapter:public:org.objectweb.asm.MethodVisitor::pop:public:0::void::3PP
org.objectweb.asm.commons:InstructionAdapter:public:org.objectweb.asm.MethodVisitor::pop2:public:0::void::3PP
org.objectweb.asm.commons:InstructionAdapter:public:org.objectweb.asm.MethodVisitor::dup:public:0::void::3PP
org.objectweb.asm.commons:InstructionAdapter:public:org.objectweb.asm.MethodVisitor::dup2:public:0::void::3PP
org.objectweb.asm.commons:InstructionAdapter:public:org.objectweb.asm.MethodVisitor::dupX1:public:0::void::3PP
org.objectweb.asm.commons:InstructionAdapter:public:org.objectweb.asm.MethodVisitor::dupX2:public:0::void::3PP
org.objectweb.asm.commons:InstructionAdapter:public:org.objectweb.asm.MethodVisitor::dup2X1:public:0::void::3PP
org.objectweb.asm.commons:InstructionAdapter:public:org.objectweb.asm.MethodVisitor::dup2X2:public:0::void::3PP
org.objectweb.asm.commons:InstructionAdapter:public:org.objectweb.asm.MethodVisitor::swap:public:0::void::3PP
org.objectweb.asm.commons:InstructionAdapter:public:org.objectweb.asm.MethodVisitor::add:public:1:org.objectweb.asm.Type:void::3PP
org.objectweb.asm.commons:InstructionAdapter:public:org.objectweb.asm.MethodVisitor::sub:public:1:org.objectweb.asm.Type:void::3PP
org.objectweb.asm.commons:InstructionAdapter:public:org.objectweb.asm.MethodVisitor::mul:public:1:org.objectweb.asm.Type:void::3PP
org.objectweb.asm.commons:InstructionAdapter:public:org.objectweb.asm.MethodVisitor::div:public:1:org.objectweb.asm.Type:void::3PP
org.objectweb.asm.commons:InstructionAdapter:public:org.objectweb.asm.MethodVisitor::rem:public:1:org.objectweb.asm.Type:void::3PP
org.objectweb.asm.commons:InstructionAdapter:public:org.objectweb.asm.MethodVisitor::neg:public:1:org.objectweb.asm.Type:void::3PP
org.objectweb.asm.commons:InstructionAdapter:public:org.objectweb.asm.MethodVisitor::shl:public:1:org.objectweb.asm.Type:void::3PP
org.objectweb.asm.commons:InstructionAdapter:public:org.objectweb.asm.MethodVisitor::shr:public:1:org.objectweb.asm.Type:void::3PP
org.objectweb.asm.commons:InstructionAdapter:public:org.objectweb.asm.MethodVisitor::ushr:public:1:org.objectweb.asm.Type:void::3PP
org.objectweb.asm.commons:InstructionAdapter:public:org.objectweb.asm.MethodVisitor::and:public:1:org.objectweb.asm.Type:void::3PP
org.objectweb.asm.commons:InstructionAdapter:public:org.objectweb.asm.MethodVisitor::or:public:1:org.objectweb.asm.Type:void::3PP
org.objectweb.asm.commons:InstructionAdapter:public:org.objectweb.asm.MethodVisitor::xor:public:1:org.objectweb.asm.Type:void::3PP
org.objectweb.asm.commons:InstructionAdapter:public:org.objectweb.asm.MethodVisitor::iinc:public:2:int,int:void::3PP
org.objectweb.asm.commons:InstructionAdapter:public:org.objectweb.asm.MethodVisitor::cast:public:2:org.objectweb.asm.Type,org.objectweb.asm.Type:void::3PP
org.objectweb.asm.commons:InstructionAdapter:public:org.objectweb.asm.MethodVisitor::cast:static:3:org.objectweb.asm.MethodVisitor,org.objectweb.asm.Type,org.objectweb.asm.Type:void::3PP
org.objectweb.asm.commons:InstructionAdapter:public:org.objectweb.asm.MethodVisitor::lcmp:public:0::void::3PP
org.objectweb.asm.commons:InstructionAdapter:public:org.objectweb.asm.MethodVisitor::cmpl:public:1:org.objectweb.asm.Type:void::3PP
org.objectweb.asm.commons:InstructionAdapter:public:org.objectweb.asm.MethodVisitor::cmpg:public:1:org.objectweb.asm.Type:void::3PP
org.objectweb.asm.commons:InstructionAdapter:public:org.objectweb.asm.MethodVisitor::ifeq:public:1:org.objectweb.asm.Label:void::3PP
org.objectweb.asm.commons:InstructionAdapter:public:org.objectweb.asm.MethodVisitor::ifne:public:1:org.objectweb.asm.Label:void::3PP
org.objectweb.asm.commons:InstructionAdapter:public:org.objectweb.asm.MethodVisitor::iflt:public:1:org.objectweb.asm.Label:void::3PP
org.objectweb.asm.commons:InstructionAdapter:public:org.objectweb.asm.MethodVisitor::ifge:public:1:org.objectweb.asm.Label:void::3PP
org.objectweb.asm.commons:InstructionAdapter:public:org.objectweb.asm.MethodVisitor::ifgt:public:1:org.objectweb.asm.Label:void::3PP
org.objectweb.asm.commons:InstructionAdapter:public:org.objectweb.asm.MethodVisitor::ifle:public:1:org.objectweb.asm.Label:void::3PP
org.objectweb.asm.commons:InstructionAdapter:public:org.objectweb.asm.MethodVisitor::ificmpeq:public:1:org.objectweb.asm.Label:void::3PP
org.objectweb.asm.commons:InstructionAdapter:public:org.objectweb.asm.MethodVisitor::ificmpne:public:1:org.objectweb.asm.Label:void::3PP
org.objectweb.asm.commons:InstructionAdapter:public:org.objectweb.asm.MethodVisitor::ificmplt:public:1:org.objectweb.asm.Label:void::3PP
org.objectweb.asm.commons:InstructionAdapter:public:org.objectweb.asm.MethodVisitor::ificmpge:public:1:org.objectweb.asm.Label:void::3PP
org.objectweb.asm.commons:InstructionAdapter:public:org.objectweb.asm.MethodVisitor::ificmpgt:public:1:org.objectweb.asm.Label:void::3PP
org.objectweb.asm.commons:InstructionAdapter:public:org.objectweb.asm.MethodVisitor::ificmple:public:1:org.objectweb.asm.Label:void::3PP
org.objectweb.asm.commons:InstructionAdapter:public:org.objectweb.asm.MethodVisitor::ifacmpeq:public:1:org.objectweb.asm.Label:void::3PP
org.objectweb.asm.commons:InstructionAdapter:public:org.objectweb.asm.MethodVisitor::ifacmpne:public:1:org.objectweb.asm.Label:void::3PP
org.objectweb.asm.commons:InstructionAdapter:public:org.objectweb.asm.MethodVisitor::goTo:public:1:org.objectweb.asm.Label:void::3PP
org.objectweb.asm.commons:InstructionAdapter:public:org.objectweb.asm.MethodVisitor::jsr:public:1:org.objectweb.asm.Label:void::3PP
org.objectweb.asm.commons:InstructionAdapter:public:org.objectweb.asm.MethodVisitor::ret:public:1:int:void::3PP
org.objectweb.asm.commons:InstructionAdapter:public:org.objectweb.asm.MethodVisitor::tableswitch:public,transient:4:int,int,org.objectweb.asm.Label,org.objectweb.asm.Label[]:void::3PP
org.objectweb.asm.commons:InstructionAdapter:public:org.objectweb.asm.MethodVisitor::lookupswitch:public:3:org.objectweb.asm.Label,int[],org.objectweb.asm.Label[]:void::3PP
org.objectweb.asm.commons:InstructionAdapter:public:org.objectweb.asm.MethodVisitor::areturn:public:1:org.objectweb.asm.Type:void::3PP
org.objectweb.asm.commons:InstructionAdapter:public:org.objectweb.asm.MethodVisitor::getstatic:public:3:java.lang.String,java.lang.String,java.lang.String:void::3PP
org.objectweb.asm.commons:InstructionAdapter:public:org.objectweb.asm.MethodVisitor::putstatic:public:3:java.lang.String,java.lang.String,java.lang.String:void::3PP
org.objectweb.asm.commons:InstructionAdapter:public:org.objectweb.asm.MethodVisitor::getfield:public:3:java.lang.String,java.lang.String,java.lang.String:void::3PP
org.objectweb.asm.commons:InstructionAdapter:public:org.objectweb.asm.MethodVisitor::putfield:public:3:java.lang.String,java.lang.String,java.lang.String:void::3PP
org.objectweb.asm.commons:InstructionAdapter:public:org.objectweb.asm.MethodVisitor::invokevirtual:public:3:java.lang.String,java.lang.String,java.lang.String:void::3PP
org.objectweb.asm.commons:InstructionAdapter:public:org.objectweb.asm.MethodVisitor::invokevirtual:public:4:java.lang.String,java.lang.String,java.lang.String,boolean:void::3PP
org.objectweb.asm.commons:InstructionAdapter:public:org.objectweb.asm.MethodVisitor::invokespecial:public:3:java.lang.String,java.lang.String,java.lang.String:void::3PP
org.objectweb.asm.commons:InstructionAdapter:public:org.objectweb.asm.MethodVisitor::invokespecial:public:4:java.lang.String,java.lang.String,java.lang.String,boolean:void::3PP
org.objectweb.asm.commons:InstructionAdapter:public:org.objectweb.asm.MethodVisitor::invokestatic:public:3:java.lang.String,java.lang.String,java.lang.String:void::3PP
org.objectweb.asm.commons:InstructionAdapter:public:org.objectweb.asm.MethodVisitor::invokestatic:public:4:java.lang.String,java.lang.String,java.lang.String,boolean:void::3PP
org.objectweb.asm.commons:InstructionAdapter:public:org.objectweb.asm.MethodVisitor::invokeinterface:public:3:java.lang.String,java.lang.String,java.lang.String:void::3PP
org.objectweb.asm.commons:InstructionAdapter:public:org.objectweb.asm.MethodVisitor::invokedynamic:public:4:java.lang.String,java.lang.String,org.objectweb.asm.Handle,java.lang.Object[]:void::3PP
org.objectweb.asm.commons:InstructionAdapter:public:org.objectweb.asm.MethodVisitor::anew:public:1:org.objectweb.asm.Type:void::3PP
org.objectweb.asm.commons:InstructionAdapter:public:org.objectweb.asm.MethodVisitor::newarray:public:1:org.objectweb.asm.Type:void::3PP
org.objectweb.asm.commons:InstructionAdapter:public:org.objectweb.asm.MethodVisitor::newarray:static:2:org.objectweb.asm.MethodVisitor,org.objectweb.asm.Type:void::3PP
org.objectweb.asm.commons:InstructionAdapter:public:org.objectweb.asm.MethodVisitor::arraylength:public:0::void::3PP
org.objectweb.asm.commons:InstructionAdapter:public:org.objectweb.asm.MethodVisitor::athrow:public:0::void::3PP
org.objectweb.asm.commons:InstructionAdapter:public:org.objectweb.asm.MethodVisitor::checkcast:public:1:org.objectweb.asm.Type:void::3PP
org.objectweb.asm.commons:InstructionAdapter:public:org.objectweb.asm.MethodVisitor::instanceOf:public:1:org.objectweb.asm.Type:void::3PP
org.objectweb.asm.commons:InstructionAdapter:public:org.objectweb.asm.MethodVisitor::monitorenter:public:0::void::3PP
org.objectweb.asm.commons:InstructionAdapter:public:org.objectweb.asm.MethodVisitor::monitorexit:public:0::void::3PP
org.objectweb.asm.commons:InstructionAdapter:public:org.objectweb.asm.MethodVisitor::multianewarray:public:2:java.lang.String,int:void::3PP
org.objectweb.asm.commons:InstructionAdapter:public:org.objectweb.asm.MethodVisitor::ifnull:public:1:org.objectweb.asm.Label:void::3PP
org.objectweb.asm.commons:InstructionAdapter:public:org.objectweb.asm.MethodVisitor::ifnonnull:public:1:org.objectweb.asm.Label:void::3PP
org.objectweb.asm.commons:InstructionAdapter:public:org.objectweb.asm.MethodVisitor::mark:public:1:org.objectweb.asm.Label:void::3PP
org.objectweb.asm.commons:InstructionAdapter:public:org.objectweb.asm.MethodVisitor::<clinit>:static:0::void::3PP
org.objectweb.asm.commons:JSRInlinerAdapter$Instantiation::java.util.AbstractMap::<init>:private:3:org.objectweb.asm.commons.JSRInlinerAdapter,org.objectweb.asm.commons.JSRInlinerAdapter$Instantiation,org.objectweb.asm.commons.JSRInlinerAdapter$Subroutine:void::3PP
org.objectweb.asm.commons:JSRInlinerAdapter$Instantiation::java.util.AbstractMap::findOwner:public:1:int:org.objectweb.asm.commons.JSRInlinerAdapter$Instantiation::3PP
org.objectweb.asm.commons:JSRInlinerAdapter$Instantiation::java.util.AbstractMap::gotoLabel:public:1:org.objectweb.asm.tree.LabelNode:org.objectweb.asm.tree.LabelNode::3PP
org.objectweb.asm.commons:JSRInlinerAdapter$Instantiation::java.util.AbstractMap::rangeLabel:public:1:org.objectweb.asm.tree.LabelNode:org.objectweb.asm.tree.LabelNode::3PP
org.objectweb.asm.commons:JSRInlinerAdapter$Instantiation::java.util.AbstractMap::entrySet:public:0::java.util.Set::3PP
org.objectweb.asm.commons:JSRInlinerAdapter$Instantiation::java.util.AbstractMap::get:public:1:java.lang.Object:java.lang.Object::3PP
org.objectweb.asm.commons:JSRInlinerAdapter$Instantiation::java.util.AbstractMap::<init>::4:org.objectweb.asm.commons.JSRInlinerAdapter,org.objectweb.asm.commons.JSRInlinerAdapter$Instantiation,org.objectweb.asm.commons.JSRInlinerAdapter$Subroutine,org.objectweb.asm.commons.JSRInlinerAdapter$1:void::3PP
org.objectweb.asm.commons:JSRInlinerAdapter:public:org.objectweb.asm.tree.MethodNode:org.objectweb.asm.Opcodes:<init>:public:6:org.objectweb.asm.MethodVisitor,int,java.lang.String,java.lang.String,java.lang.String,java.lang.String[]:void::3PP
org.objectweb.asm.commons:JSRInlinerAdapter:public:org.objectweb.asm.tree.MethodNode:org.objectweb.asm.Opcodes:visitJumpInsn:public:2:int,org.objectweb.asm.Label:void::3PP
org.objectweb.asm.commons:JSRInlinerAdapter:public:org.objectweb.asm.tree.MethodNode:org.objectweb.asm.Opcodes:visitEnd:public:0::void::3PP
org.objectweb.asm.commons:JSRInlinerAdapter:public:org.objectweb.asm.tree.MethodNode:org.objectweb.asm.Opcodes:markSubroutines:private:0::void::3PP
org.objectweb.asm.commons:JSRInlinerAdapter:public:org.objectweb.asm.tree.MethodNode:org.objectweb.asm.Opcodes:markSubroutineWalk:private:3:org.objectweb.asm.commons.JSRInlinerAdapter$Subroutine,int,java.util.BitSet:void::3PP
org.objectweb.asm.commons:JSRInlinerAdapter:public:org.objectweb.asm.tree.MethodNode:org.objectweb.asm.Opcodes:markSubroutineWalkDFS:private:3:org.objectweb.asm.commons.JSRInlinerAdapter$Subroutine,int,java.util.BitSet:void::3PP
org.objectweb.asm.commons:JSRInlinerAdapter:public:org.objectweb.asm.tree.MethodNode:org.objectweb.asm.Opcodes:emitCode:private:0::void::3PP
org.objectweb.asm.commons:JSRInlinerAdapter:public:org.objectweb.asm.tree.MethodNode:org.objectweb.asm.Opcodes:emitSubroutine:private:5:org.objectweb.asm.commons.JSRInlinerAdapter$Instantiation,java.util.List,org.objectweb.asm.tree.InsnList,java.util.List,java.util.List:void::3PP
org.objectweb.asm.commons:JSRInlinerAdapter:public:org.objectweb.asm.tree.MethodNode:org.objectweb.asm.Opcodes:log:private,static:1:java.lang.String:void::3PP
org.objectweb.asm.commons:JSRInlinerAdapter:public:org.objectweb.asm.tree.MethodNode:org.objectweb.asm.Opcodes:access$100:static:1:org.objectweb.asm.commons.JSRInlinerAdapter:java.util.BitSet::3PP
org.objectweb.asm.commons:LocalVariablesSorter:public:org.objectweb.asm.MethodAdapter::<init>:public:3:int,java.lang.String,org.objectweb.asm.MethodVisitor:void::3PP
org.objectweb.asm.commons:LocalVariablesSorter:public:org.objectweb.asm.MethodAdapter::visitVarInsn:public:2:int,int:void::3PP
org.objectweb.asm.commons:LocalVariablesSorter:public:org.objectweb.asm.MethodAdapter::visitIincInsn:public:2:int,int:void::3PP
org.objectweb.asm.commons:LocalVariablesSorter:public:org.objectweb.asm.MethodAdapter::visitMaxs:public:2:int,int:void::3PP
org.objectweb.asm.commons:LocalVariablesSorter:public:org.objectweb.asm.MethodAdapter::visitLocalVariable:public:6:java.lang.String,java.lang.String,java.lang.String,org.objectweb.asm.Label,org.objectweb.asm.Label,int:void::3PP
org.objectweb.asm.commons:LocalVariablesSorter:public:org.objectweb.asm.MethodAdapter::visitFrame:public:5:int,int,java.lang.Object[],int,java.lang.Object[]:void::3PP
org.objectweb.asm.commons:LocalVariablesSorter:public:org.objectweb.asm.MethodAdapter::newLocal:public:1:org.objectweb.asm.Type:int::3PP
org.objectweb.asm.commons:LocalVariablesSorter:public:org.objectweb.asm.MethodAdapter::setLocalType:protected:2:int,org.objectweb.asm.Type:void::3PP
org.objectweb.asm.commons:LocalVariablesSorter:public:org.objectweb.asm.MethodAdapter::setFrameLocal:private:2:int,java.lang.Object:void::3PP
org.objectweb.asm.commons:LocalVariablesSorter:public:org.objectweb.asm.MethodAdapter::remap:private:2:int,org.objectweb.asm.Type:int::3PP
org.objectweb.asm.commons:LocalVariablesSorter:public:org.objectweb.asm.MethodAdapter::newLocalMapping:protected:1:org.objectweb.asm.Type:int::3PP
org.objectweb.asm.commons:LocalVariablesSorter:public:org.objectweb.asm.MethodAdapter::remap:private:2:int,int:int::3PP
org.objectweb.asm.commons:LocalVariablesSorter:public:org.objectweb.asm.MethodAdapter::<clinit>:static:0::void::3PP
org.objectweb.asm.commons:Method:public:java.lang.Object::<init>:public:2:java.lang.String,java.lang.String:void::3PP
org.objectweb.asm.commons:Method:public:java.lang.Object::<init>:public:3:java.lang.String,org.objectweb.asm.Type,org.objectweb.asm.Type[]:void::3PP
org.objectweb.asm.commons:Method:public:java.lang.Object::getMethod:public,static:1:java.lang.reflect.Method:org.objectweb.asm.commons.Method::3PP
org.objectweb.asm.commons:Method:public:java.lang.Object::getMethod:public,static:1:java.lang.reflect.Constructor:org.objectweb.asm.commons.Method::3PP
org.objectweb.asm.commons:Method:public:java.lang.Object::getMethod:public,static:1:java.lang.String:org.objectweb.asm.commons.Method::3PP
org.objectweb.asm.commons:Method:public:java.lang.Object::getMethod:public,static:2:java.lang.String,boolean:org.objectweb.asm.commons.Method::3PP
org.objectweb.asm.commons:Method:public:java.lang.Object::map:private,static:2:java.lang.String,boolean:java.lang.String::3PP
org.objectweb.asm.commons:Method:public:java.lang.Object::getName:public:0::java.lang.String::3PP
org.objectweb.asm.commons:Method:public:java.lang.Object::getDescriptor:public:0::java.lang.String::3PP
org.objectweb.asm.commons:Method:public:java.lang.Object::getReturnType:public:0::org.objectweb.asm.Type::3PP
org.objectweb.asm.commons:Method:public:java.lang.Object::getArgumentTypes:public:0::org.objectweb.asm.Type[]::3PP
org.objectweb.asm.commons:Method:public:java.lang.Object::toString:public:0::java.lang.String::3PP
org.objectweb.asm.commons:Method:public:java.lang.Object::equals:public:1:java.lang.Object:boolean::3PP
org.objectweb.asm.commons:Method:public:java.lang.Object::hashCode:public:0::int::3PP
org.objectweb.asm.commons:Method:public:java.lang.Object::<clinit>:static:0::void::3PP
org.objectweb.asm.commons:MethodRemapper:public:org.objectweb.asm.MethodVisitor::<init>:public:2:org.objectweb.asm.MethodVisitor,org.objectweb.asm.commons.Remapper:void::3PP
org.objectweb.asm.commons:MethodRemapper:public:org.objectweb.asm.MethodVisitor::<init>:protected:3:int,org.objectweb.asm.MethodVisitor,org.objectweb.asm.commons.Remapper:void::3PP
org.objectweb.asm.commons:MethodRemapper:public:org.objectweb.asm.MethodVisitor::visitAnnotationDefault:public:0::org.objectweb.asm.AnnotationVisitor::3PP
org.objectweb.asm.commons:MethodRemapper:public:org.objectweb.asm.MethodVisitor::visitAnnotation:public:2:java.lang.String,boolean:org.objectweb.asm.AnnotationVisitor::3PP
org.objectweb.asm.commons:MethodRemapper:public:org.objectweb.asm.MethodVisitor::visitTypeAnnotation:public:4:int,org.objectweb.asm.TypePath,java.lang.String,boolean:org.objectweb.asm.AnnotationVisitor::3PP
org.objectweb.asm.commons:MethodRemapper:public:org.objectweb.asm.MethodVisitor::visitParameterAnnotation:public:3:int,java.lang.String,boolean:org.objectweb.asm.AnnotationVisitor::3PP
org.objectweb.asm.commons:MethodRemapper:public:org.objectweb.asm.MethodVisitor::visitFrame:public:5:int,int,java.lang.Object[],int,java.lang.Object[]:void::3PP
org.objectweb.asm.commons:MethodRemapper:public:org.objectweb.asm.MethodVisitor::remapFrameTypes:private:2:int,java.lang.Object[]:java.lang.Object[]::3PP
org.objectweb.asm.commons:MethodRemapper:public:org.objectweb.asm.MethodVisitor::visitFieldInsn:public:4:int,java.lang.String,java.lang.String,java.lang.String:void::3PP
org.objectweb.asm.commons:MethodRemapper:public:org.objectweb.asm.MethodVisitor::visitMethodInsn:public:5:int,java.lang.String,java.lang.String,java.lang.String,boolean:void::3PP
org.objectweb.asm.commons:MethodRemapper:public:org.objectweb.asm.MethodVisitor::visitInvokeDynamicInsn:public,transient:4:java.lang.String,java.lang.String,org.objectweb.asm.Handle,java.lang.Object[]:void::3PP
org.objectweb.asm.commons:MethodRemapper:public:org.objectweb.asm.MethodVisitor::visitTypeInsn:public:2:int,java.lang.String:void::3PP
org.objectweb.asm.commons:MethodRemapper:public:org.objectweb.asm.MethodVisitor::visitLdcInsn:public:1:java.lang.Object:void::3PP
org.objectweb.asm.commons:MethodRemapper:public:org.objectweb.asm.MethodVisitor::visitMultiANewArrayInsn:public:2:java.lang.String,int:void::3PP
org.objectweb.asm.commons:MethodRemapper:public:org.objectweb.asm.MethodVisitor::visitInsnAnnotation:public:4:int,org.objectweb.asm.TypePath,java.lang.String,boolean:org.objectweb.asm.AnnotationVisitor::3PP
org.objectweb.asm.commons:MethodRemapper:public:org.objectweb.asm.MethodVisitor::visitTryCatchBlock:public:4:org.objectweb.asm.Label,org.objectweb.asm.Label,org.objectweb.asm.Label,java.lang.String:void::3PP
org.objectweb.asm.commons:MethodRemapper:public:org.objectweb.asm.MethodVisitor::visitTryCatchAnnotation:public:4:int,org.objectweb.asm.TypePath,java.lang.String,boolean:org.objectweb.asm.AnnotationVisitor::3PP
org.objectweb.asm.commons:MethodRemapper:public:org.objectweb.asm.MethodVisitor::visitLocalVariable:public:6:java.lang.String,java.lang.String,java.lang.String,org.objectweb.asm.Label,org.objectweb.asm.Label,int:void::3PP
org.objectweb.asm.commons:MethodRemapper:public:org.objectweb.asm.MethodVisitor::visitLocalVariableAnnotation:public:7:int,org.objectweb.asm.TypePath,org.objectweb.asm.Label[],org.objectweb.asm.Label[],int[],java.lang.String,boolean:org.objectweb.asm.AnnotationVisitor::3PP
org.objectweb.asm.commons:MethodRemapper:public:org.objectweb.asm.MethodVisitor::createAnnotationRemapper:protected:1:org.objectweb.asm.AnnotationVisitor:org.objectweb.asm.AnnotationVisitor::3PP
org.objectweb.asm.commons:ModuleHashesAttribute:public,final:org.objectweb.asm.Attribute::<init>:public:3:java.lang.String,java.util.List,java.util.List:void::3PP
org.objectweb.asm.commons:ModuleHashesAttribute:public,final:org.objectweb.asm.Attribute::<init>:public:0::void::3PP
org.objectweb.asm.commons:ModuleHashesAttribute:public,final:org.objectweb.asm.Attribute::read:protected:6:org.objectweb.asm.ClassReader,int,int,char[],int,org.objectweb.asm.Label[]:org.objectweb.asm.Attribute::3PP
org.objectweb.asm.commons:ModuleHashesAttribute:public,final:org.objectweb.asm.Attribute::write:protected:5:org.objectweb.asm.ClassWriter,byte[],int,int,int:org.objectweb.asm.ByteVector::3PP
org.objectweb.asm.commons:ModuleRemapper:public:org.objectweb.asm.ModuleVisitor::<init>:public:2:org.objectweb.asm.ModuleVisitor,org.objectweb.asm.commons.Remapper:void::3PP
org.objectweb.asm.commons:ModuleRemapper:public:org.objectweb.asm.ModuleVisitor::<init>:protected:3:int,org.objectweb.asm.ModuleVisitor,org.objectweb.asm.commons.Remapper:void::3PP
org.objectweb.asm.commons:ModuleRemapper:public:org.objectweb.asm.ModuleVisitor::visitMainClass:public:1:java.lang.String:void::3PP
org.objectweb.asm.commons:ModuleRemapper:public:org.objectweb.asm.ModuleVisitor::visitPackage:public:1:java.lang.String:void::3PP
org.objectweb.asm.commons:ModuleRemapper:public:org.objectweb.asm.ModuleVisitor::visitRequire:public:3:java.lang.String,int,java.lang.String:void::3PP
org.objectweb.asm.commons:ModuleRemapper:public:org.objectweb.asm.ModuleVisitor::visitExport:public,transient:3:java.lang.String,int,java.lang.String[]:void::3PP
org.objectweb.asm.commons:ModuleRemapper:public:org.objectweb.asm.ModuleVisitor::visitOpen:public,transient:3:java.lang.String,int,java.lang.String[]:void::3PP
org.objectweb.asm.commons:ModuleRemapper:public:org.objectweb.asm.ModuleVisitor::visitUse:public:1:java.lang.String:void::3PP
org.objectweb.asm.commons:ModuleRemapper:public:org.objectweb.asm.ModuleVisitor::visitProvide:public,transient:2:java.lang.String,java.lang.String[]:void::3PP
org.objectweb.asm.commons:ModuleResolutionAttribute:public,final:org.objectweb.asm.Attribute::<init>:public:1:int:void::3PP
org.objectweb.asm.commons:ModuleResolutionAttribute:public,final:org.objectweb.asm.Attribute::<init>:public:0::void::3PP
org.objectweb.asm.commons:ModuleResolutionAttribute:public,final:org.objectweb.asm.Attribute::read:protected:6:org.objectweb.asm.ClassReader,int,int,char[],int,org.objectweb.asm.Label[]:org.objectweb.asm.Attribute::3PP
org.objectweb.asm.commons:ModuleResolutionAttribute:public,final:org.objectweb.asm.Attribute::write:protected:5:org.objectweb.asm.ClassWriter,byte[],int,int,int:org.objectweb.asm.ByteVector::3PP
org.objectweb.asm.commons:ModuleTargetAttribute:public,final:org.objectweb.asm.Attribute::<init>:public:1:java.lang.String:void::3PP
org.objectweb.asm.commons:ModuleTargetAttribute:public,final:org.objectweb.asm.Attribute::<init>:public:0::void::3PP
org.objectweb.asm.commons:ModuleTargetAttribute:public,final:org.objectweb.asm.Attribute::read:protected:6:org.objectweb.asm.ClassReader,int,int,char[],int,org.objectweb.asm.Label[]:org.objectweb.asm.Attribute::3PP
org.objectweb.asm.commons:ModuleTargetAttribute:public,final:org.objectweb.asm.Attribute::write:protected:5:org.objectweb.asm.ClassWriter,byte[],int,int,int:org.objectweb.asm.ByteVector::3PP
org.objectweb.asm.commons:RecordComponentRemapper:public:org.objectweb.asm.RecordComponentVisitor::<init>:public:2:org.objectweb.asm.RecordComponentVisitor,org.objectweb.asm.commons.Remapper:void::3PP
org.objectweb.asm.commons:RecordComponentRemapper:public:org.objectweb.asm.RecordComponentVisitor::<init>:protected:3:int,org.objectweb.asm.RecordComponentVisitor,org.objectweb.asm.commons.Remapper:void::3PP
org.objectweb.asm.commons:RecordComponentRemapper:public:org.objectweb.asm.RecordComponentVisitor::visitAnnotation:public:2:java.lang.String,boolean:org.objectweb.asm.AnnotationVisitor::3PP
org.objectweb.asm.commons:RecordComponentRemapper:public:org.objectweb.asm.RecordComponentVisitor::visitTypeAnnotation:public:4:int,org.objectweb.asm.TypePath,java.lang.String,boolean:org.objectweb.asm.AnnotationVisitor::3PP
org.objectweb.asm.commons:RecordComponentRemapper:public:org.objectweb.asm.RecordComponentVisitor::createAnnotationRemapper:protected:1:org.objectweb.asm.AnnotationVisitor:org.objectweb.asm.AnnotationVisitor::3PP
org.objectweb.asm.commons:Remapper:public,abstract:java.lang.Object::<init>:public:0::void::3PP
org.objectweb.asm.commons:Remapper:public,abstract:java.lang.Object::mapDesc:public:1:java.lang.String:java.lang.String::3PP
org.objectweb.asm.commons:Remapper:public,abstract:java.lang.Object::mapType:private:1:org.objectweb.asm.Type:org.objectweb.asm.Type::3PP
org.objectweb.asm.commons:Remapper:public,abstract:java.lang.Object::mapType:public:1:java.lang.String:java.lang.String::3PP
org.objectweb.asm.commons:Remapper:public,abstract:java.lang.Object::mapTypes:public:1:java.lang.String[]:java.lang.String[]::3PP
org.objectweb.asm.commons:Remapper:public,abstract:java.lang.Object::mapMethodDesc:public:1:java.lang.String:java.lang.String::3PP
org.objectweb.asm.commons:Remapper:public,abstract:java.lang.Object::mapValue:public:1:java.lang.Object:java.lang.Object::3PP
org.objectweb.asm.commons:Remapper:public,abstract:java.lang.Object::mapSignature:public:2:java.lang.String,boolean:java.lang.String::3PP
org.objectweb.asm.commons:Remapper:public,abstract:java.lang.Object::createRemappingSignatureAdapter:protected:1:org.objectweb.asm.signature.SignatureVisitor:org.objectweb.asm.signature.SignatureVisitor::3PP
org.objectweb.asm.commons:Remapper:public,abstract:java.lang.Object::mapMethodName:public:3:java.lang.String,java.lang.String,java.lang.String:java.lang.String::3PP
org.objectweb.asm.commons:Remapper:public,abstract:java.lang.Object::mapFieldName:public:3:java.lang.String,java.lang.String,java.lang.String:java.lang.String::3PP
org.objectweb.asm.commons:Remapper:public,abstract:java.lang.Object::map:public:1:java.lang.String:java.lang.String::3PP
org.objectweb.asm.commons:SerialVersionUIDAdder$Item::java.lang.Object:java.lang.Comparable:<init>::3:java.lang.String,int,java.lang.String:void::3PP
org.objectweb.asm.commons:SerialVersionUIDAdder$Item::java.lang.Object:java.lang.Comparable:compareTo:public:1:java.lang.Object:int::3PP
org.objectweb.asm.commons:SerialVersionUIDAdder:public:org.objectweb.asm.ClassAdapter::<init>:public:1:org.objectweb.asm.ClassVisitor:void::3PP
org.objectweb.asm.commons:SerialVersionUIDAdder:public:org.objectweb.asm.ClassAdapter::visit:public:6:int,int,java.lang.String,java.lang.String,java.lang.String,java.lang.String[]:void::3PP
org.objectweb.asm.commons:SerialVersionUIDAdder:public:org.objectweb.asm.ClassAdapter::visitMethod:public:5:int,java.lang.String,java.lang.String,java.lang.String,java.lang.String[]:org.objectweb.asm.MethodVisitor::3PP
org.objectweb.asm.commons:SerialVersionUIDAdder:public:org.objectweb.asm.ClassAdapter::visitField:public:5:int,java.lang.String,java.lang.String,java.lang.String,java.lang.Object:org.objectweb.asm.FieldVisitor::3PP
org.objectweb.asm.commons:SerialVersionUIDAdder:public:org.objectweb.asm.ClassAdapter::visitInnerClass:public:4:java.lang.String,java.lang.String,java.lang.String,int:void::3PP
org.objectweb.asm.commons:SerialVersionUIDAdder:public:org.objectweb.asm.ClassAdapter::visitEnd:public:0::void::3PP
org.objectweb.asm.commons:SerialVersionUIDAdder:public:org.objectweb.asm.ClassAdapter::computeSVUID:protected:0::long::3PP
org.objectweb.asm.commons:SerialVersionUIDAdder:public:org.objectweb.asm.ClassAdapter::computeSHAdigest:protected:1:byte[]:byte[]::3PP
org.objectweb.asm.commons:SerialVersionUIDAdder:public:org.objectweb.asm.ClassAdapter::writeItems:private,static:3:java.util.Collection,java.io.DataOutput,boolean:void::3PP
org.objectweb.asm.commons:SignatureRemapper:public:org.objectweb.asm.signature.SignatureVisitor::<init>:public:2:org.objectweb.asm.signature.SignatureVisitor,org.objectweb.asm.commons.Remapper:void::3PP
org.objectweb.asm.commons:SignatureRemapper:public:org.objectweb.asm.signature.SignatureVisitor::<init>:protected:3:int,org.objectweb.asm.signature.SignatureVisitor,org.objectweb.asm.commons.Remapper:void::3PP
org.objectweb.asm.commons:SignatureRemapper:public:org.objectweb.asm.signature.SignatureVisitor::visitClassType:public:1:java.lang.String:void::3PP
org.objectweb.asm.commons:SignatureRemapper:public:org.objectweb.asm.signature.SignatureVisitor::visitInnerClassType:public:1:java.lang.String:void::3PP
org.objectweb.asm.commons:SignatureRemapper:public:org.objectweb.asm.signature.SignatureVisitor::visitFormalTypeParameter:public:1:java.lang.String:void::3PP
org.objectweb.asm.commons:SignatureRemapper:public:org.objectweb.asm.signature.SignatureVisitor::visitTypeVariable:public:1:java.lang.String:void::3PP
org.objectweb.asm.commons:SignatureRemapper:public:org.objectweb.asm.signature.SignatureVisitor::visitArrayType:public:0::org.objectweb.asm.signature.SignatureVisitor::3PP
org.objectweb.asm.commons:SignatureRemapper:public:org.objectweb.asm.signature.SignatureVisitor::visitBaseType:public:1:char:void::3PP
org.objectweb.asm.commons:SignatureRemapper:public:org.objectweb.asm.signature.SignatureVisitor::visitClassBound:public:0::org.objectweb.asm.signature.SignatureVisitor::3PP
org.objectweb.asm.commons:SignatureRemapper:public:org.objectweb.asm.signature.SignatureVisitor::visitExceptionType:public:0::org.objectweb.asm.signature.SignatureVisitor::3PP
org.objectweb.asm.commons:SignatureRemapper:public:org.objectweb.asm.signature.SignatureVisitor::visitInterface:public:0::org.objectweb.asm.signature.SignatureVisitor::3PP
org.objectweb.asm.commons:SignatureRemapper:public:org.objectweb.asm.signature.SignatureVisitor::visitInterfaceBound:public:0::org.objectweb.asm.signature.SignatureVisitor::3PP
org.objectweb.asm.commons:SignatureRemapper:public:org.objectweb.asm.signature.SignatureVisitor::visitParameterType:public:0::org.objectweb.asm.signature.SignatureVisitor::3PP
org.objectweb.asm.commons:SignatureRemapper:public:org.objectweb.asm.signature.SignatureVisitor::visitReturnType:public:0::org.objectweb.asm.signature.SignatureVisitor::3PP
org.objectweb.asm.commons:SignatureRemapper:public:org.objectweb.asm.signature.SignatureVisitor::visitSuperclass:public:0::org.objectweb.asm.signature.SignatureVisitor::3PP
org.objectweb.asm.commons:SignatureRemapper:public:org.objectweb.asm.signature.SignatureVisitor::visitTypeArgument:public:0::void::3PP
org.objectweb.asm.commons:SignatureRemapper:public:org.objectweb.asm.signature.SignatureVisitor::visitTypeArgument:public:1:char:org.objectweb.asm.signature.SignatureVisitor::3PP
org.objectweb.asm.commons:SignatureRemapper:public:org.objectweb.asm.signature.SignatureVisitor::visitEnd:public:0::void::3PP
org.objectweb.asm.commons:SimpleRemapper:public:org.objectweb.asm.commons.Remapper::<init>:public:1:java.util.Map:void::3PP
org.objectweb.asm.commons:SimpleRemapper:public:org.objectweb.asm.commons.Remapper::<init>:public:2:java.lang.String,java.lang.String:void::3PP
org.objectweb.asm.commons:SimpleRemapper:public:org.objectweb.asm.commons.Remapper::mapMethodName:public:3:java.lang.String,java.lang.String,java.lang.String:java.lang.String::3PP
org.objectweb.asm.commons:SimpleRemapper:public:org.objectweb.asm.commons.Remapper::mapFieldName:public:3:java.lang.String,java.lang.String,java.lang.String:java.lang.String::3PP
org.objectweb.asm.commons:SimpleRemapper:public:org.objectweb.asm.commons.Remapper::map:public:1:java.lang.String:java.lang.String::3PP
org.objectweb.asm.commons:StaticInitMerger:public:org.objectweb.asm.ClassAdapter::<init>:public:2:java.lang.String,org.objectweb.asm.ClassVisitor:void::3PP
org.objectweb.asm.commons:StaticInitMerger:public:org.objectweb.asm.ClassAdapter::visit:public:6:int,int,java.lang.String,java.lang.String,java.lang.String,java.lang.String[]:void::3PP
org.objectweb.asm.commons:StaticInitMerger:public:org.objectweb.asm.ClassAdapter::visitMethod:public:5:int,java.lang.String,java.lang.String,java.lang.String,java.lang.String[]:org.objectweb.asm.MethodVisitor::3PP
org.objectweb.asm.commons:StaticInitMerger:public:org.objectweb.asm.ClassAdapter::visitEnd:public:0::void::3PP
org.objectweb.asm.commons:TableSwitchGenerator:public,abstract,interface:::generateCase:public,abstract:2:int,org.objectweb.asm.Label:void::3PP
org.objectweb.asm.commons:TableSwitchGenerator:public,abstract,interface:::generateDefault:public,abstract:0::void::3PP
org.objectweb.asm.commons:TryCatchBlockSorter$1::java.lang.Object:java.util.Comparator:<init>::1:org.objectweb.asm.commons.TryCatchBlockSorter:void::3PP
org.objectweb.asm.commons:TryCatchBlockSorter$1::java.lang.Object:java.util.Comparator:compare:public:2:org.objectweb.asm.tree.TryCatchBlockNode,org.objectweb.asm.tree.TryCatchBlockNode:int::3PP
org.objectweb.asm.commons:TryCatchBlockSorter$1::java.lang.Object:java.util.Comparator:blockLength:private:1:org.objectweb.asm.tree.TryCatchBlockNode:int::3PP
org.objectweb.asm.commons:TryCatchBlockSorter$1::java.lang.Object:java.util.Comparator:compare:public,volatile:2:java.lang.Object,java.lang.Object:int::3PP
org.objectweb.asm.commons:TryCatchBlockSorter:public:org.objectweb.asm.tree.MethodNode::<init>:public:6:org.objectweb.asm.MethodVisitor,int,java.lang.String,java.lang.String,java.lang.String,java.lang.String[]:void::3PP
org.objectweb.asm.commons:TryCatchBlockSorter:public:org.objectweb.asm.tree.MethodNode::<init>:protected:7:int,org.objectweb.asm.MethodVisitor,int,java.lang.String,java.lang.String,java.lang.String,java.lang.String[]:void::3PP
org.objectweb.asm.commons:TryCatchBlockSorter:public:org.objectweb.asm.tree.MethodNode::visitEnd:public:0::void::3PP
