javax.mail:Address:public,abstract:java.lang.Object:java.io.Serializable:<init>:public:0::void::3PP
javax.mail:Address:public,abstract:java.lang.Object:java.io.Serializable:equals:public,abstract:1:java.lang.Object:boolean::3PP
javax.mail:Address:public,abstract:java.lang.Object:java.io.Serializable:getType:public,abstract:0::java.lang.String::3PP
javax.mail:Address:public,abstract:java.lang.Object:java.io.Serializable:toString:public,abstract:0::java.lang.String::3PP
javax.mail:AuthenticationFailedException:public:javax.mail.MessagingException::<init>:public:0::void::3PP
javax.mail:AuthenticationFailedException:public:javax.mail.MessagingException::<init>:public:1:java.lang.String:void::3PP
javax.mail:Authenticator:public,abstract:java.lang.Object::<init>:public:0::void::3PP
javax.mail:Authenticator:public,abstract:java.lang.Object::getDefaultUserName:protected,final:0::java.lang.String::3PP
javax.mail:Authenticator:public,abstract:java.lang.Object::getPasswordAuthentication:protected:0::javax.mail.PasswordAuthentication::3PP
javax.mail:Authenticator:public,abstract:java.lang.Object::getRequestingPort:protected,final:0::int::3PP
javax.mail:Authenticator:public,abstract:java.lang.Object::getRequestingPrompt:protected,final:0::java.lang.String::3PP
javax.mail:Authenticator:public,abstract:java.lang.Object::getRequestingProtocol:protected,final:0::java.lang.String::3PP
javax.mail:Authenticator:public,abstract:java.lang.Object::getRequestingSite:protected,final:0::java.net.InetAddress::3PP
javax.mail:BodyPart:public,abstract:java.lang.Object:javax.mail.Part:<init>:public:0::void::3PP
javax.mail:BodyPart:public,abstract:java.lang.Object:javax.mail.Part:getParent:public:0::javax.mail.Multipart::3PP
javax.mail.event:ConnectionAdapter:public,abstract:java.lang.Object:javax.mail.event.ConnectionListener:<init>:public:0::void::3PP
javax.mail.event:ConnectionAdapter:public,abstract:java.lang.Object:javax.mail.event.ConnectionListener:closed:public:1:javax.mail.event.ConnectionEvent:void::3PP
javax.mail.event:ConnectionAdapter:public,abstract:java.lang.Object:javax.mail.event.ConnectionListener:disconnected:public:1:javax.mail.event.ConnectionEvent:void::3PP
javax.mail.event:ConnectionAdapter:public,abstract:java.lang.Object:javax.mail.event.ConnectionListener:opened:public:1:javax.mail.event.ConnectionEvent:void::3PP
javax.mail.event:ConnectionEvent:public:javax.mail.event.MailEvent::<init>:public:2:java.lang.Object,int:void::3PP
javax.mail.event:ConnectionEvent:public:javax.mail.event.MailEvent::dispatch:public:1:java.lang.Object:void::3PP
javax.mail.event:ConnectionEvent:public:javax.mail.event.MailEvent::getType:public:0::int::3PP
javax.mail.event:ConnectionListener:public,abstract,interface::java.util.EventListener:closed:public,abstract:1:javax.mail.event.ConnectionEvent:void::3PP
javax.mail.event:ConnectionListener:public,abstract,interface::java.util.EventListener:disconnected:public,abstract:1:javax.mail.event.ConnectionEvent:void::3PP
javax.mail.event:ConnectionListener:public,abstract,interface::java.util.EventListener:opened:public,abstract:1:javax.mail.event.ConnectionEvent:void::3PP
javax.mail.event:FolderAdapter:public,abstract:java.lang.Object:javax.mail.event.FolderListener:<init>:public:0::void::3PP
javax.mail.event:FolderAdapter:public,abstract:java.lang.Object:javax.mail.event.FolderListener:folderCreated:public:1:javax.mail.event.FolderEvent:void::3PP
javax.mail.event:FolderAdapter:public,abstract:java.lang.Object:javax.mail.event.FolderListener:folderDeleted:public:1:javax.mail.event.FolderEvent:void::3PP
javax.mail.event:FolderAdapter:public,abstract:java.lang.Object:javax.mail.event.FolderListener:folderRenamed:public:1:javax.mail.event.FolderEvent:void::3PP
javax.mail.event:FolderEvent:public:javax.mail.event.MailEvent::<init>:public:4:java.lang.Object,javax.mail.Folder,javax.mail.Folder,int:void::3PP
javax.mail.event:FolderEvent:public:javax.mail.event.MailEvent::<init>:public:3:java.lang.Object,javax.mail.Folder,int:void::3PP
javax.mail.event:FolderEvent:public:javax.mail.event.MailEvent::dispatch:public:1:java.lang.Object:void::3PP
javax.mail.event:FolderEvent:public:javax.mail.event.MailEvent::getFolder:public:0::javax.mail.Folder::3PP
javax.mail.event:FolderEvent:public:javax.mail.event.MailEvent::getNewFolder:public:0::javax.mail.Folder::3PP
javax.mail.event:FolderEvent:public:javax.mail.event.MailEvent::getType:public:0::int::3PP
javax.mail.event:FolderListener:public,abstract,interface::java.util.EventListener:folderCreated:public,abstract:1:javax.mail.event.FolderEvent:void::3PP
javax.mail.event:FolderListener:public,abstract,interface::java.util.EventListener:folderDeleted:public,abstract:1:javax.mail.event.FolderEvent:void::3PP
javax.mail.event:FolderListener:public,abstract,interface::java.util.EventListener:folderRenamed:public,abstract:1:javax.mail.event.FolderEvent:void::3PP
javax.mail.event:MailEvent:public,abstract:java.util.EventObject::<init>:public:1:java.lang.Object:void::3PP
javax.mail.event:MailEvent:public,abstract:java.util.EventObject::dispatch:public,abstract:1:java.lang.Object:void::3PP
javax.mail.event:MessageChangedEvent:public:javax.mail.event.MailEvent::<init>:public:3:java.lang.Object,int,javax.mail.Message:void::3PP
javax.mail.event:MessageChangedEvent:public:javax.mail.event.MailEvent::dispatch:public:1:java.lang.Object:void::3PP
javax.mail.event:MessageChangedEvent:public:javax.mail.event.MailEvent::getMessage:public:0::javax.mail.Message::3PP
javax.mail.event:MessageChangedEvent:public:javax.mail.event.MailEvent::getMessageChangeType:public:0::int::3PP
javax.mail.event:MessageChangedListener:public,abstract,interface::java.util.EventListener:messageChanged:public,abstract:1:javax.mail.event.MessageChangedEvent:void::3PP
javax.mail.event:MessageCountAdapter:public,abstract:java.lang.Object:javax.mail.event.MessageCountListener:<init>:public:0::void::3PP
javax.mail.event:MessageCountAdapter:public,abstract:java.lang.Object:javax.mail.event.MessageCountListener:messagesAdded:public:1:javax.mail.event.MessageCountEvent:void::3PP
javax.mail.event:MessageCountAdapter:public,abstract:java.lang.Object:javax.mail.event.MessageCountListener:messagesRemoved:public:1:javax.mail.event.MessageCountEvent:void::3PP
javax.mail.event:MessageCountEvent:public:javax.mail.event.MailEvent::<init>:public:4:javax.mail.Folder,int,boolean,javax.mail.Message[]:void::3PP
javax.mail.event:MessageCountEvent:public:javax.mail.event.MailEvent::dispatch:public:1:java.lang.Object:void::3PP
javax.mail.event:MessageCountEvent:public:javax.mail.event.MailEvent::getMessages:public:0::javax.mail.Message[]::3PP
javax.mail.event:MessageCountEvent:public:javax.mail.event.MailEvent::getType:public:0::int::3PP
javax.mail.event:MessageCountEvent:public:javax.mail.event.MailEvent::isRemoved:public:0::boolean::3PP
javax.mail.event:MessageCountListener:public,abstract,interface::java.util.EventListener:messagesAdded:public,abstract:1:javax.mail.event.MessageCountEvent:void::3PP
javax.mail.event:MessageCountListener:public,abstract,interface::java.util.EventListener:messagesRemoved:public,abstract:1:javax.mail.event.MessageCountEvent:void::3PP
javax.mail.event:StoreEvent:public:javax.mail.event.MailEvent::<init>:public:3:javax.mail.Store,int,java.lang.String:void::3PP
javax.mail.event:StoreEvent:public:javax.mail.event.MailEvent::getMessageType:public:0::int::3PP
javax.mail.event:StoreEvent:public:javax.mail.event.MailEvent::getMessage:public:0::java.lang.String::3PP
javax.mail.event:StoreEvent:public:javax.mail.event.MailEvent::dispatch:public:1:java.lang.Object:void::3PP
javax.mail.event:StoreListener:public,abstract,interface::java.util.EventListener:notification:public,abstract:1:javax.mail.event.StoreEvent:void::3PP
javax.mail.event:TransportAdapter:public,abstract:java.lang.Object:javax.mail.event.TransportListener:<init>:public:0::void::3PP
javax.mail.event:TransportAdapter:public,abstract:java.lang.Object:javax.mail.event.TransportListener:messageDelivered:public:1:javax.mail.event.TransportEvent:void::3PP
javax.mail.event:TransportAdapter:public,abstract:java.lang.Object:javax.mail.event.TransportListener:messageNotDelivered:public:1:javax.mail.event.TransportEvent:void::3PP
javax.mail.event:TransportAdapter:public,abstract:java.lang.Object:javax.mail.event.TransportListener:messagePartiallyDelivered:public:1:javax.mail.event.TransportEvent:void::3PP
javax.mail.event:TransportEvent:public:javax.mail.event.MailEvent::<init>:public:6:javax.mail.Transport,int,javax.mail.Address[],javax.mail.Address[],javax.mail.Address[],javax.mail.Message:void::3PP
javax.mail.event:TransportEvent:public:javax.mail.event.MailEvent::getValidSentAddresses:public:0::javax.mail.Address[]::3PP
javax.mail.event:TransportEvent:public:javax.mail.event.MailEvent::getValidUnsentAddresses:public:0::javax.mail.Address[]::3PP
javax.mail.event:TransportEvent:public:javax.mail.event.MailEvent::getInvalidAddresses:public:0::javax.mail.Address[]::3PP
javax.mail.event:TransportEvent:public:javax.mail.event.MailEvent::getMessage:public:0::javax.mail.Message::3PP
javax.mail.event:TransportEvent:public:javax.mail.event.MailEvent::getType:public:0::int::3PP
javax.mail.event:TransportEvent:public:javax.mail.event.MailEvent::dispatch:public:1:java.lang.Object:void::3PP
javax.mail.event:TransportListener:public,abstract,interface::java.util.EventListener:messageDelivered:public,abstract:1:javax.mail.event.TransportEvent:void::3PP
javax.mail.event:TransportListener:public,abstract,interface::java.util.EventListener:messageNotDelivered:public,abstract:1:javax.mail.event.TransportEvent:void::3PP
javax.mail.event:TransportListener:public,abstract,interface::java.util.EventListener:messagePartiallyDelivered:public,abstract:1:javax.mail.event.TransportEvent:void::3PP
javax.mail:FetchProfile$Item:public:java.lang.Object::<init>:protected:1:java.lang.String:void::3PP
javax.mail:FetchProfile$Item:public:java.lang.Object::getHeader::0::java.lang.String::3PP
javax.mail:FetchProfile$Item:public:java.lang.Object::access$000:static:1:javax.mail.FetchProfile$Item:java.lang.String::3PP
javax.mail:FetchProfile$Item:public:java.lang.Object::<clinit>:static:0::void::3PP
javax.mail:FetchProfile:public:java.lang.Object::<init>:public:0::void::3PP
javax.mail:FetchProfile:public:java.lang.Object::add:public:1:javax.mail.FetchProfile$Item:void::3PP
javax.mail:FetchProfile:public:java.lang.Object::add:public:1:java.lang.String:void::3PP
javax.mail:FetchProfile:public:java.lang.Object::contains:public:1:javax.mail.FetchProfile$Item:boolean::3PP
javax.mail:FetchProfile:public:java.lang.Object::contains:public:1:java.lang.String:boolean::3PP
javax.mail:FetchProfile:public:java.lang.Object::getHeaderNames:public:0::java.lang.String[]::3PP
javax.mail:FetchProfile:public:java.lang.Object::getItems:public:0::javax.mail.FetchProfile$Item[]::3PP
javax.mail:FetchProfile:public:java.lang.Object::<clinit>:static:0::void::3PP
javax.mail:Flags$Flag:public,final:java.lang.Object::<init>:private:1:java.lang.String:void::3PP
javax.mail:Flags$Flag:public,final:java.lang.Object::<init>:private:2:java.lang.String,boolean:void::3PP
javax.mail:Flags$Flag:public,final:java.lang.Object::getName:private:0::java.lang.String::3PP
javax.mail:Flags$Flag:public,final:java.lang.Object::isSystemFlag:private:0::boolean::3PP
javax.mail:Flags$Flag:public,final:java.lang.Object::access$000:static:1:javax.mail.Flags$Flag:java.lang.String::3PP
javax.mail:Flags$Flag:public,final:java.lang.Object::<init>::2:java.lang.String,javax.mail.Flags$1:void::3PP
javax.mail:Flags$Flag:public,final:java.lang.Object::access$200:static:1:javax.mail.Flags$Flag:boolean::3PP
javax.mail:Flags$Flag:public,final:java.lang.Object::<clinit>:static:0::void::3PP
javax.mail:Flags:public:java.lang.Object:java.lang.Cloneable,java.io.Serializable:<init>:public:0::void::3PP
javax.mail:Flags:public:java.lang.Object:java.lang.Cloneable,java.io.Serializable:<init>:public:1:javax.mail.Flags$Flag:void::3PP
javax.mail:Flags:public:java.lang.Object:java.lang.Cloneable,java.io.Serializable:<init>:public:1:javax.mail.Flags:void::3PP
javax.mail:Flags:public:java.lang.Object:java.lang.Cloneable,java.io.Serializable:<init>:public:1:java.lang.String:void::3PP
javax.mail:Flags:public:java.lang.Object:java.lang.Cloneable,java.io.Serializable:add:public:1:javax.mail.Flags$Flag:void::3PP
javax.mail:Flags:public:java.lang.Object:java.lang.Cloneable,java.io.Serializable:add:public:1:javax.mail.Flags:void::3PP
javax.mail:Flags:public:java.lang.Object:java.lang.Cloneable,java.io.Serializable:add:public:1:java.lang.String:void::3PP
javax.mail:Flags:public:java.lang.Object:java.lang.Cloneable,java.io.Serializable:clone:public:0::java.lang.Object::3PP
javax.mail:Flags:public:java.lang.Object:java.lang.Cloneable,java.io.Serializable:contains:public:1:javax.mail.Flags$Flag:boolean::3PP
javax.mail:Flags:public:java.lang.Object:java.lang.Cloneable,java.io.Serializable:contains:public:1:javax.mail.Flags:boolean::3PP
javax.mail:Flags:public:java.lang.Object:java.lang.Cloneable,java.io.Serializable:contains:public:1:java.lang.String:boolean::3PP
javax.mail:Flags:public:java.lang.Object:java.lang.Cloneable,java.io.Serializable:equals:public:1:java.lang.Object:boolean::3PP
javax.mail:Flags:public:java.lang.Object:java.lang.Cloneable,java.io.Serializable:getSystemFlags:public:0::javax.mail.Flags$Flag[]::3PP
javax.mail:Flags:public:java.lang.Object:java.lang.Cloneable,java.io.Serializable:getUserFlags:public:0::java.lang.String[]::3PP
javax.mail:Flags:public:java.lang.Object:java.lang.Cloneable,java.io.Serializable:hashCode:public:0::int::3PP
javax.mail:Flags:public:java.lang.Object:java.lang.Cloneable,java.io.Serializable:remove:public:1:javax.mail.Flags$Flag:void::3PP
javax.mail:Flags:public:java.lang.Object:java.lang.Cloneable,java.io.Serializable:remove:public:1:javax.mail.Flags:void::3PP
javax.mail:Flags:public:java.lang.Object:java.lang.Cloneable,java.io.Serializable:remove:public:1:java.lang.String:void::3PP
javax.mail:Flags:public:java.lang.Object:java.lang.Cloneable,java.io.Serializable:toString:public:0::java.lang.String::3PP
javax.mail:Flags:public:java.lang.Object:java.lang.Cloneable,java.io.Serializable:<clinit>:static:0::void::3PP
javax.mail:Folder:public,abstract:java.lang.Object::<init>:protected:1:javax.mail.Store:void::3PP
javax.mail:Folder:public,abstract:java.lang.Object::addConnectionListener:public:1:javax.mail.event.ConnectionListener:void::3PP
javax.mail:Folder:public,abstract:java.lang.Object::addFolderListener:public:1:javax.mail.event.FolderListener:void::3PP
javax.mail:Folder:public,abstract:java.lang.Object::addMessageChangedListener:public:1:javax.mail.event.MessageChangedListener:void::3PP
javax.mail:Folder:public,abstract:java.lang.Object::addMessageCountListener:public:1:javax.mail.event.MessageCountListener:void::3PP
javax.mail:Folder:public,abstract:java.lang.Object::appendMessages:public,abstract:1:javax.mail.Message[]:void::3PP
javax.mail:Folder:public,abstract:java.lang.Object::close:public,abstract:1:boolean:void::3PP
javax.mail:Folder:public,abstract:java.lang.Object::copyMessages:public:2:javax.mail.Message[],javax.mail.Folder:void::3PP
javax.mail:Folder:public,abstract:java.lang.Object::create:public,abstract:1:int:boolean::3PP
javax.mail:Folder:public,abstract:java.lang.Object::delete:public,abstract:1:boolean:boolean::3PP
javax.mail:Folder:public,abstract:java.lang.Object::exists:public,abstract:0::boolean::3PP
javax.mail:Folder:public,abstract:java.lang.Object::expunge:public,abstract:0::javax.mail.Message[]::3PP
javax.mail:Folder:public,abstract:java.lang.Object::fetch:public:2:javax.mail.Message[],javax.mail.FetchProfile:void::3PP
javax.mail:Folder:public,abstract:java.lang.Object::finalize:protected:0::void::3PP
javax.mail:Folder:public,abstract:java.lang.Object::getCount:private:1:javax.mail.Flags$Flag:int::3PP
javax.mail:Folder:public,abstract:java.lang.Object::getCount:private:2:javax.mail.Flags$Flag,boolean:int::3PP
javax.mail:Folder:public,abstract:java.lang.Object::getDeletedMessageCount:public:0::int::3PP
javax.mail:Folder:public,abstract:java.lang.Object::getFolder:public,abstract:1:java.lang.String:javax.mail.Folder::3PP
javax.mail:Folder:public,abstract:java.lang.Object::getFullName:public,abstract:0::java.lang.String::3PP
javax.mail:Folder:public,abstract:java.lang.Object::getMessage:public,abstract:1:int:javax.mail.Message::3PP
javax.mail:Folder:public,abstract:java.lang.Object::getMessageCount:public,abstract:0::int::3PP
javax.mail:Folder:public,abstract:java.lang.Object::getMessages:public:0::javax.mail.Message[]::3PP
javax.mail:Folder:public,abstract:java.lang.Object::getMessages:public:2:int,int:javax.mail.Message[]::3PP
javax.mail:Folder:public,abstract:java.lang.Object::getMessages:public:1:int[]:javax.mail.Message[]::3PP
javax.mail:Folder:public,abstract:java.lang.Object::getMode:public:0::int::3PP
javax.mail:Folder:public,abstract:java.lang.Object::getName:public,abstract:0::java.lang.String::3PP
javax.mail:Folder:public,abstract:java.lang.Object::getNewMessageCount:public:0::int::3PP
javax.mail:Folder:public,abstract:java.lang.Object::getParent:public,abstract:0::javax.mail.Folder::3PP
javax.mail:Folder:public,abstract:java.lang.Object::getPermanentFlags:public,abstract:0::javax.mail.Flags::3PP
javax.mail:Folder:public,abstract:java.lang.Object::getSeparator:public,abstract:0::char::3PP
javax.mail:Folder:public,abstract:java.lang.Object::getStore:public:0::javax.mail.Store::3PP
javax.mail:Folder:public,abstract:java.lang.Object::getType:public,abstract:0::int::3PP
javax.mail:Folder:public,abstract:java.lang.Object::getUnreadMessageCount:public:0::int::3PP
javax.mail:Folder:public,abstract:java.lang.Object::getURLName:public:0::javax.mail.URLName::3PP
javax.mail:Folder:public,abstract:java.lang.Object::hasNewMessages:public,abstract:0::boolean::3PP
javax.mail:Folder:public,abstract:java.lang.Object::isOpen:public,abstract:0::boolean::3PP
javax.mail:Folder:public,abstract:java.lang.Object::isSubscribed:public:0::boolean::3PP
javax.mail:Folder:public,abstract:java.lang.Object::list:public:0::javax.mail.Folder[]::3PP
javax.mail:Folder:public,abstract:java.lang.Object::list:public,abstract:1:java.lang.String:javax.mail.Folder[]::3PP
javax.mail:Folder:public,abstract:java.lang.Object::listSubscribed:public:0::javax.mail.Folder[]::3PP
javax.mail:Folder:public,abstract:java.lang.Object::listSubscribed:public:1:java.lang.String:javax.mail.Folder[]::3PP
javax.mail:Folder:public,abstract:java.lang.Object::notifyConnectionListeners:protected:1:int:void::3PP
javax.mail:Folder:public,abstract:java.lang.Object::notifyFolderListeners:protected:1:int:void::3PP
javax.mail:Folder:public,abstract:java.lang.Object::notifyFolderRenamedListeners:protected:1:javax.mail.Folder:void::3PP
javax.mail:Folder:public,abstract:java.lang.Object::notifyMessageAddedListeners:protected:1:javax.mail.Message[]:void::3PP
javax.mail:Folder:public,abstract:java.lang.Object::notifyMessageChangedListeners:protected:2:int,javax.mail.Message:void::3PP
javax.mail:Folder:public,abstract:java.lang.Object::notifyMessageRemovedListeners:protected:2:boolean,javax.mail.Message[]:void::3PP
javax.mail:Folder:public,abstract:java.lang.Object::open:public,abstract:1:int:void::3PP
javax.mail:Folder:public,abstract:java.lang.Object::removeConnectionListener:public:1:javax.mail.event.ConnectionListener:void::3PP
javax.mail:Folder:public,abstract:java.lang.Object::removeFolderListener:public:1:javax.mail.event.FolderListener:void::3PP
javax.mail:Folder:public,abstract:java.lang.Object::removeMessageChangedListener:public:1:javax.mail.event.MessageChangedListener:void::3PP
javax.mail:Folder:public,abstract:java.lang.Object::removeMessageCountListener:public:1:javax.mail.event.MessageCountListener:void::3PP
javax.mail:Folder:public,abstract:java.lang.Object::renameTo:public,abstract:1:javax.mail.Folder:boolean::3PP
javax.mail:Folder:public,abstract:java.lang.Object::search:public:1:javax.mail.search.SearchTerm:javax.mail.Message[]::3PP
javax.mail:Folder:public,abstract:java.lang.Object::search:public:2:javax.mail.search.SearchTerm,javax.mail.Message[]:javax.mail.Message[]::3PP
javax.mail:Folder:public,abstract:java.lang.Object::setFlags:public:4:int,int,javax.mail.Flags,boolean:void::3PP
javax.mail:Folder:public,abstract:java.lang.Object::setFlags:public:3:int[],javax.mail.Flags,boolean:void::3PP
javax.mail:Folder:public,abstract:java.lang.Object::setFlags:public:3:javax.mail.Message[],javax.mail.Flags,boolean:void::3PP
javax.mail:Folder:public,abstract:java.lang.Object::setSubscribed:public:1:boolean:void::3PP
javax.mail:Folder:public,abstract:java.lang.Object::toString:public:0::java.lang.String::3PP
javax.mail:Folder:public,abstract:java.lang.Object::<clinit>:static:0::void::3PP
javax.mail:FolderClosedException:public:javax.mail.MessagingException::<init>:public:1:javax.mail.Folder:void::3PP
javax.mail:FolderClosedException:public:javax.mail.MessagingException::<init>:public:2:javax.mail.Folder,java.lang.String:void::3PP
javax.mail:FolderClosedException:public:javax.mail.MessagingException::getFolder:public:0::javax.mail.Folder::3PP
javax.mail:FolderNotFoundException:public:javax.mail.MessagingException::<init>:public:0::void::3PP
javax.mail:FolderNotFoundException:public:javax.mail.MessagingException::<init>:public:1:javax.mail.Folder:void::3PP
javax.mail:FolderNotFoundException:public:javax.mail.MessagingException::<init>:public:2:javax.mail.Folder,java.lang.String:void::3PP
javax.mail:FolderNotFoundException:public:javax.mail.MessagingException::<init>:public:2:java.lang.String,javax.mail.Folder:void::3PP
javax.mail:FolderNotFoundException:public:javax.mail.MessagingException::getFolder:public:0::javax.mail.Folder::3PP
javax.mail:Header:public:java.lang.Object::<init>:public:2:java.lang.String,java.lang.String:void::3PP
javax.mail:Header:public:java.lang.Object::getName:public:0::java.lang.String::3PP
javax.mail:Header:public:java.lang.Object::getValue:public:0::java.lang.String::3PP
javax.mail:IllegalWriteException:public:javax.mail.MessagingException::<init>:public:0::void::3PP
javax.mail:IllegalWriteException:public:javax.mail.MessagingException::<init>:public:1:java.lang.String:void::3PP
javax.mail.internet:AddressException:public:javax.mail.internet.ParseException::<init>:public:0::void::3PP
javax.mail.internet:AddressException:public:javax.mail.internet.ParseException::<init>:public:1:java.lang.String:void::3PP
javax.mail.internet:AddressException:public:javax.mail.internet.ParseException::<init>:public:2:java.lang.String,java.lang.String:void::3PP
javax.mail.internet:AddressException:public:javax.mail.internet.ParseException::<init>:public:3:java.lang.String,java.lang.String,int:void::3PP
javax.mail.internet:AddressException:public:javax.mail.internet.ParseException::getRef:public:0::java.lang.String::3PP
javax.mail.internet:AddressException:public:javax.mail.internet.ParseException::getPos:public:0::int::3PP
javax.mail.internet:AddressException:public:javax.mail.internet.ParseException::toString:public:0::java.lang.String::3PP
javax.mail.internet:ContentDisposition:public:java.lang.Object::<init>:public:0::void::3PP
javax.mail.internet:ContentDisposition:public:java.lang.Object::<init>:public:1:java.lang.String:void::3PP
javax.mail.internet:ContentDisposition:public:java.lang.Object::<init>:public:2:java.lang.String,javax.mail.internet.ParameterList:void::3PP
javax.mail.internet:ContentDisposition:public:java.lang.Object::getDisposition:public:0::java.lang.String::3PP
javax.mail.internet:ContentDisposition:public:java.lang.Object::getParameter:public:1:java.lang.String:java.lang.String::3PP
javax.mail.internet:ContentDisposition:public:java.lang.Object::getParameterList:public:0::javax.mail.internet.ParameterList::3PP
javax.mail.internet:ContentDisposition:public:java.lang.Object::setDisposition:public:1:java.lang.String:void::3PP
javax.mail.internet:ContentDisposition:public:java.lang.Object::setParameter:public:2:java.lang.String,java.lang.String:void::3PP
javax.mail.internet:ContentDisposition:public:java.lang.Object::setParameterList:public:1:javax.mail.internet.ParameterList:void::3PP
javax.mail.internet:ContentDisposition:public:java.lang.Object::toString:public:0::java.lang.String::3PP
javax.mail.internet:ContentType:public:java.lang.Object::<init>:public:0::void::3PP
javax.mail.internet:ContentType:public:java.lang.Object::<init>:public:3:java.lang.String,java.lang.String,javax.mail.internet.ParameterList:void::3PP
javax.mail.internet:ContentType:public:java.lang.Object::<init>:public:1:java.lang.String:void::3PP
javax.mail.internet:ContentType:public:java.lang.Object::getPrimaryType:public:0::java.lang.String::3PP
javax.mail.internet:ContentType:public:java.lang.Object::getSubType:public:0::java.lang.String::3PP
javax.mail.internet:ContentType:public:java.lang.Object::getBaseType:public:0::java.lang.String::3PP
javax.mail.internet:ContentType:public:java.lang.Object::getParameter:public:1:java.lang.String:java.lang.String::3PP
javax.mail.internet:ContentType:public:java.lang.Object::getParameterList:public:0::javax.mail.internet.ParameterList::3PP
javax.mail.internet:ContentType:public:java.lang.Object::setPrimaryType:public:1:java.lang.String:void::3PP
javax.mail.internet:ContentType:public:java.lang.Object::setSubType:public:1:java.lang.String:void::3PP
javax.mail.internet:ContentType:public:java.lang.Object::setParameter:public:2:java.lang.String,java.lang.String:void::3PP
javax.mail.internet:ContentType:public:java.lang.Object::setParameterList:public:1:javax.mail.internet.ParameterList:void::3PP
javax.mail.internet:ContentType:public:java.lang.Object::toString:public:0::java.lang.String::3PP
javax.mail.internet:ContentType:public:java.lang.Object::match:public:1:javax.mail.internet.ContentType:boolean::3PP
javax.mail.internet:ContentType:public:java.lang.Object::match:public:1:java.lang.String:boolean::3PP
javax.mail.internet:HeaderTokenizer$Token:public:java.lang.Object::<init>:public:2:int,java.lang.String:void::3PP
javax.mail.internet:HeaderTokenizer$Token:public:java.lang.Object::getType:public:0::int::3PP
javax.mail.internet:HeaderTokenizer$Token:public:java.lang.Object::getValue:public:0::java.lang.String::3PP
javax.mail.internet:HeaderTokenizer:public:java.lang.Object::<init>:public:1:java.lang.String:void::3PP
javax.mail.internet:HeaderTokenizer:public:java.lang.Object::<init>:public:2:java.lang.String,java.lang.String:void::3PP
javax.mail.internet:HeaderTokenizer:public:java.lang.Object::<init>:public:3:java.lang.String,java.lang.String,boolean:void::3PP
javax.mail.internet:HeaderTokenizer:public:java.lang.Object::getRemainder:public:0::java.lang.String::3PP
javax.mail.internet:HeaderTokenizer:public:java.lang.Object::next:public:0::javax.mail.internet.HeaderTokenizer$Token::3PP
javax.mail.internet:HeaderTokenizer:public:java.lang.Object::peek:public:0::javax.mail.internet.HeaderTokenizer$Token::3PP
javax.mail.internet:HeaderTokenizer:public:java.lang.Object::readAtomicToken:private:0::javax.mail.internet.HeaderTokenizer$Token::3PP
javax.mail.internet:HeaderTokenizer:public:java.lang.Object::readToken:private:0::javax.mail.internet.HeaderTokenizer$Token::3PP
javax.mail.internet:HeaderTokenizer:public:java.lang.Object::readUntil:private:2:char,int:javax.mail.internet.HeaderTokenizer$Token::3PP
javax.mail.internet:HeaderTokenizer:public:java.lang.Object::eatWhiteSpace:private:0::void::3PP
javax.mail.internet:HeaderTokenizer:public:java.lang.Object::<clinit>:static:0::void::3PP
javax.mail.internet:InternetAddress:public:javax.mail.Address:java.lang.Cloneable:getLocalAddress:public,static:1:javax.mail.Session:javax.mail.internet.InternetAddress::3PP
javax.mail.internet:InternetAddress:public:javax.mail.Address:java.lang.Cloneable:parse:public,static:1:java.lang.String:javax.mail.internet.InternetAddress[]::3PP
javax.mail.internet:InternetAddress:public:javax.mail.Address:java.lang.Cloneable:parse:public,static:2:java.lang.String,boolean:javax.mail.internet.InternetAddress[]::3PP
javax.mail.internet:InternetAddress:public:javax.mail.Address:java.lang.Cloneable:parseHeader:public,static:2:java.lang.String,boolean:javax.mail.internet.InternetAddress[]::3PP
javax.mail.internet:InternetAddress:public:javax.mail.Address:java.lang.Cloneable:toString:public,static:1:javax.mail.Address[]:java.lang.String::3PP
javax.mail.internet:InternetAddress:public:javax.mail.Address:java.lang.Cloneable:toString:public,static:2:javax.mail.Address[],int:java.lang.String::3PP
javax.mail.internet:InternetAddress:public:javax.mail.Address:java.lang.Cloneable:<init>:public:0::void::3PP
javax.mail.internet:InternetAddress:public:javax.mail.Address:java.lang.Cloneable:<init>:public:1:java.lang.String:void::3PP
javax.mail.internet:InternetAddress:public:javax.mail.Address:java.lang.Cloneable:<init>:public:2:java.lang.String,boolean:void::3PP
javax.mail.internet:InternetAddress:public:javax.mail.Address:java.lang.Cloneable:<init>:public:2:java.lang.String,java.lang.String:void::3PP
javax.mail.internet:InternetAddress:public:javax.mail.Address:java.lang.Cloneable:<init>:public:3:java.lang.String,java.lang.String,java.lang.String:void::3PP
javax.mail.internet:InternetAddress:public:javax.mail.Address:java.lang.Cloneable:clone:public:0::java.lang.Object::3PP
javax.mail.internet:InternetAddress:public:javax.mail.Address:java.lang.Cloneable:getAddress:public:0::java.lang.String::3PP
javax.mail.internet:InternetAddress:public:javax.mail.Address:java.lang.Cloneable:getGroup:public:1:boolean:javax.mail.internet.InternetAddress[]::3PP
javax.mail.internet:InternetAddress:public:javax.mail.Address:java.lang.Cloneable:getPersonal:public:0::java.lang.String::3PP
javax.mail.internet:InternetAddress:public:javax.mail.Address:java.lang.Cloneable:getType:public:0::java.lang.String::3PP
javax.mail.internet:InternetAddress:public:javax.mail.Address:java.lang.Cloneable:isGroup:public:0::boolean::3PP
javax.mail.internet:InternetAddress:public:javax.mail.Address:java.lang.Cloneable:setAddress:public:1:java.lang.String:void::3PP
javax.mail.internet:InternetAddress:public:javax.mail.Address:java.lang.Cloneable:setPersonal:public:1:java.lang.String:void::3PP
javax.mail.internet:InternetAddress:public:javax.mail.Address:java.lang.Cloneable:setPersonal:public:2:java.lang.String,java.lang.String:void::3PP
javax.mail.internet:InternetAddress:public:javax.mail.Address:java.lang.Cloneable:toString:public:0::java.lang.String::3PP
javax.mail.internet:InternetAddress:public:javax.mail.Address:java.lang.Cloneable:toUnicodeString:public:0::java.lang.String::3PP
javax.mail.internet:InternetAddress:public:javax.mail.Address:java.lang.Cloneable:validate:public:0::void::3PP
javax.mail.internet:InternetAddress:public:javax.mail.Address:java.lang.Cloneable:equals:public:1:java.lang.Object:boolean::3PP
javax.mail.internet:InternetAddress:public:javax.mail.Address:java.lang.Cloneable:hashCode:public:0::int::3PP
javax.mail.internet:InternetAddress:public:javax.mail.Address:java.lang.Cloneable:<clinit>:static:0::void::3PP
javax.mail.internet:InternetHeaders:public:java.lang.Object::parse:private,static:1:java.lang.String:javax.mail.Header::3PP
javax.mail.internet:InternetHeaders:public:java.lang.Object::<init>:public:0::void::3PP
javax.mail.internet:InternetHeaders:public:java.lang.Object::<init>:public:1:java.io.InputStream:void::3PP
javax.mail.internet:InternetHeaders:public:java.lang.Object::add:private:2:javax.mail.Header,java.lang.String:void::3PP
javax.mail.internet:InternetHeaders:public:java.lang.Object::addHeader:public:2:java.lang.String,java.lang.String:void::3PP
javax.mail.internet:InternetHeaders:public:java.lang.Object::addHeaderLine:public:1:java.lang.String:void::3PP
javax.mail.internet:InternetHeaders:public:java.lang.Object::getAllHeaderLines:public:0::java.util.Enumeration::3PP
javax.mail.internet:InternetHeaders:public:java.lang.Object::getAllHeaders:public:0::java.util.Enumeration::3PP
javax.mail.internet:InternetHeaders:public:java.lang.Object::getHeader:public:1:java.lang.String:java.lang.String[]::3PP
javax.mail.internet:InternetHeaders:public:java.lang.Object::getHeader:public:2:java.lang.String,java.lang.String:java.lang.String::3PP
javax.mail.internet:InternetHeaders:public:java.lang.Object::getHeaderList:private:1:java.lang.String:java.util.List::3PP
javax.mail.internet:InternetHeaders:public:java.lang.Object::getHeaders:private:2:java.lang.String[],boolean:java.util.Enumeration::3PP
javax.mail.internet:InternetHeaders:public:java.lang.Object::getLines:private:2:java.lang.String[],boolean:java.util.Enumeration::3PP
javax.mail.internet:InternetHeaders:public:java.lang.Object::getMatchingHeaderLines:public:1:java.lang.String[]:java.util.Enumeration::3PP
javax.mail.internet:InternetHeaders:public:java.lang.Object::getMatchingHeaders:public:1:java.lang.String[]:java.util.Enumeration::3PP
javax.mail.internet:InternetHeaders:public:java.lang.Object::getNonMatchingHeaderLines:public:1:java.lang.String[]:java.util.Enumeration::3PP
javax.mail.internet:InternetHeaders:public:java.lang.Object::getNonMatchingHeaders:public:1:java.lang.String[]:java.util.Enumeration::3PP
javax.mail.internet:InternetHeaders:public:java.lang.Object::load:public:1:java.io.InputStream:void::3PP
javax.mail.internet:InternetHeaders:public:java.lang.Object::removeHeader:public:1:java.lang.String:void::3PP
javax.mail.internet:InternetHeaders:public:java.lang.Object::setHeader:public:2:java.lang.String,java.lang.String:void::3PP
javax.mail.internet:InternetHeaders:public:java.lang.Object::<clinit>:static:0::void::3PP
javax.mail.internet:MailDateFormat:public:java.text.SimpleDateFormat::<init>:public:0::void::3PP
javax.mail.internet:MailDateFormat:public:java.text.SimpleDateFormat::setCalendar:public:1:java.util.Calendar:void::3PP
javax.mail.internet:MailDateFormat:public:java.text.SimpleDateFormat::setNumberFormat:public:1:java.text.NumberFormat:void::3PP
javax.mail.internet:MailDateFormat:public:java.text.SimpleDateFormat::<clinit>:static:0::void::3PP
javax.mail.internet:MimeBodyPart:public:javax.mail.BodyPart:javax.mail.internet.MimePart:<init>:public:0::void::3PP
javax.mail.internet:MimeBodyPart:public:javax.mail.BodyPart:javax.mail.internet.MimePart:<init>:public:1:java.io.InputStream:void::3PP
javax.mail.internet:MimeBodyPart:public:javax.mail.BodyPart:javax.mail.internet.MimePart:<init>:public:2:javax.mail.internet.InternetHeaders,byte[]:void::3PP
javax.mail.internet:MimeBodyPart:public:javax.mail.BodyPart:javax.mail.internet.MimePart:addHeader:public:2:java.lang.String,java.lang.String:void::3PP
javax.mail.internet:MimeBodyPart:public:javax.mail.BodyPart:javax.mail.internet.MimePart:addHeaderLine:public:1:java.lang.String:void::3PP
javax.mail.internet:MimeBodyPart:public:javax.mail.BodyPart:javax.mail.internet.MimePart:getAllHeaderLines:public:0::java.util.Enumeration::3PP
javax.mail.internet:MimeBodyPart:public:javax.mail.BodyPart:javax.mail.internet.MimePart:getAllHeaders:public:0::java.util.Enumeration::3PP
javax.mail.internet:MimeBodyPart:public:javax.mail.BodyPart:javax.mail.internet.MimePart:getContent:public:0::java.lang.Object::3PP
javax.mail.internet:MimeBodyPart:public:javax.mail.BodyPart:javax.mail.internet.MimePart:getContentID:public:0::java.lang.String::3PP
javax.mail.internet:MimeBodyPart:public:javax.mail.BodyPart:javax.mail.internet.MimePart:getContentLanguage:public:0::java.lang.String[]::3PP
javax.mail.internet:MimeBodyPart:public:javax.mail.BodyPart:javax.mail.internet.MimePart:getContentMD5:public:0::java.lang.String::3PP
javax.mail.internet:MimeBodyPart:public:javax.mail.BodyPart:javax.mail.internet.MimePart:getContentStream:protected:0::java.io.InputStream::3PP
javax.mail.internet:MimeBodyPart:public:javax.mail.BodyPart:javax.mail.internet.MimePart:getContentType:public:0::java.lang.String::3PP
javax.mail.internet:MimeBodyPart:public:javax.mail.BodyPart:javax.mail.internet.MimePart:getDataHandler:public:0::javax.activation.DataHandler::3PP
javax.mail.internet:MimeBodyPart:public:javax.mail.BodyPart:javax.mail.internet.MimePart:getDescription:public:0::java.lang.String::3PP
javax.mail.internet:MimeBodyPart:public:javax.mail.BodyPart:javax.mail.internet.MimePart:getDisposition:public:0::java.lang.String::3PP
javax.mail.internet:MimeBodyPart:public:javax.mail.BodyPart:javax.mail.internet.MimePart:getEncoding:public:0::java.lang.String::3PP
javax.mail.internet:MimeBodyPart:public:javax.mail.BodyPart:javax.mail.internet.MimePart:getFileName:public:0::java.lang.String::3PP
javax.mail.internet:MimeBodyPart:public:javax.mail.BodyPart:javax.mail.internet.MimePart:getHeader:public:1:java.lang.String:java.lang.String[]::3PP
javax.mail.internet:MimeBodyPart:public:javax.mail.BodyPart:javax.mail.internet.MimePart:getHeader:public:2:java.lang.String,java.lang.String:java.lang.String::3PP
javax.mail.internet:MimeBodyPart:public:javax.mail.BodyPart:javax.mail.internet.MimePart:getInputStream:public:0::java.io.InputStream::3PP
javax.mail.internet:MimeBodyPart:public:javax.mail.BodyPart:javax.mail.internet.MimePart:getLineCount:public:0::int::3PP
javax.mail.internet:MimeBodyPart:public:javax.mail.BodyPart:javax.mail.internet.MimePart:getMatchingHeaderLines:public:1:java.lang.String[]:java.util.Enumeration::3PP
javax.mail.internet:MimeBodyPart:public:javax.mail.BodyPart:javax.mail.internet.MimePart:getMatchingHeaders:public:1:java.lang.String[]:java.util.Enumeration::3PP
javax.mail.internet:MimeBodyPart:public:javax.mail.BodyPart:javax.mail.internet.MimePart:getNonMatchingHeaderLines:public:1:java.lang.String[]:java.util.Enumeration::3PP
javax.mail.internet:MimeBodyPart:public:javax.mail.BodyPart:javax.mail.internet.MimePart:getNonMatchingHeaders:public:1:java.lang.String[]:java.util.Enumeration::3PP
javax.mail.internet:MimeBodyPart:public:javax.mail.BodyPart:javax.mail.internet.MimePart:getRawInputStream:public:0::java.io.InputStream::3PP
javax.mail.internet:MimeBodyPart:public:javax.mail.BodyPart:javax.mail.internet.MimePart:getSize:public:0::int::3PP
javax.mail.internet:MimeBodyPart:public:javax.mail.BodyPart:javax.mail.internet.MimePart:isMimeType:public:1:java.lang.String:boolean::3PP
javax.mail.internet:MimeBodyPart:public:javax.mail.BodyPart:javax.mail.internet.MimePart:removeHeader:public:1:java.lang.String:void::3PP
javax.mail.internet:MimeBodyPart:public:javax.mail.BodyPart:javax.mail.internet.MimePart:setContent:public:1:javax.mail.Multipart:void::3PP
javax.mail.internet:MimeBodyPart:public:javax.mail.BodyPart:javax.mail.internet.MimePart:setContent:public:2:java.lang.Object,java.lang.String:void::3PP
javax.mail.internet:MimeBodyPart:public:javax.mail.BodyPart:javax.mail.internet.MimePart:setContentID:public:1:java.lang.String:void::3PP
javax.mail.internet:MimeBodyPart:public:javax.mail.BodyPart:javax.mail.internet.MimePart:setContentLanguage:public:1:java.lang.String[]:void::3PP
javax.mail.internet:MimeBodyPart:public:javax.mail.BodyPart:javax.mail.internet.MimePart:setContentMD5:public:1:java.lang.String:void::3PP
javax.mail.internet:MimeBodyPart:public:javax.mail.BodyPart:javax.mail.internet.MimePart:setDataHandler:public:1:javax.activation.DataHandler:void::3PP
javax.mail.internet:MimeBodyPart:public:javax.mail.BodyPart:javax.mail.internet.MimePart:setDescription:public:1:java.lang.String:void::3PP
javax.mail.internet:MimeBodyPart:public:javax.mail.BodyPart:javax.mail.internet.MimePart:setDescription:public:2:java.lang.String,java.lang.String:void::3PP
javax.mail.internet:MimeBodyPart:public:javax.mail.BodyPart:javax.mail.internet.MimePart:setDisposition:public:1:java.lang.String:void::3PP
javax.mail.internet:MimeBodyPart:public:javax.mail.BodyPart:javax.mail.internet.MimePart:setFileName:public:1:java.lang.String:void::3PP
javax.mail.internet:MimeBodyPart:public:javax.mail.BodyPart:javax.mail.internet.MimePart:setHeader:public:2:java.lang.String,java.lang.String:void::3PP
javax.mail.internet:MimeBodyPart:public:javax.mail.BodyPart:javax.mail.internet.MimePart:setText:public:1:java.lang.String:void::3PP
javax.mail.internet:MimeBodyPart:public:javax.mail.BodyPart:javax.mail.internet.MimePart:setText:public:2:java.lang.String,java.lang.String:void::3PP
javax.mail.internet:MimeBodyPart:public:javax.mail.BodyPart:javax.mail.internet.MimePart:updateHeaders:protected:0::void::3PP
javax.mail.internet:MimeBodyPart:public:javax.mail.BodyPart:javax.mail.internet.MimePart:writeTo:public:1:java.io.OutputStream:void::3PP
javax.mail.internet:MimeMessage$RecipientType:public:javax.mail.Message$RecipientType::<init>:protected:1:java.lang.String:void::3PP
javax.mail.internet:MimeMessage$RecipientType:public:javax.mail.Message$RecipientType::readResolve:protected:0::java.lang.Object::3PP
javax.mail.internet:MimeMessage$RecipientType:public:javax.mail.Message$RecipientType::<clinit>:static:0::void::3PP
javax.mail.internet:MimeMessage:public:javax.mail.Message:javax.mail.internet.MimePart:<init>:protected:3:javax.mail.Folder,java.io.InputStream,int:void::3PP
javax.mail.internet:MimeMessage:public:javax.mail.Message:javax.mail.internet.MimePart:<init>:protected:2:javax.mail.Folder,int:void::3PP
javax.mail.internet:MimeMessage:public:javax.mail.Message:javax.mail.internet.MimePart:<init>:protected:4:javax.mail.Folder,javax.mail.internet.InternetHeaders,byte[],int:void::3PP
javax.mail.internet:MimeMessage:public:javax.mail.Message:javax.mail.internet.MimePart:<init>:public:1:javax.mail.internet.MimeMessage:void::3PP
javax.mail.internet:MimeMessage:public:javax.mail.Message:javax.mail.internet.MimePart:<init>:public:1:javax.mail.Session:void::3PP
javax.mail.internet:MimeMessage:public:javax.mail.Message:javax.mail.internet.MimePart:<init>:public:2:javax.mail.Session,java.io.InputStream:void::3PP
javax.mail.internet:MimeMessage:public:javax.mail.Message:javax.mail.internet.MimePart:addFrom:public:1:javax.mail.Address[]:void::3PP
javax.mail.internet:MimeMessage:public:javax.mail.Message:javax.mail.internet.MimePart:addHeader:public:2:java.lang.String,java.lang.String:void::3PP
javax.mail.internet:MimeMessage:public:javax.mail.Message:javax.mail.internet.MimePart:addHeaderLine:public:1:java.lang.String:void::3PP
javax.mail.internet:MimeMessage:public:javax.mail.Message:javax.mail.internet.MimePart:addRecipients:public:2:javax.mail.Message$RecipientType,javax.mail.Address[]:void::3PP
javax.mail.internet:MimeMessage:public:javax.mail.Message:javax.mail.internet.MimePart:addRecipients:public:2:javax.mail.Message$RecipientType,java.lang.String:void::3PP
javax.mail.internet:MimeMessage:public:javax.mail.Message:javax.mail.internet.MimePart:createInternetHeaders:protected:1:java.io.InputStream:javax.mail.internet.InternetHeaders::3PP
javax.mail.internet:MimeMessage:public:javax.mail.Message:javax.mail.internet.MimePart:getAllHeaderLines:public:0::java.util.Enumeration::3PP
javax.mail.internet:MimeMessage:public:javax.mail.Message:javax.mail.internet.MimePart:getAllHeaders:public:0::java.util.Enumeration::3PP
javax.mail.internet:MimeMessage:public:javax.mail.Message:javax.mail.internet.MimePart:getAllRecipients:public:0::javax.mail.Address[]::3PP
javax.mail.internet:MimeMessage:public:javax.mail.Message:javax.mail.internet.MimePart:getContent:public:0::java.lang.Object::3PP
javax.mail.internet:MimeMessage:public:javax.mail.Message:javax.mail.internet.MimePart:getContentID:public:0::java.lang.String::3PP
javax.mail.internet:MimeMessage:public:javax.mail.Message:javax.mail.internet.MimePart:getContentLanguage:public:0::java.lang.String[]::3PP
javax.mail.internet:MimeMessage:public:javax.mail.Message:javax.mail.internet.MimePart:getContentMD5:public:0::java.lang.String::3PP
javax.mail.internet:MimeMessage:public:javax.mail.Message:javax.mail.internet.MimePart:getContentStream:protected:0::java.io.InputStream::3PP
javax.mail.internet:MimeMessage:public:javax.mail.Message:javax.mail.internet.MimePart:getContentType:public:0::java.lang.String::3PP
javax.mail.internet:MimeMessage:public:javax.mail.Message:javax.mail.internet.MimePart:getDataHandler:public,synchronized:0::javax.activation.DataHandler::3PP
javax.mail.internet:MimeMessage:public:javax.mail.Message:javax.mail.internet.MimePart:getDescription:public:0::java.lang.String::3PP
javax.mail.internet:MimeMessage:public:javax.mail.Message:javax.mail.internet.MimePart:getDisposition:public:0::java.lang.String::3PP
javax.mail.internet:MimeMessage:public:javax.mail.Message:javax.mail.internet.MimePart:getEncoding:public:0::java.lang.String::3PP
javax.mail.internet:MimeMessage:public:javax.mail.Message:javax.mail.internet.MimePart:getFileName:public:0::java.lang.String::3PP
javax.mail.internet:MimeMessage:public:javax.mail.Message:javax.mail.internet.MimePart:getFlags:public,synchronized:0::javax.mail.Flags::3PP
javax.mail.internet:MimeMessage:public:javax.mail.Message:javax.mail.internet.MimePart:getFrom:public:0::javax.mail.Address[]::3PP
javax.mail.internet:MimeMessage:public:javax.mail.Message:javax.mail.internet.MimePart:getHeader:public:1:java.lang.String:java.lang.String[]::3PP
javax.mail.internet:MimeMessage:public:javax.mail.Message:javax.mail.internet.MimePart:getHeader:public:2:java.lang.String,java.lang.String:java.lang.String::3PP
javax.mail.internet:MimeMessage:public:javax.mail.Message:javax.mail.internet.MimePart:getInputStream:public:0::java.io.InputStream::3PP
javax.mail.internet:MimeMessage:public:javax.mail.Message:javax.mail.internet.MimePart:getLineCount:public:0::int::3PP
javax.mail.internet:MimeMessage:public:javax.mail.Message:javax.mail.internet.MimePart:getMatchingHeaderLines:public:1:java.lang.String[]:java.util.Enumeration::3PP
javax.mail.internet:MimeMessage:public:javax.mail.Message:javax.mail.internet.MimePart:getMatchingHeaders:public:1:java.lang.String[]:java.util.Enumeration::3PP
javax.mail.internet:MimeMessage:public:javax.mail.Message:javax.mail.internet.MimePart:getMessageID:public:0::java.lang.String::3PP
javax.mail.internet:MimeMessage:public:javax.mail.Message:javax.mail.internet.MimePart:getNonMatchingHeaderLines:public:1:java.lang.String[]:java.util.Enumeration::3PP
javax.mail.internet:MimeMessage:public:javax.mail.Message:javax.mail.internet.MimePart:getNonMatchingHeaders:public:1:java.lang.String[]:java.util.Enumeration::3PP
javax.mail.internet:MimeMessage:public:javax.mail.Message:javax.mail.internet.MimePart:getRawInputStream:public:0::java.io.InputStream::3PP
javax.mail.internet:MimeMessage:public:javax.mail.Message:javax.mail.internet.MimePart:getReceivedDate:public:0::java.util.Date::3PP
javax.mail.internet:MimeMessage:public:javax.mail.Message:javax.mail.internet.MimePart:getRecipients:public:1:javax.mail.Message$RecipientType:javax.mail.Address[]::3PP
javax.mail.internet:MimeMessage:public:javax.mail.Message:javax.mail.internet.MimePart:getReplyTo:public:0::javax.mail.Address[]::3PP
javax.mail.internet:MimeMessage:public:javax.mail.Message:javax.mail.internet.MimePart:getSender:public:0::javax.mail.Address::3PP
javax.mail.internet:MimeMessage:public:javax.mail.Message:javax.mail.internet.MimePart:getSentDate:public:0::java.util.Date::3PP
javax.mail.internet:MimeMessage:public:javax.mail.Message:javax.mail.internet.MimePart:getSize:public:0::int::3PP
javax.mail.internet:MimeMessage:public:javax.mail.Message:javax.mail.internet.MimePart:getSubject:public:0::java.lang.String::3PP
javax.mail.internet:MimeMessage:public:javax.mail.Message:javax.mail.internet.MimePart:isMimeType:public:1:java.lang.String:boolean::3PP
javax.mail.internet:MimeMessage:public:javax.mail.Message:javax.mail.internet.MimePart:isSet:public,synchronized:1:javax.mail.Flags$Flag:boolean::3PP
javax.mail.internet:MimeMessage:public:javax.mail.Message:javax.mail.internet.MimePart:parse:protected:1:java.io.InputStream:void::3PP
javax.mail.internet:MimeMessage:public:javax.mail.Message:javax.mail.internet.MimePart:removeHeader:public:1:java.lang.String:void::3PP
javax.mail.internet:MimeMessage:public:javax.mail.Message:javax.mail.internet.MimePart:reply:public:1:boolean:javax.mail.Message::3PP
javax.mail.internet:MimeMessage:public:javax.mail.Message:javax.mail.internet.MimePart:saveChanges:public:0::void::3PP
javax.mail.internet:MimeMessage:public:javax.mail.Message:javax.mail.internet.MimePart:setContent:public:1:javax.mail.Multipart:void::3PP
javax.mail.internet:MimeMessage:public:javax.mail.Message:javax.mail.internet.MimePart:setContent:public:2:java.lang.Object,java.lang.String:void::3PP
javax.mail.internet:MimeMessage:public:javax.mail.Message:javax.mail.internet.MimePart:setContentID:public:1:java.lang.String:void::3PP
javax.mail.internet:MimeMessage:public:javax.mail.Message:javax.mail.internet.MimePart:setContentLanguage:public:1:java.lang.String[]:void::3PP
javax.mail.internet:MimeMessage:public:javax.mail.Message:javax.mail.internet.MimePart:setContentMD5:public:1:java.lang.String:void::3PP
javax.mail.internet:MimeMessage:public:javax.mail.Message:javax.mail.internet.MimePart:setDataHandler:public:1:javax.activation.DataHandler:void::3PP
javax.mail.internet:MimeMessage:public:javax.mail.Message:javax.mail.internet.MimePart:setDescription:public:1:java.lang.String:void::3PP
javax.mail.internet:MimeMessage:public:javax.mail.Message:javax.mail.internet.MimePart:setDescription:public:2:java.lang.String,java.lang.String:void::3PP
javax.mail.internet:MimeMessage:public:javax.mail.Message:javax.mail.internet.MimePart:setDisposition:public:1:java.lang.String:void::3PP
javax.mail.internet:MimeMessage:public:javax.mail.Message:javax.mail.internet.MimePart:setFileName:public:1:java.lang.String:void::3PP
javax.mail.internet:MimeMessage:public:javax.mail.Message:javax.mail.internet.MimePart:setFlags:public,synchronized:2:javax.mail.Flags,boolean:void::3PP
javax.mail.internet:MimeMessage:public:javax.mail.Message:javax.mail.internet.MimePart:setFrom:public:0::void::3PP
javax.mail.internet:MimeMessage:public:javax.mail.Message:javax.mail.internet.MimePart:setFrom:public:1:javax.mail.Address:void::3PP
javax.mail.internet:MimeMessage:public:javax.mail.Message:javax.mail.internet.MimePart:setHeader:public:2:java.lang.String,java.lang.String:void::3PP
javax.mail.internet:MimeMessage:public:javax.mail.Message:javax.mail.internet.MimePart:setRecipients:public:2:javax.mail.Message$RecipientType,javax.mail.Address[]:void::3PP
javax.mail.internet:MimeMessage:public:javax.mail.Message:javax.mail.internet.MimePart:setRecipients:public:2:javax.mail.Message$RecipientType,java.lang.String:void::3PP
javax.mail.internet:MimeMessage:public:javax.mail.Message:javax.mail.internet.MimePart:setReplyTo:public:1:javax.mail.Address[]:void::3PP
javax.mail.internet:MimeMessage:public:javax.mail.Message:javax.mail.internet.MimePart:setSentDate:public:1:java.util.Date:void::3PP
javax.mail.internet:MimeMessage:public:javax.mail.Message:javax.mail.internet.MimePart:setSubject:public:1:java.lang.String:void::3PP
javax.mail.internet:MimeMessage:public:javax.mail.Message:javax.mail.internet.MimePart:setSubject:public:2:java.lang.String,java.lang.String:void::3PP
javax.mail.internet:MimeMessage:public:javax.mail.Message:javax.mail.internet.MimePart:setText:public:1:java.lang.String:void::3PP
javax.mail.internet:MimeMessage:public:javax.mail.Message:javax.mail.internet.MimePart:setText:public:2:java.lang.String,java.lang.String:void::3PP
javax.mail.internet:MimeMessage:public:javax.mail.Message:javax.mail.internet.MimePart:updateHeaders:protected:0::void::3PP
javax.mail.internet:MimeMessage:public:javax.mail.Message:javax.mail.internet.MimePart:writeTo:public:1:java.io.OutputStream:void::3PP
javax.mail.internet:MimeMessage:public:javax.mail.Message:javax.mail.internet.MimePart:writeTo:public:2:java.io.OutputStream,java.lang.String[]:void::3PP
javax.mail.internet:MimeMessage:public:javax.mail.Message:javax.mail.internet.MimePart:setSender:public:1:javax.mail.Address:void::3PP
javax.mail.internet:MimeMultipart:public:javax.mail.Multipart::<init>:public:0::void::3PP
javax.mail.internet:MimeMultipart:public:javax.mail.Multipart::<init>:public:1:javax.activation.DataSource:void::3PP
javax.mail.internet:MimeMultipart:public:javax.mail.Multipart::<init>:public:1:java.lang.String:void::3PP
javax.mail.internet:MimeMultipart:public:javax.mail.Multipart::createInternetHeaders:protected:1:java.io.InputStream:javax.mail.internet.InternetHeaders::3PP
javax.mail.internet:MimeMultipart:public:javax.mail.Multipart::createMimeBodyPart:protected:1:java.io.InputStream:javax.mail.internet.MimeBodyPart::3PP
javax.mail.internet:MimeMultipart:public:javax.mail.Multipart::createMimeBodyPart:protected:2:javax.mail.internet.InternetHeaders,byte[]:javax.mail.internet.MimeBodyPart::3PP
javax.mail.internet:MimeMultipart:public:javax.mail.Multipart::getBodyPart:public,synchronized:1:int:javax.mail.BodyPart::3PP
javax.mail.internet:MimeMultipart:public:javax.mail.Multipart::getBodyPart:public:1:java.lang.String:javax.mail.BodyPart::3PP
javax.mail.internet:MimeMultipart:public:javax.mail.Multipart::getCount:public:0::int::3PP
javax.mail.internet:MimeMultipart:public:javax.mail.Multipart::parse:protected:0::void::3PP
javax.mail.internet:MimeMultipart:public:javax.mail.Multipart::setSubType:public:1:java.lang.String:void::3PP
javax.mail.internet:MimeMultipart:public:javax.mail.Multipart::updateHeaders:protected:0::void::3PP
javax.mail.internet:MimeMultipart:public:javax.mail.Multipart::writeTo:public:1:java.io.OutputStream:void::3PP
javax.mail.internet:MimePart:public,abstract,interface::javax.mail.Part:addHeaderLine:public,abstract:1:java.lang.String:void::3PP
javax.mail.internet:MimePart:public,abstract,interface::javax.mail.Part:getAllHeaderLines:public,abstract:0::java.util.Enumeration::3PP
javax.mail.internet:MimePart:public,abstract,interface::javax.mail.Part:getContentID:public,abstract:0::java.lang.String::3PP
javax.mail.internet:MimePart:public,abstract,interface::javax.mail.Part:getContentLanguage:public,abstract:0::java.lang.String[]::3PP
javax.mail.internet:MimePart:public,abstract,interface::javax.mail.Part:getContentMD5:public,abstract:0::java.lang.String::3PP
javax.mail.internet:MimePart:public,abstract,interface::javax.mail.Part:getEncoding:public,abstract:0::java.lang.String::3PP
javax.mail.internet:MimePart:public,abstract,interface::javax.mail.Part:getHeader:public,abstract:2:java.lang.String,java.lang.String:java.lang.String::3PP
javax.mail.internet:MimePart:public,abstract,interface::javax.mail.Part:getMatchingHeaderLines:public,abstract:1:java.lang.String[]:java.util.Enumeration::3PP
javax.mail.internet:MimePart:public,abstract,interface::javax.mail.Part:getNonMatchingHeaderLines:public,abstract:1:java.lang.String[]:java.util.Enumeration::3PP
javax.mail.internet:MimePart:public,abstract,interface::javax.mail.Part:setContentLanguage:public,abstract:1:java.lang.String[]:void::3PP
javax.mail.internet:MimePart:public,abstract,interface::javax.mail.Part:setContentMD5:public,abstract:1:java.lang.String:void::3PP
javax.mail.internet:MimePart:public,abstract,interface::javax.mail.Part:setText:public,abstract:1:java.lang.String:void::3PP
javax.mail.internet:MimePart:public,abstract,interface::javax.mail.Part:setText:public,abstract:2:java.lang.String,java.lang.String:void::3PP
javax.mail.internet:MimePartDataSource:public:java.lang.Object:javax.activation.DataSource,javax.mail.MessageAware:<init>:public:1:javax.mail.internet.MimePart:void::3PP
javax.mail.internet:MimePartDataSource:public:java.lang.Object:javax.activation.DataSource,javax.mail.MessageAware:getContentType:public:0::java.lang.String::3PP
javax.mail.internet:MimePartDataSource:public:java.lang.Object:javax.activation.DataSource,javax.mail.MessageAware:getInputStream:public:0::java.io.InputStream::3PP
javax.mail.internet:MimePartDataSource:public:java.lang.Object:javax.activation.DataSource,javax.mail.MessageAware:getMessageContext:public,synchronized:0::javax.mail.MessageContext::3PP
javax.mail.internet:MimePartDataSource:public:java.lang.Object:javax.activation.DataSource,javax.mail.MessageAware:getName:public:0::java.lang.String::3PP
javax.mail.internet:MimePartDataSource:public:java.lang.Object:javax.activation.DataSource,javax.mail.MessageAware:getOutputStream:public:0::java.io.OutputStream::3PP
javax.mail.internet:MimeUtility:public:java.lang.Object::<init>:private:0::void::3PP
javax.mail.internet:MimeUtility:public:java.lang.Object::decode:public,static:2:java.io.InputStream,java.lang.String:java.io.InputStream::3PP
javax.mail.internet:MimeUtility:public:java.lang.Object::decodeText:public,static:1:java.lang.String:java.lang.String::3PP
javax.mail.internet:MimeUtility:public:java.lang.Object::decodeWord:public,static:1:java.lang.String:java.lang.String::3PP
javax.mail.internet:MimeUtility:public:java.lang.Object::encode:public,static:2:java.io.OutputStream,java.lang.String:java.io.OutputStream::3PP
javax.mail.internet:MimeUtility:public:java.lang.Object::encode:public,static:3:java.io.OutputStream,java.lang.String,java.lang.String:java.io.OutputStream::3PP
javax.mail.internet:MimeUtility:public:java.lang.Object::encodeText:public,static:1:java.lang.String:java.lang.String::3PP
javax.mail.internet:MimeUtility:public:java.lang.Object::encodeText:public,static:3:java.lang.String,java.lang.String,java.lang.String:java.lang.String::3PP
javax.mail.internet:MimeUtility:public:java.lang.Object::encodeWord:public,static:1:java.lang.String:java.lang.String::3PP
javax.mail.internet:MimeUtility:public:java.lang.Object::encodeWord:public,static:3:java.lang.String,java.lang.String,java.lang.String:java.lang.String::3PP
javax.mail.internet:MimeUtility:public:java.lang.Object::getDefaultJavaCharset:public,static:0::java.lang.String::3PP
javax.mail.internet:MimeUtility:public:java.lang.Object::getEncoding:public,static:1:javax.activation.DataHandler:java.lang.String::3PP
javax.mail.internet:MimeUtility:public:java.lang.Object::getEncoding:public,static:1:javax.activation.DataSource:java.lang.String::3PP
javax.mail.internet:MimeUtility:public:java.lang.Object::javaCharset:public,static:1:java.lang.String:java.lang.String::3PP
javax.mail.internet:MimeUtility:public:java.lang.Object::mimeCharset:public,static:1:java.lang.String:java.lang.String::3PP
javax.mail.internet:MimeUtility:public:java.lang.Object::quote:public,static:2:java.lang.String,java.lang.String:java.lang.String::3PP
javax.mail.internet:NewsAddress:public:javax.mail.Address::parse:public,static:1:java.lang.String:javax.mail.internet.NewsAddress[]::3PP
javax.mail.internet:NewsAddress:public:javax.mail.Address::toString:public,static:1:javax.mail.Address[]:java.lang.String::3PP
javax.mail.internet:NewsAddress:public:javax.mail.Address::<init>:public:0::void::3PP
javax.mail.internet:NewsAddress:public:javax.mail.Address::<init>:public:1:java.lang.String:void::3PP
javax.mail.internet:NewsAddress:public:javax.mail.Address::<init>:public:2:java.lang.String,java.lang.String:void::3PP
javax.mail.internet:NewsAddress:public:javax.mail.Address::getHost:public:0::java.lang.String::3PP
javax.mail.internet:NewsAddress:public:javax.mail.Address::getNewsgroup:public:0::java.lang.String::3PP
javax.mail.internet:NewsAddress:public:javax.mail.Address::getType:public:0::java.lang.String::3PP
javax.mail.internet:NewsAddress:public:javax.mail.Address::setHost:public:1:java.lang.String:void::3PP
javax.mail.internet:NewsAddress:public:javax.mail.Address::setNewsgroup:public:1:java.lang.String:void::3PP
javax.mail.internet:NewsAddress:public:javax.mail.Address::toString:public:0::java.lang.String::3PP
javax.mail.internet:NewsAddress:public:javax.mail.Address::equals:public:1:java.lang.Object:boolean::3PP
javax.mail.internet:NewsAddress:public:javax.mail.Address::hashCode:public:0::int::3PP
javax.mail.internet:NewsAddress:public:javax.mail.Address::<clinit>:static:0::void::3PP
javax.mail.internet:ParameterList:public:java.lang.Object::<init>:public:0::void::3PP
javax.mail.internet:ParameterList:public:java.lang.Object::<init>:public:1:java.lang.String:void::3PP
javax.mail.internet:ParameterList:public:java.lang.Object::size:public:0::int::3PP
javax.mail.internet:ParameterList:public:java.lang.Object::get:public:1:java.lang.String:java.lang.String::3PP
javax.mail.internet:ParameterList:public:java.lang.Object::set:public:2:java.lang.String,java.lang.String:void::3PP
javax.mail.internet:ParameterList:public:java.lang.Object::remove:public:1:java.lang.String:void::3PP
javax.mail.internet:ParameterList:public:java.lang.Object::getNames:public:0::java.util.Enumeration::3PP
javax.mail.internet:ParameterList:public:java.lang.Object::toString:public:0::java.lang.String::3PP
javax.mail.internet:ParameterList:public:java.lang.Object::toString:public:1:int:java.lang.String::3PP
javax.mail.internet:ParseException:public:javax.mail.MessagingException::<init>:public:0::void::3PP
javax.mail.internet:ParseException:public:javax.mail.MessagingException::<init>:public:1:java.lang.String:void::3PP
javax.mail.internet:SharedInputStream:public,abstract,interface:::getPosition:public,abstract:0::long::3PP
javax.mail.internet:SharedInputStream:public,abstract,interface:::newStream:public,abstract:2:long,long:java.io.InputStream::3PP
javax.mail:Message$RecipientType:public:java.lang.Object:java.io.Serializable:<init>:protected:1:java.lang.String:void::3PP
javax.mail:Message$RecipientType:public:java.lang.Object:java.io.Serializable:readResolve:protected:0::java.lang.Object::3PP
javax.mail:Message$RecipientType:public:java.lang.Object:java.io.Serializable:toString:public:0::java.lang.String::3PP
javax.mail:Message$RecipientType:public:java.lang.Object:java.io.Serializable:<clinit>:static:0::void::3PP
javax.mail:Message:public,abstract:java.lang.Object:javax.mail.Part:<init>:protected:0::void::3PP
javax.mail:Message:public,abstract:java.lang.Object:javax.mail.Part:<init>:protected:2:javax.mail.Folder,int:void::3PP
javax.mail:Message:public,abstract:java.lang.Object:javax.mail.Part:<init>:protected:1:javax.mail.Session:void::3PP
javax.mail:Message:public,abstract:java.lang.Object:javax.mail.Part:addFrom:public,abstract:1:javax.mail.Address[]:void::3PP
javax.mail:Message:public,abstract:java.lang.Object:javax.mail.Part:addRecipient:public:2:javax.mail.Message$RecipientType,javax.mail.Address:void::3PP
javax.mail:Message:public,abstract:java.lang.Object:javax.mail.Part:addRecipients:public,abstract:2:javax.mail.Message$RecipientType,javax.mail.Address[]:void::3PP
javax.mail:Message:public,abstract:java.lang.Object:javax.mail.Part:getAllRecipients:public:0::javax.mail.Address[]::3PP
javax.mail:Message:public,abstract:java.lang.Object:javax.mail.Part:getFlags:public,abstract:0::javax.mail.Flags::3PP
javax.mail:Message:public,abstract:java.lang.Object:javax.mail.Part:getFolder:public:0::javax.mail.Folder::3PP
javax.mail:Message:public,abstract:java.lang.Object:javax.mail.Part:getFrom:public,abstract:0::javax.mail.Address[]::3PP
javax.mail:Message:public,abstract:java.lang.Object:javax.mail.Part:getMessageNumber:public:0::int::3PP
javax.mail:Message:public,abstract:java.lang.Object:javax.mail.Part:getReceivedDate:public,abstract:0::java.util.Date::3PP
javax.mail:Message:public,abstract:java.lang.Object:javax.mail.Part:getRecipients:public,abstract:1:javax.mail.Message$RecipientType:javax.mail.Address[]::3PP
javax.mail:Message:public,abstract:java.lang.Object:javax.mail.Part:getReplyTo:public:0::javax.mail.Address[]::3PP
javax.mail:Message:public,abstract:java.lang.Object:javax.mail.Part:getSentDate:public,abstract:0::java.util.Date::3PP
javax.mail:Message:public,abstract:java.lang.Object:javax.mail.Part:getSubject:public,abstract:0::java.lang.String::3PP
javax.mail:Message:public,abstract:java.lang.Object:javax.mail.Part:isExpunged:public:0::boolean::3PP
javax.mail:Message:public,abstract:java.lang.Object:javax.mail.Part:isSet:public:1:javax.mail.Flags$Flag:boolean::3PP
javax.mail:Message:public,abstract:java.lang.Object:javax.mail.Part:match:public:1:javax.mail.search.SearchTerm:boolean::3PP
javax.mail:Message:public,abstract:java.lang.Object:javax.mail.Part:reply:public,abstract:1:boolean:javax.mail.Message::3PP
javax.mail:Message:public,abstract:java.lang.Object:javax.mail.Part:saveChanges:public,abstract:0::void::3PP
javax.mail:Message:public,abstract:java.lang.Object:javax.mail.Part:setExpunged:protected:1:boolean:void::3PP
javax.mail:Message:public,abstract:java.lang.Object:javax.mail.Part:setFlag:public:2:javax.mail.Flags$Flag,boolean:void::3PP
javax.mail:Message:public,abstract:java.lang.Object:javax.mail.Part:setFlags:public,abstract:2:javax.mail.Flags,boolean:void::3PP
javax.mail:Message:public,abstract:java.lang.Object:javax.mail.Part:setFrom:public,abstract:0::void::3PP
javax.mail:Message:public,abstract:java.lang.Object:javax.mail.Part:setFrom:public,abstract:1:javax.mail.Address:void::3PP
javax.mail:Message:public,abstract:java.lang.Object:javax.mail.Part:setMessageNumber:protected:1:int:void::3PP
javax.mail:Message:public,abstract:java.lang.Object:javax.mail.Part:setRecipient:public:2:javax.mail.Message$RecipientType,javax.mail.Address:void::3PP
javax.mail:Message:public,abstract:java.lang.Object:javax.mail.Part:setRecipients:public,abstract:2:javax.mail.Message$RecipientType,javax.mail.Address[]:void::3PP
javax.mail:Message:public,abstract:java.lang.Object:javax.mail.Part:setReplyTo:public:1:javax.mail.Address[]:void::3PP
javax.mail:Message:public,abstract:java.lang.Object:javax.mail.Part:setSentDate:public,abstract:1:java.util.Date:void::3PP
javax.mail:Message:public,abstract:java.lang.Object:javax.mail.Part:setSubject:public,abstract:1:java.lang.String:void::3PP
javax.mail:Message:public,abstract:java.lang.Object:javax.mail.Part:<clinit>:static:0::void::3PP
javax.mail:MessageAware:public,abstract,interface:::getMessageContext:public,abstract:0::javax.mail.MessageContext::3PP
javax.mail:MessageContext:public:java.lang.Object::<init>:public:1:javax.mail.Part:void::3PP
javax.mail:MessageContext:public:java.lang.Object::getMessage:public:0::javax.mail.Message::3PP
javax.mail:MessageContext:public:java.lang.Object::getMessageFrom:private:1:javax.mail.Part:javax.mail.Message::3PP
javax.mail:MessageContext:public:java.lang.Object::getPart:public:0::javax.mail.Part::3PP
javax.mail:MessageContext:public:java.lang.Object::getSession:public:0::javax.mail.Session::3PP
javax.mail:MessageRemovedException:public:javax.mail.MessagingException::<init>:public:0::void::3PP
javax.mail:MessageRemovedException:public:javax.mail.MessagingException::<init>:public:1:java.lang.String:void::3PP
javax.mail:MessagingException:public:java.lang.Exception::<init>:public:0::void::3PP
javax.mail:MessagingException:public:java.lang.Exception::<init>:public:1:java.lang.String:void::3PP
javax.mail:MessagingException:public:java.lang.Exception::<init>:public:2:java.lang.String,java.lang.Exception:void::3PP
javax.mail:MessagingException:public:java.lang.Exception::getNextException:public:0::java.lang.Exception::3PP
javax.mail:MessagingException:public:java.lang.Exception::setNextException:public,synchronized:1:java.lang.Exception:boolean::3PP
javax.mail:MessagingException:public:java.lang.Exception::getMessage:public:0::java.lang.String::3PP
javax.mail:MethodNotSupportedException:public:javax.mail.MessagingException::<init>:public:0::void::3PP
javax.mail:MethodNotSupportedException:public:javax.mail.MessagingException::<init>:public:1:java.lang.String:void::3PP
javax.mail:Multipart:public,abstract:java.lang.Object::<init>:protected:0::void::3PP
javax.mail:Multipart:public,abstract:java.lang.Object::addBodyPart:public:1:javax.mail.BodyPart:void::3PP
javax.mail:Multipart:public,abstract:java.lang.Object::addBodyPart:public:2:javax.mail.BodyPart,int:void::3PP
javax.mail:Multipart:public,abstract:java.lang.Object::getBodyPart:public:1:int:javax.mail.BodyPart::3PP
javax.mail:Multipart:public,abstract:java.lang.Object::getContentType:public:0::java.lang.String::3PP
javax.mail:Multipart:public,abstract:java.lang.Object::getCount:public:0::int::3PP
javax.mail:Multipart:public,abstract:java.lang.Object::getParent:public:0::javax.mail.Part::3PP
javax.mail:Multipart:public,abstract:java.lang.Object::removeBodyPart:public:1:javax.mail.BodyPart:boolean::3PP
javax.mail:Multipart:public,abstract:java.lang.Object::removeBodyPart:public:1:int:void::3PP
javax.mail:Multipart:public,abstract:java.lang.Object::setMultipartDataSource:protected:1:javax.mail.MultipartDataSource:void::3PP
javax.mail:Multipart:public,abstract:java.lang.Object::setParent:public:1:javax.mail.Part:void::3PP
javax.mail:Multipart:public,abstract:java.lang.Object::writeTo:public,abstract:1:java.io.OutputStream:void::3PP
javax.mail:MultipartDataSource:public,abstract,interface::javax.activation.DataSource:getBodyPart:public,abstract:1:int:javax.mail.BodyPart::3PP
javax.mail:MultipartDataSource:public,abstract,interface::javax.activation.DataSource:getCount:public,abstract:0::int::3PP
javax.mail:NoSuchProviderException:public:javax.mail.MessagingException::<init>:public:0::void::3PP
javax.mail:NoSuchProviderException:public:javax.mail.MessagingException::<init>:public:1:java.lang.String:void::3PP
javax.mail:Part:public,abstract,interface:::addHeader:public,abstract:2:java.lang.String,java.lang.String:void::3PP
javax.mail:Part:public,abstract,interface:::getAllHeaders:public,abstract:0::java.util.Enumeration::3PP
javax.mail:Part:public,abstract,interface:::getContent:public,abstract:0::java.lang.Object::3PP
javax.mail:Part:public,abstract,interface:::getContentType:public,abstract:0::java.lang.String::3PP
javax.mail:Part:public,abstract,interface:::getDataHandler:public,abstract:0::javax.activation.DataHandler::3PP
javax.mail:Part:public,abstract,interface:::getDescription:public,abstract:0::java.lang.String::3PP
javax.mail:Part:public,abstract,interface:::getDisposition:public,abstract:0::java.lang.String::3PP
javax.mail:Part:public,abstract,interface:::getFileName:public,abstract:0::java.lang.String::3PP
javax.mail:Part:public,abstract,interface:::getHeader:public,abstract:1:java.lang.String:java.lang.String[]::3PP
javax.mail:Part:public,abstract,interface:::getInputStream:public,abstract:0::java.io.InputStream::3PP
javax.mail:Part:public,abstract,interface:::getLineCount:public,abstract:0::int::3PP
javax.mail:Part:public,abstract,interface:::getMatchingHeaders:public,abstract:1:java.lang.String[]:java.util.Enumeration::3PP
javax.mail:Part:public,abstract,interface:::getNonMatchingHeaders:public,abstract:1:java.lang.String[]:java.util.Enumeration::3PP
javax.mail:Part:public,abstract,interface:::getSize:public,abstract:0::int::3PP
javax.mail:Part:public,abstract,interface:::isMimeType:public,abstract:1:java.lang.String:boolean::3PP
javax.mail:Part:public,abstract,interface:::removeHeader:public,abstract:1:java.lang.String:void::3PP
javax.mail:Part:public,abstract,interface:::setContent:public,abstract:1:javax.mail.Multipart:void::3PP
javax.mail:Part:public,abstract,interface:::setContent:public,abstract:2:java.lang.Object,java.lang.String:void::3PP
javax.mail:Part:public,abstract,interface:::setDataHandler:public,abstract:1:javax.activation.DataHandler:void::3PP
javax.mail:Part:public,abstract,interface:::setDescription:public,abstract:1:java.lang.String:void::3PP
javax.mail:Part:public,abstract,interface:::setDisposition:public,abstract:1:java.lang.String:void::3PP
javax.mail:Part:public,abstract,interface:::setFileName:public,abstract:1:java.lang.String:void::3PP
javax.mail:Part:public,abstract,interface:::setHeader:public,abstract:2:java.lang.String,java.lang.String:void::3PP
javax.mail:Part:public,abstract,interface:::setText:public,abstract:1:java.lang.String:void::3PP
javax.mail:Part:public,abstract,interface:::writeTo:public,abstract:1:java.io.OutputStream:void::3PP
javax.mail:PasswordAuthentication:public,final:java.lang.Object::<init>:public:2:java.lang.String,java.lang.String:void::3PP
javax.mail:PasswordAuthentication:public,final:java.lang.Object::getUserName:public:0::java.lang.String::3PP
javax.mail:PasswordAuthentication:public,final:java.lang.Object::getPassword:public:0::java.lang.String::3PP
javax.mail:Provider$Type:public:java.lang.Object::<init>:private:1:java.lang.String:void::3PP
javax.mail:Provider$Type:public:java.lang.Object::getType:static:1:java.lang.String:javax.mail.Provider$Type::3PP
javax.mail:Provider$Type:public:java.lang.Object::<clinit>:static:0::void::3PP
javax.mail:Provider:public:java.lang.Object::<init>::5:java.lang.String,java.lang.String,javax.mail.Provider$Type,java.lang.String,java.lang.String:void::3PP
javax.mail:Provider:public:java.lang.Object::getClassName:public:0::java.lang.String::3PP
javax.mail:Provider:public:java.lang.Object::getProtocol:public:0::java.lang.String::3PP
javax.mail:Provider:public:java.lang.Object::getType:public:0::javax.mail.Provider$Type::3PP
javax.mail:Provider:public:java.lang.Object::getVendor:public:0::java.lang.String::3PP
javax.mail:Provider:public:java.lang.Object::getVersion:public:0::java.lang.String::3PP
javax.mail:Provider:public:java.lang.Object::toString:public:0::java.lang.String::3PP
javax.mail:ReadOnlyFolderException:public:javax.mail.MessagingException::<init>:public:1:javax.mail.Folder:void::3PP
javax.mail:ReadOnlyFolderException:public:javax.mail.MessagingException::<init>:public:2:javax.mail.Folder,java.lang.String:void::3PP
javax.mail:ReadOnlyFolderException:public:javax.mail.MessagingException::getFolder:public:0::javax.mail.Folder::3PP
javax.mail.search:AddressStringTerm:public,abstract:javax.mail.search.StringTerm::<init>:protected:1:java.lang.String:void::3PP
javax.mail.search:AddressStringTerm:public,abstract:javax.mail.search.StringTerm::match:protected:1:javax.mail.Address:boolean::3PP
javax.mail.search:AddressTerm:public,abstract:javax.mail.search.SearchTerm::<init>:protected:1:javax.mail.Address:void::3PP
javax.mail.search:AddressTerm:public,abstract:javax.mail.search.SearchTerm::equals:public:1:java.lang.Object:boolean::3PP
javax.mail.search:AddressTerm:public,abstract:javax.mail.search.SearchTerm::getAddress:public:0::javax.mail.Address::3PP
javax.mail.search:AddressTerm:public,abstract:javax.mail.search.SearchTerm::hashCode:public:0::int::3PP
javax.mail.search:AddressTerm:public,abstract:javax.mail.search.SearchTerm::match:protected:1:javax.mail.Address:boolean::3PP
javax.mail.search:AndTerm:public,final:javax.mail.search.SearchTerm::<init>:public:2:javax.mail.search.SearchTerm,javax.mail.search.SearchTerm:void::3PP
javax.mail.search:AndTerm:public,final:javax.mail.search.SearchTerm::<init>:public:1:javax.mail.search.SearchTerm[]:void::3PP
javax.mail.search:AndTerm:public,final:javax.mail.search.SearchTerm::equals:public:1:java.lang.Object:boolean::3PP
javax.mail.search:AndTerm:public,final:javax.mail.search.SearchTerm::getTerms:public:0::javax.mail.search.SearchTerm[]::3PP
javax.mail.search:AndTerm:public,final:javax.mail.search.SearchTerm::hashCode:public:0::int::3PP
javax.mail.search:AndTerm:public,final:javax.mail.search.SearchTerm::match:public:1:javax.mail.Message:boolean::3PP
javax.mail.search:BodyTerm:public,final:javax.mail.search.StringTerm::<init>:public:1:java.lang.String:void::3PP
javax.mail.search:BodyTerm:public,final:javax.mail.search.StringTerm::match:public:1:javax.mail.Message:boolean::3PP
javax.mail.search:ComparisonTerm:public,abstract:javax.mail.search.SearchTerm::<init>:public:0::void::3PP
javax.mail.search:ComparisonTerm:public,abstract:javax.mail.search.SearchTerm::<init>::1:int:void::3PP
javax.mail.search:ComparisonTerm:public,abstract:javax.mail.search.SearchTerm::compare::1:int:boolean::3PP
javax.mail.search:ComparisonTerm:public,abstract:javax.mail.search.SearchTerm::equals:public:1:java.lang.Object:boolean::3PP
javax.mail.search:ComparisonTerm:public,abstract:javax.mail.search.SearchTerm::getComparison::0::int::3PP
javax.mail.search:ComparisonTerm:public,abstract:javax.mail.search.SearchTerm::hashCode:public:0::int::3PP
javax.mail.search:DateTerm:public,abstract:javax.mail.search.ComparisonTerm::<init>:protected:2:int,java.util.Date:void::3PP
javax.mail.search:DateTerm:public,abstract:javax.mail.search.ComparisonTerm::equals:public:1:java.lang.Object:boolean::3PP
javax.mail.search:DateTerm:public,abstract:javax.mail.search.ComparisonTerm::getComparison:public:0::int::3PP
javax.mail.search:DateTerm:public,abstract:javax.mail.search.ComparisonTerm::getDate:public:0::java.util.Date::3PP
javax.mail.search:DateTerm:public,abstract:javax.mail.search.ComparisonTerm::hashCode:public:0::int::3PP
javax.mail.search:DateTerm:public,abstract:javax.mail.search.ComparisonTerm::match:protected:1:java.util.Date:boolean::3PP
javax.mail.search:FlagTerm:public,final:javax.mail.search.SearchTerm::<init>:public:2:javax.mail.Flags,boolean:void::3PP
javax.mail.search:FlagTerm:public,final:javax.mail.search.SearchTerm::equals:public:1:java.lang.Object:boolean::3PP
javax.mail.search:FlagTerm:public,final:javax.mail.search.SearchTerm::getFlags:public:0::javax.mail.Flags::3PP
javax.mail.search:FlagTerm:public,final:javax.mail.search.SearchTerm::getTestSet:public:0::boolean::3PP
javax.mail.search:FlagTerm:public,final:javax.mail.search.SearchTerm::hashCode:public:0::int::3PP
javax.mail.search:FlagTerm:public,final:javax.mail.search.SearchTerm::match:public:1:javax.mail.Message:boolean::3PP
javax.mail.search:FromStringTerm:public,final:javax.mail.search.AddressStringTerm::<init>:public:1:java.lang.String:void::3PP
javax.mail.search:FromStringTerm:public,final:javax.mail.search.AddressStringTerm::match:public:1:javax.mail.Message:boolean::3PP
javax.mail.search:FromTerm:public,final:javax.mail.search.AddressTerm::<init>:public:1:javax.mail.Address:void::3PP
javax.mail.search:FromTerm:public,final:javax.mail.search.AddressTerm::match:public:1:javax.mail.Message:boolean::3PP
javax.mail.search:HeaderTerm:public,final:javax.mail.search.StringTerm::<init>:public:2:java.lang.String,java.lang.String:void::3PP
javax.mail.search:HeaderTerm:public,final:javax.mail.search.StringTerm::equals:public:1:java.lang.Object:boolean::3PP
javax.mail.search:HeaderTerm:public,final:javax.mail.search.StringTerm::getHeaderName:public:0::java.lang.String::3PP
javax.mail.search:HeaderTerm:public,final:javax.mail.search.StringTerm::hashCode:public:0::int::3PP
javax.mail.search:HeaderTerm:public,final:javax.mail.search.StringTerm::match:public:1:javax.mail.Message:boolean::3PP
javax.mail.search:IntegerComparisonTerm:public,abstract:javax.mail.search.ComparisonTerm::<init>:protected:2:int,int:void::3PP
javax.mail.search:IntegerComparisonTerm:public,abstract:javax.mail.search.ComparisonTerm::equals:public:1:java.lang.Object:boolean::3PP
javax.mail.search:IntegerComparisonTerm:public,abstract:javax.mail.search.ComparisonTerm::getComparison:public:0::int::3PP
javax.mail.search:IntegerComparisonTerm:public,abstract:javax.mail.search.ComparisonTerm::getNumber:public:0::int::3PP
javax.mail.search:IntegerComparisonTerm:public,abstract:javax.mail.search.ComparisonTerm::hashCode:public:0::int::3PP
javax.mail.search:IntegerComparisonTerm:public,abstract:javax.mail.search.ComparisonTerm::match:protected:1:int:boolean::3PP
javax.mail.search:MessageIDTerm:public,final:javax.mail.search.StringTerm::<init>:public:1:java.lang.String:void::3PP
javax.mail.search:MessageIDTerm:public,final:javax.mail.search.StringTerm::match:public:1:javax.mail.Message:boolean::3PP
javax.mail.search:MessageNumberTerm:public,final:javax.mail.search.IntegerComparisonTerm::<init>:public:1:int:void::3PP
javax.mail.search:MessageNumberTerm:public,final:javax.mail.search.IntegerComparisonTerm::match:public:1:javax.mail.Message:boolean::3PP
javax.mail.search:NotTerm:public,final:javax.mail.search.SearchTerm::<init>:public:1:javax.mail.search.SearchTerm:void::3PP
javax.mail.search:NotTerm:public,final:javax.mail.search.SearchTerm::equals:public:1:java.lang.Object:boolean::3PP
javax.mail.search:NotTerm:public,final:javax.mail.search.SearchTerm::getTerm:public:0::javax.mail.search.SearchTerm::3PP
javax.mail.search:NotTerm:public,final:javax.mail.search.SearchTerm::hashCode:public:0::int::3PP
javax.mail.search:NotTerm:public,final:javax.mail.search.SearchTerm::match:public:1:javax.mail.Message:boolean::3PP
javax.mail.search:OrTerm:public,final:javax.mail.search.SearchTerm::<init>:public:2:javax.mail.search.SearchTerm,javax.mail.search.SearchTerm:void::3PP
javax.mail.search:OrTerm:public,final:javax.mail.search.SearchTerm::<init>:public:1:javax.mail.search.SearchTerm[]:void::3PP
javax.mail.search:OrTerm:public,final:javax.mail.search.SearchTerm::equals:public:1:java.lang.Object:boolean::3PP
javax.mail.search:OrTerm:public,final:javax.mail.search.SearchTerm::getTerms:public:0::javax.mail.search.SearchTerm[]::3PP
javax.mail.search:OrTerm:public,final:javax.mail.search.SearchTerm::hashCode:public:0::int::3PP
javax.mail.search:OrTerm:public,final:javax.mail.search.SearchTerm::match:public:1:javax.mail.Message:boolean::3PP
javax.mail.search:ReceivedDateTerm:public,final:javax.mail.search.DateTerm::<init>:public:2:int,java.util.Date:void::3PP
javax.mail.search:ReceivedDateTerm:public,final:javax.mail.search.DateTerm::match:public:1:javax.mail.Message:boolean::3PP
javax.mail.search:RecipientStringTerm:public,final:javax.mail.search.AddressStringTerm::<init>:public:2:javax.mail.Message$RecipientType,java.lang.String:void::3PP
javax.mail.search:RecipientStringTerm:public,final:javax.mail.search.AddressStringTerm::equals:public:1:java.lang.Object:boolean::3PP
javax.mail.search:RecipientStringTerm:public,final:javax.mail.search.AddressStringTerm::getRecipientType:public:0::javax.mail.Message$RecipientType::3PP
javax.mail.search:RecipientStringTerm:public,final:javax.mail.search.AddressStringTerm::hashCode:public:0::int::3PP
javax.mail.search:RecipientStringTerm:public,final:javax.mail.search.AddressStringTerm::match:public:1:javax.mail.Message:boolean::3PP
javax.mail.search:RecipientTerm:public,final:javax.mail.search.AddressTerm::<init>:public:2:javax.mail.Message$RecipientType,javax.mail.Address:void::3PP
javax.mail.search:RecipientTerm:public,final:javax.mail.search.AddressTerm::equals:public:1:java.lang.Object:boolean::3PP
javax.mail.search:RecipientTerm:public,final:javax.mail.search.AddressTerm::getRecipientType:public:0::javax.mail.Message$RecipientType::3PP
javax.mail.search:RecipientTerm:public,final:javax.mail.search.AddressTerm::hashCode:public:0::int::3PP
javax.mail.search:RecipientTerm:public,final:javax.mail.search.AddressTerm::match:public:1:javax.mail.Message:boolean::3PP
javax.mail.search:SearchException:public:javax.mail.MessagingException::<init>:public:0::void::3PP
javax.mail.search:SearchException:public:javax.mail.MessagingException::<init>:public:1:java.lang.String:void::3PP
javax.mail.search:SearchTerm:public,abstract:java.lang.Object:java.io.Serializable:<init>:public:0::void::3PP
javax.mail.search:SearchTerm:public,abstract:java.lang.Object:java.io.Serializable:match:public,abstract:1:javax.mail.Message:boolean::3PP
javax.mail.search:SearchTerm:public,abstract:java.lang.Object:java.io.Serializable:equals:public:1:java.lang.Object:boolean::3PP
javax.mail.search:SearchTerm:public,abstract:java.lang.Object:java.io.Serializable:hashCode:public:0::int::3PP
javax.mail.search:SentDateTerm:public,final:javax.mail.search.DateTerm::<init>:public:2:int,java.util.Date:void::3PP
javax.mail.search:SentDateTerm:public,final:javax.mail.search.DateTerm::match:public:1:javax.mail.Message:boolean::3PP
javax.mail.search:SizeTerm:public,final:javax.mail.search.IntegerComparisonTerm::<init>:public:2:int,int:void::3PP
javax.mail.search:SizeTerm:public,final:javax.mail.search.IntegerComparisonTerm::match:public:1:javax.mail.Message:boolean::3PP
javax.mail.search:StringTerm:public,abstract:javax.mail.search.SearchTerm::<init>:protected:1:java.lang.String:void::3PP
javax.mail.search:StringTerm:public,abstract:javax.mail.search.SearchTerm::<init>:protected:2:java.lang.String,boolean:void::3PP
javax.mail.search:StringTerm:public,abstract:javax.mail.search.SearchTerm::equals:public:1:java.lang.Object:boolean::3PP
javax.mail.search:StringTerm:public,abstract:javax.mail.search.SearchTerm::getIgnoreCase:public:0::boolean::3PP
javax.mail.search:StringTerm:public,abstract:javax.mail.search.SearchTerm::getPattern:public:0::java.lang.String::3PP
javax.mail.search:StringTerm:public,abstract:javax.mail.search.SearchTerm::hashCode:public:0::int::3PP
javax.mail.search:StringTerm:public,abstract:javax.mail.search.SearchTerm::match:protected:1:java.lang.String:boolean::3PP
javax.mail.search:SubjectTerm:public,final:javax.mail.search.StringTerm::<init>:public:1:java.lang.String:void::3PP
javax.mail.search:SubjectTerm:public,final:javax.mail.search.StringTerm::match:public:1:javax.mail.Message:boolean::3PP
javax.mail:SendFailedException:public:javax.mail.MessagingException::<init>:public:0::void::3PP
javax.mail:SendFailedException:public:javax.mail.MessagingException::<init>:public:1:java.lang.String:void::3PP
javax.mail:SendFailedException:public:javax.mail.MessagingException::<init>:public:2:java.lang.String,java.lang.Exception:void::3PP
javax.mail:SendFailedException:public:javax.mail.MessagingException::<init>:public:5:java.lang.String,java.lang.Exception,javax.mail.Address[],javax.mail.Address[],javax.mail.Address[]:void::3PP
javax.mail:SendFailedException:public:javax.mail.MessagingException::getValidSentAddresses:public:0::javax.mail.Address[]::3PP
javax.mail:SendFailedException:public:javax.mail.MessagingException::getValidUnsentAddresses:public:0::javax.mail.Address[]::3PP
javax.mail:SendFailedException:public:javax.mail.MessagingException::getInvalidAddresses:public:0::javax.mail.Address[]::3PP
javax.mail:Service:public,abstract:java.lang.Object::<init>:protected:2:javax.mail.Session,javax.mail.URLName:void::3PP
javax.mail:Service:public,abstract:java.lang.Object::addConnectionListener:public:1:javax.mail.event.ConnectionListener:void::3PP
javax.mail:Service:public,abstract:java.lang.Object::close:public:0::void::3PP
javax.mail:Service:public,abstract:java.lang.Object::connect:public:0::void::3PP
javax.mail:Service:public,abstract:java.lang.Object::connect:public:4:java.lang.String,int,java.lang.String,java.lang.String:void::3PP
javax.mail:Service:public,abstract:java.lang.Object::connect:public:3:java.lang.String,java.lang.String,java.lang.String:void::3PP
javax.mail:Service:public,abstract:java.lang.Object::finalize:protected:0::void::3PP
javax.mail:Service:public,abstract:java.lang.Object::getURLName:public:0::javax.mail.URLName::3PP
javax.mail:Service:public,abstract:java.lang.Object::isConnected:public:0::boolean::3PP
javax.mail:Service:public,abstract:java.lang.Object::notifyConnectionListeners:protected:1:int:void::3PP
javax.mail:Service:public,abstract:java.lang.Object::protocolConnect:protected:4:java.lang.String,int,java.lang.String,java.lang.String:boolean::3PP
javax.mail:Service:public,abstract:java.lang.Object::queueEvent:protected:2:javax.mail.event.MailEvent,java.util.Vector:void::3PP
javax.mail:Service:public,abstract:java.lang.Object::removeConnectionListener:public:1:javax.mail.event.ConnectionListener:void::3PP
javax.mail:Service:public,abstract:java.lang.Object::setConnected:protected:1:boolean:void::3PP
javax.mail:Service:public,abstract:java.lang.Object::setURLName:protected:1:javax.mail.URLName:void::3PP
javax.mail:Service:public,abstract:java.lang.Object::toString:public:0::java.lang.String::3PP
javax.mail:Session:public,final:java.lang.Object::<init>:private:0::void::3PP
javax.mail:Session:public,final:java.lang.Object::getDefaultInstance:public,static,synchronized:1:java.util.Properties:javax.mail.Session::3PP
javax.mail:Session:public,final:java.lang.Object::getDefaultInstance:public,static,synchronized:2:java.util.Properties,javax.mail.Authenticator:javax.mail.Session::3PP
javax.mail:Session:public,final:java.lang.Object::getInstance:public,static:1:java.util.Properties:javax.mail.Session::3PP
javax.mail:Session:public,final:java.lang.Object::getInstance:public,static:2:java.util.Properties,javax.mail.Authenticator:javax.mail.Session::3PP
javax.mail:Session:public,final:java.lang.Object::loadAddressMap:private,static:0::void::3PP
javax.mail:Session:public,final:java.lang.Object::loadAddressMap:private,static:1:java.io.InputStream:void::3PP
javax.mail:Session:public,final:java.lang.Object::loadAddressMap:private,static:1:java.lang.String:void::3PP
javax.mail:Session:public,final:java.lang.Object::loadProviders:private,static:0::void::3PP
javax.mail:Session:public,final:java.lang.Object::loadProviders:private,static:1:java.io.InputStream:void::3PP
javax.mail:Session:public,final:java.lang.Object::loadProviders:private,static:1:java.lang.String:void::3PP
javax.mail:Session:public,final:java.lang.Object::getDebug:public:0::boolean::3PP
javax.mail:Session:public,final:java.lang.Object::getDebugOut:public:0::java.io.PrintStream::3PP
javax.mail:Session:public,final:java.lang.Object::getFolder:public:1:javax.mail.URLName:javax.mail.Folder::3PP
javax.mail:Session:public,final:java.lang.Object::getPasswordAuthentication:public:1:javax.mail.URLName:javax.mail.PasswordAuthentication::3PP
javax.mail:Session:public,final:java.lang.Object::getProperties:public:0::java.util.Properties::3PP
javax.mail:Session:public,final:java.lang.Object::getProperty:public:1:java.lang.String:java.lang.String::3PP
javax.mail:Session:public,final:java.lang.Object::getProvider:public:1:java.lang.String:javax.mail.Provider::3PP
javax.mail:Session:public,final:java.lang.Object::getProviders:public:0::javax.mail.Provider[]::3PP
javax.mail:Session:public,final:java.lang.Object::getStore:public:0::javax.mail.Store::3PP
javax.mail:Session:public,final:java.lang.Object::getStore:public:1:javax.mail.Provider:javax.mail.Store::3PP
javax.mail:Session:public,final:java.lang.Object::getStore:public:1:java.lang.String:javax.mail.Store::3PP
javax.mail:Session:public,final:java.lang.Object::getStore:public:1:javax.mail.URLName:javax.mail.Store::3PP
javax.mail:Session:public,final:java.lang.Object::getTransport:public:0::javax.mail.Transport::3PP
javax.mail:Session:public,final:java.lang.Object::getTransport:public:1:javax.mail.Address:javax.mail.Transport::3PP
javax.mail:Session:public,final:java.lang.Object::getTransport:public:1:javax.mail.Provider:javax.mail.Transport::3PP
javax.mail:Session:public,final:java.lang.Object::getTransport:public:1:java.lang.String:javax.mail.Transport::3PP
javax.mail:Session:public,final:java.lang.Object::getTransport:public:1:javax.mail.URLName:javax.mail.Transport::3PP
javax.mail:Session:public,final:java.lang.Object::requestPasswordAuthentication:public:5:java.net.InetAddress,int,java.lang.String,java.lang.String,java.lang.String:javax.mail.PasswordAuthentication::3PP
javax.mail:Session:public,final:java.lang.Object::setDebug:public:1:boolean:void::3PP
javax.mail:Session:public,final:java.lang.Object::setDebugOut:public:1:java.io.PrintStream:void::3PP
javax.mail:Session:public,final:java.lang.Object::setPasswordAuthentication:public:2:javax.mail.URLName,javax.mail.PasswordAuthentication:void::3PP
javax.mail:Session:public,final:java.lang.Object::setProvider:public:1:javax.mail.Provider:void::3PP
javax.mail:Session:public,final:java.lang.Object::class$:static:1:java.lang.String:java.lang.Class::3PP
javax.mail:Session:public,final:java.lang.Object::<clinit>:static:0::void::3PP
javax.mail:Store:public,abstract:javax.mail.Service::<init>:protected:2:javax.mail.Session,javax.mail.URLName:void::3PP
javax.mail:Store:public,abstract:javax.mail.Service::addFolderListener:public:1:javax.mail.event.FolderListener:void::3PP
javax.mail:Store:public,abstract:javax.mail.Service::addStoreListener:public:1:javax.mail.event.StoreListener:void::3PP
javax.mail:Store:public,abstract:javax.mail.Service::getDefaultFolder:public,abstract:0::javax.mail.Folder::3PP
javax.mail:Store:public,abstract:javax.mail.Service::getFolder:public,abstract:1:java.lang.String:javax.mail.Folder::3PP
javax.mail:Store:public,abstract:javax.mail.Service::getFolder:public,abstract:1:javax.mail.URLName:javax.mail.Folder::3PP
javax.mail:Store:public,abstract:javax.mail.Service::getPersonalNamespaces:public:0::javax.mail.Folder[]::3PP
javax.mail:Store:public,abstract:javax.mail.Service::getSharedNamespaces:public:0::javax.mail.Folder[]::3PP
javax.mail:Store:public,abstract:javax.mail.Service::getUserNamespaces:public:1:java.lang.String:javax.mail.Folder[]::3PP
javax.mail:Store:public,abstract:javax.mail.Service::notifyFolderListeners:protected:2:int,javax.mail.Folder:void::3PP
javax.mail:Store:public,abstract:javax.mail.Service::notifyFolderRenamedListeners:protected:2:javax.mail.Folder,javax.mail.Folder:void::3PP
javax.mail:Store:public,abstract:javax.mail.Service::notifyStoreListeners:protected:2:int,java.lang.String:void::3PP
javax.mail:Store:public,abstract:javax.mail.Service::removeFolderListener:public:1:javax.mail.event.FolderListener:void::3PP
javax.mail:Store:public,abstract:javax.mail.Service::removeStoreListener:public:1:javax.mail.event.StoreListener:void::3PP
javax.mail:Store:public,abstract:javax.mail.Service::<clinit>:static:0::void::3PP
javax.mail:StoreClosedException:public:javax.mail.MessagingException::<init>:public:1:javax.mail.Store:void::3PP
javax.mail:StoreClosedException:public:javax.mail.MessagingException::<init>:public:2:javax.mail.Store,java.lang.String:void::3PP
javax.mail:StoreClosedException:public:javax.mail.MessagingException::getStore:public:0::javax.mail.Store::3PP
javax.mail:Transport:public,abstract:javax.mail.Service::send:public,static:1:javax.mail.Message:void::3PP
javax.mail:Transport:public,abstract:javax.mail.Service::send:public,static:2:javax.mail.Message,javax.mail.Address[]:void::3PP
javax.mail:Transport:public,abstract:javax.mail.Service::<init>:public:2:javax.mail.Session,javax.mail.URLName:void::3PP
javax.mail:Transport:public,abstract:javax.mail.Service::addTransportListener:public:1:javax.mail.event.TransportListener:void::3PP
javax.mail:Transport:public,abstract:javax.mail.Service::notifyTransportListeners:protected:5:int,javax.mail.Address[],javax.mail.Address[],javax.mail.Address[],javax.mail.Message:void::3PP
javax.mail:Transport:public,abstract:javax.mail.Service::removeTransportListener:public:1:javax.mail.event.TransportListener:void::3PP
javax.mail:Transport:public,abstract:javax.mail.Service::sendMessage:public,abstract:2:javax.mail.Message,javax.mail.Address[]:void::3PP
javax.mail:UIDFolder$FetchProfileItem:public:javax.mail.FetchProfile$Item::<init>:protected:1:java.lang.String:void::3PP
javax.mail:UIDFolder$FetchProfileItem:public:javax.mail.FetchProfile$Item::<clinit>:static:0::void::3PP
javax.mail:UIDFolder:public,abstract,interface:::getUIDValidity:public,abstract:0::long::3PP
javax.mail:UIDFolder:public,abstract,interface:::getMessageByUID:public,abstract:1:long:javax.mail.Message::3PP
javax.mail:UIDFolder:public,abstract,interface:::getMessagesByUID:public,abstract:2:long,long:javax.mail.Message[]::3PP
javax.mail:UIDFolder:public,abstract,interface:::getMessagesByUID:public,abstract:1:long[]:javax.mail.Message[]::3PP
javax.mail:UIDFolder:public,abstract,interface:::getUID:public,abstract:1:javax.mail.Message:long::3PP
javax.mail:URLName:public:java.lang.Object::<init>:public:1:java.lang.String:void::3PP
javax.mail:URLName:public:java.lang.Object::parseString:protected:1:java.lang.String:void::3PP
javax.mail:URLName:public:java.lang.Object::<init>:public:6:java.lang.String,java.lang.String,int,java.lang.String,java.lang.String,java.lang.String:void::3PP
javax.mail:URLName:public:java.lang.Object::<init>:public:1:java.net.URL:void::3PP
javax.mail:URLName:public:java.lang.Object::checkBlank:private,static:1:java.lang.String:java.lang.String::3PP
javax.mail:URLName:public:java.lang.Object::updateFullURL:private:0::void::3PP
javax.mail:URLName:public:java.lang.Object::equals:public:1:java.lang.Object:boolean::3PP
javax.mail:URLName:public:java.lang.Object::areSame:private,static:2:java.lang.String,java.lang.String:boolean::3PP
javax.mail:URLName:public:java.lang.Object::hashCode:public:0::int::3PP
javax.mail:URLName:public:java.lang.Object::toString:public:0::java.lang.String::3PP
javax.mail:URLName:public:java.lang.Object::getFile:public:0::java.lang.String::3PP
javax.mail:URLName:public:java.lang.Object::getHost:public:0::java.lang.String::3PP
javax.mail:URLName:public:java.lang.Object::getPassword:public:0::java.lang.String::3PP
javax.mail:URLName:public:java.lang.Object::getPort:public:0::int::3PP
javax.mail:URLName:public:java.lang.Object::getProtocol:public:0::java.lang.String::3PP
javax.mail:URLName:public:java.lang.Object::getRef:public:0::java.lang.String::3PP
javax.mail:URLName:public:java.lang.Object::getURL:public:0::java.net.URL::3PP
javax.mail:URLName:public:java.lang.Object::getUsername:public:0::java.lang.String::3PP
