com.sun.istack:XMLStreamReaderToContentHandler:public:java.lang.Object::<init>:public:4:javax.xml.stream.XMLStreamReader,org.xml.sax.ContentHandler,boolean,boolean:void::3PP
com.sun.istack:XMLStreamReaderToContentHandler:public:java.lang.Object::<init>:public:5:javax.xml.stream.XMLStreamReader,org.xml.sax.ContentHandler,boolean,boolean,java.lang.String[]:void::3PP
com.sun.istack:XMLStreamReaderToContentHandler:public:java.lang.Object::bridge:public:0::void::3PP
com.sun.istack:XMLStreamReaderToContentHandler:public:java.lang.Object::handleEndDocument:private:0::void::3PP
com.sun.istack:XMLStreamReaderToContentHandler:public:java.lang.Object::handleStartDocument:private:0::void::3PP
com.sun.istack:XMLStreamReaderToContentHandler:public:java.lang.Object::handlePI:private:0::void::3PP
com.sun.istack:XMLStreamReaderToContentHandler:public:java.lang.Object::handleCharacters:private:0::void::3PP
com.sun.istack:XMLStreamReaderToContentHandler:public:java.lang.Object::handleEndElement:private:0::void::3PP
com.sun.istack:XMLStreamReaderToContentHandler:public:java.lang.Object::handleStartElement:private:0::void::3PP
com.sun.istack:XMLStreamReaderToContentHandler:public:java.lang.Object::fixNull:private,static:1:java.lang.String:java.lang.String::3PP
com.sun.istack:XMLStreamReaderToContentHandler:public:java.lang.Object::getAttributes:private:0::org.xml.sax.Attributes::3PP
com.sun.istack:XMLStreamReaderToContentHandler:public:java.lang.Object::handleNamespace:private:0::void::3PP
com.sun.istack:XMLStreamReaderToContentHandler:public:java.lang.Object::handleAttribute:private:0::void::3PP
com.sun.istack:XMLStreamReaderToContentHandler:public:java.lang.Object::handleDTD:private:0::void::3PP
com.sun.istack:XMLStreamReaderToContentHandler:public:java.lang.Object::handleComment:private:0::void::3PP
com.sun.istack:XMLStreamReaderToContentHandler:public:java.lang.Object::handleEntityReference:private:0::void::3PP
com.sun.istack:XMLStreamReaderToContentHandler:public:java.lang.Object::handleSpace:private:0::void::3PP
com.sun.istack:XMLStreamReaderToContentHandler:public:java.lang.Object::handleNotationDecl:private:0::void::3PP
com.sun.istack:XMLStreamReaderToContentHandler:public:java.lang.Object::handleEntityDecl:private:0::void::3PP
com.sun.istack:XMLStreamReaderToContentHandler:public:java.lang.Object::handleCDATA:private:0::void::3PP
com.sun.istack:XMLStreamReaderToContentHandler:public:java.lang.Object::access$000:static:1:com.sun.istack.XMLStreamReaderToContentHandler:javax.xml.stream.XMLStreamReader::3PP
com.sun.istack:XMLStreamReaderToContentHandler:public:java.lang.Object::<clinit>:static:0::void::3PP
com.sun.istack:FinalArrayList:public,final:java.util.ArrayList::<init>:public:1:int:void::3PP
com.sun.istack:FinalArrayList:public,final:java.util.ArrayList::<init>:public:0::void::3PP
com.sun.istack:FinalArrayList:public,final:java.util.ArrayList::<init>:public:1:java.util.Collection:void::3PP
com.sun.istack:XMLStreamReaderToContentHandler$1::java.lang.Object:org.xml.sax.Locator:<init>::1:com.sun.istack.XMLStreamReaderToContentHandler:void::3PP
com.sun.istack:XMLStreamReaderToContentHandler$1::java.lang.Object:org.xml.sax.Locator:getColumnNumber:public:0::int::3PP
com.sun.istack:XMLStreamReaderToContentHandler$1::java.lang.Object:org.xml.sax.Locator:getLineNumber:public:0::int::3PP
com.sun.istack:XMLStreamReaderToContentHandler$1::java.lang.Object:org.xml.sax.Locator:getPublicId:public:0::java.lang.String::3PP
com.sun.istack:XMLStreamReaderToContentHandler$1::java.lang.Object:org.xml.sax.Locator:getSystemId:public:0::java.lang.String::3PP
com.sun.istack:XMLStreamException2:public:javax.xml.stream.XMLStreamException::<init>:public:1:java.lang.String:void::3PP
com.sun.istack:XMLStreamException2:public:javax.xml.stream.XMLStreamException::<init>:public:1:java.lang.Throwable:void::3PP
com.sun.istack:XMLStreamException2:public:javax.xml.stream.XMLStreamException::<init>:public:2:java.lang.String,java.lang.Throwable:void::3PP
com.sun.istack:XMLStreamException2:public:javax.xml.stream.XMLStreamException::<init>:public:2:java.lang.String,javax.xml.stream.Location:void::3PP
com.sun.istack:XMLStreamException2:public:javax.xml.stream.XMLStreamException::<init>:public:3:java.lang.String,javax.xml.stream.Location,java.lang.Throwable:void::3PP
com.sun.istack:XMLStreamException2:public:javax.xml.stream.XMLStreamException::getCause:public:0::java.lang.Throwable::3PP
com.sun.istack:Builder:public,abstract,interface:::build:public,abstract:0::java.lang.Object::3PP
com.sun.istack.localization:LocalizableMessageFactory$ResourceBundleSupplier:public,abstract,interface:::getResourceBundle:public,abstract:1:java.util.Locale:java.util.ResourceBundle::3PP
com.sun.istack.localization:NullLocalizable:public,final:java.lang.Object:com.sun.istack.localization.Localizable:<init>:public:1:java.lang.String:void::3PP
com.sun.istack.localization:NullLocalizable:public,final:java.lang.Object:com.sun.istack.localization.Localizable:getKey:public:0::java.lang.String::3PP
com.sun.istack.localization:NullLocalizable:public,final:java.lang.Object:com.sun.istack.localization.Localizable:getArguments:public:0::java.lang.Object[]::3PP
com.sun.istack.localization:NullLocalizable:public,final:java.lang.Object:com.sun.istack.localization.Localizable:getResourceBundleName:public:0::java.lang.String::3PP
com.sun.istack.localization:NullLocalizable:public,final:java.lang.Object:com.sun.istack.localization.Localizable:getResourceBundle:public:1:java.util.Locale:java.util.ResourceBundle::3PP
com.sun.istack.localization:LocalizableMessage:public,final:java.lang.Object:com.sun.istack.localization.Localizable:<init>:public,transient:3:java.lang.String,java.lang.String,java.lang.Object[]:void::3PP
com.sun.istack.localization:LocalizableMessage:public,final:java.lang.Object:com.sun.istack.localization.Localizable:<init>:public,transient:4:java.lang.String,com.sun.istack.localization.LocalizableMessageFactory$ResourceBundleSupplier,java.lang.String,java.lang.Object[]:void::3PP
com.sun.istack.localization:LocalizableMessage:public,final:java.lang.Object:com.sun.istack.localization.Localizable:getKey:public:0::java.lang.String::3PP
com.sun.istack.localization:LocalizableMessage:public,final:java.lang.Object:com.sun.istack.localization.Localizable:getArguments:public:0::java.lang.Object[]::3PP
com.sun.istack.localization:LocalizableMessage:public,final:java.lang.Object:com.sun.istack.localization.Localizable:getResourceBundleName:public:0::java.lang.String::3PP
com.sun.istack.localization:LocalizableMessage:public,final:java.lang.Object:com.sun.istack.localization.Localizable:getResourceBundle:public:1:java.util.Locale:java.util.ResourceBundle::3PP
com.sun.istack.localization:Localizer:public:java.lang.Object::<init>:public:0::void::3PP
com.sun.istack.localization:Localizer:public:java.lang.Object::<init>:public:1:java.util.Locale:void::3PP
com.sun.istack.localization:Localizer:public:java.lang.Object::getLocale:public:0::java.util.Locale::3PP
com.sun.istack.localization:Localizer:public:java.lang.Object::localize:public:1:com.sun.istack.localization.Localizable:java.lang.String::3PP
com.sun.istack.localization:Localizer:public:java.lang.Object::getDefaultMessage:private:1:com.sun.istack.localization.Localizable:java.lang.String::3PP
com.sun.istack.localization:Localizable:public,abstract,interface:::getKey:public,abstract:0::java.lang.String::3PP
com.sun.istack.localization:Localizable:public,abstract,interface:::getArguments:public,abstract:0::java.lang.Object[]::3PP
com.sun.istack.localization:Localizable:public,abstract,interface:::getResourceBundleName:public,abstract:0::java.lang.String::3PP
com.sun.istack.localization:Localizable:public,abstract,interface:::getResourceBundle:public,abstract:1:java.util.Locale:java.util.ResourceBundle::3PP
com.sun.istack.localization:LocalizableMessageFactory:public:java.lang.Object::<init>:public:1:java.lang.String:void::3PP
com.sun.istack.localization:LocalizableMessageFactory:public:java.lang.Object::<init>:public:2:java.lang.String,com.sun.istack.localization.LocalizableMessageFactory$ResourceBundleSupplier:void::3PP
com.sun.istack.localization:LocalizableMessageFactory:public:java.lang.Object::getMessage:public,transient:2:java.lang.String,java.lang.Object[]:com.sun.istack.localization.Localizable::3PP
com.sun.istack.logging:Logger:public:java.lang.Object::<init>:protected:2:java.lang.String,java.lang.String:void::3PP
com.sun.istack.logging:Logger:public:java.lang.Object::getLogger:public,static:1:java.lang.Class:com.sun.istack.logging.Logger::3PP
com.sun.istack.logging:Logger:public:java.lang.Object::getLogger:public,static:2:java.lang.String,java.lang.Class:com.sun.istack.logging.Logger::3PP
com.sun.istack.logging:Logger:public:java.lang.Object::getSystemLoggerName:static,final:1:java.lang.Class:java.lang.String::3PP
com.sun.istack.logging:Logger:public:java.lang.Object::log:public:2:java.util.logging.Level,java.lang.String:void::3PP
com.sun.istack.logging:Logger:public:java.lang.Object::log:public:3:java.util.logging.Level,java.lang.String,java.lang.Object:void::3PP
com.sun.istack.logging:Logger:public:java.lang.Object::log:public:3:java.util.logging.Level,java.lang.String,java.lang.Object[]:void::3PP
com.sun.istack.logging:Logger:public:java.lang.Object::log:public:3:java.util.logging.Level,java.lang.String,java.lang.Throwable:void::3PP
com.sun.istack.logging:Logger:public:java.lang.Object::finest:public:1:java.lang.String:void::3PP
com.sun.istack.logging:Logger:public:java.lang.Object::finest:public:2:java.lang.String,java.lang.Object[]:void::3PP
com.sun.istack.logging:Logger:public:java.lang.Object::finest:public:2:java.lang.String,java.lang.Throwable:void::3PP
com.sun.istack.logging:Logger:public:java.lang.Object::finer:public:1:java.lang.String:void::3PP
com.sun.istack.logging:Logger:public:java.lang.Object::finer:public:2:java.lang.String,java.lang.Object[]:void::3PP
com.sun.istack.logging:Logger:public:java.lang.Object::finer:public:2:java.lang.String,java.lang.Throwable:void::3PP
com.sun.istack.logging:Logger:public:java.lang.Object::fine:public:1:java.lang.String:void::3PP
com.sun.istack.logging:Logger:public:java.lang.Object::fine:public:2:java.lang.String,java.lang.Throwable:void::3PP
com.sun.istack.logging:Logger:public:java.lang.Object::info:public:1:java.lang.String:void::3PP
com.sun.istack.logging:Logger:public:java.lang.Object::info:public:2:java.lang.String,java.lang.Object[]:void::3PP
com.sun.istack.logging:Logger:public:java.lang.Object::info:public:2:java.lang.String,java.lang.Throwable:void::3PP
com.sun.istack.logging:Logger:public:java.lang.Object::config:public:1:java.lang.String:void::3PP
com.sun.istack.logging:Logger:public:java.lang.Object::config:public:2:java.lang.String,java.lang.Object[]:void::3PP
com.sun.istack.logging:Logger:public:java.lang.Object::config:public:2:java.lang.String,java.lang.Throwable:void::3PP
com.sun.istack.logging:Logger:public:java.lang.Object::warning:public:1:java.lang.String:void::3PP
com.sun.istack.logging:Logger:public:java.lang.Object::warning:public:2:java.lang.String,java.lang.Object[]:void::3PP
com.sun.istack.logging:Logger:public:java.lang.Object::warning:public:2:java.lang.String,java.lang.Throwable:void::3PP
com.sun.istack.logging:Logger:public:java.lang.Object::severe:public:1:java.lang.String:void::3PP
com.sun.istack.logging:Logger:public:java.lang.Object::severe:public:2:java.lang.String,java.lang.Object[]:void::3PP
com.sun.istack.logging:Logger:public:java.lang.Object::severe:public:2:java.lang.String,java.lang.Throwable:void::3PP
com.sun.istack.logging:Logger:public:java.lang.Object::isMethodCallLoggable:public:0::boolean::3PP
com.sun.istack.logging:Logger:public:java.lang.Object::isLoggable:public:1:java.util.logging.Level:boolean::3PP
com.sun.istack.logging:Logger:public:java.lang.Object::setLevel:public:1:java.util.logging.Level:void::3PP
com.sun.istack.logging:Logger:public:java.lang.Object::entering:public:0::void::3PP
com.sun.istack.logging:Logger:public:java.lang.Object::entering:public,transient:1:java.lang.Object[]:void::3PP
com.sun.istack.logging:Logger:public:java.lang.Object::exiting:public:0::void::3PP
com.sun.istack.logging:Logger:public:java.lang.Object::exiting:public:1:java.lang.Object:void::3PP
com.sun.istack.logging:Logger:public:java.lang.Object::logSevereException:public:2:java.lang.Throwable,java.lang.Throwable:java.lang.Throwable::3PP
com.sun.istack.logging:Logger:public:java.lang.Object::logSevereException:public:2:java.lang.Throwable,boolean:java.lang.Throwable::3PP
com.sun.istack.logging:Logger:public:java.lang.Object::logSevereException:public:1:java.lang.Throwable:java.lang.Throwable::3PP
com.sun.istack.logging:Logger:public:java.lang.Object::logException:public:3:java.lang.Throwable,java.lang.Throwable,java.util.logging.Level:java.lang.Throwable::3PP
com.sun.istack.logging:Logger:public:java.lang.Object::logException:public:3:java.lang.Throwable,boolean,java.util.logging.Level:java.lang.Throwable::3PP
com.sun.istack.logging:Logger:public:java.lang.Object::logException:public:2:java.lang.Throwable,java.util.logging.Level:java.lang.Throwable::3PP
com.sun.istack.logging:Logger:public:java.lang.Object::getCallerMethodName:private,static:0::java.lang.String::3PP
com.sun.istack.logging:Logger:public:java.lang.Object::getStackMethodName:private,static:1:int:java.lang.String::3PP
com.sun.istack.logging:Logger:public:java.lang.Object::<clinit>:static:0::void::3PP
com.sun.istack:FragmentContentHandler:public:org.xml.sax.helpers.XMLFilterImpl::<init>:public:0::void::3PP
com.sun.istack:FragmentContentHandler:public:org.xml.sax.helpers.XMLFilterImpl::<init>:public:1:org.xml.sax.XMLReader:void::3PP
com.sun.istack:FragmentContentHandler:public:org.xml.sax.helpers.XMLFilterImpl::<init>:public:1:org.xml.sax.ContentHandler:void::3PP
com.sun.istack:FragmentContentHandler:public:org.xml.sax.helpers.XMLFilterImpl::startDocument:public:0::void::3PP
com.sun.istack:FragmentContentHandler:public:org.xml.sax.helpers.XMLFilterImpl::endDocument:public:0::void::3PP
com.sun.istack:Pool$Impl:public,abstract:java.lang.Object:com.sun.istack.Pool:<init>:public:0::void::3PP
com.sun.istack:Pool$Impl:public,abstract:java.lang.Object:com.sun.istack.Pool:take:public,final:0::java.lang.Object::3PP
com.sun.istack:Pool$Impl:public,abstract:java.lang.Object:com.sun.istack.Pool:recycle:public,final:1:java.lang.Object:void::3PP
com.sun.istack:Pool$Impl:public,abstract:java.lang.Object:com.sun.istack.Pool:getQueue:private:0::java.util.concurrent.ConcurrentLinkedQueue::3PP
com.sun.istack:Pool$Impl:public,abstract:java.lang.Object:com.sun.istack.Pool:create:protected,abstract:0::java.lang.Object::3PP
com.sun.istack:SAXParseException2:public:org.xml.sax.SAXParseException::<init>:public:2:java.lang.String,org.xml.sax.Locator:void::3PP
com.sun.istack:SAXParseException2:public:org.xml.sax.SAXParseException::<init>:public:3:java.lang.String,org.xml.sax.Locator,java.lang.Exception:void::3PP
com.sun.istack:SAXParseException2:public:org.xml.sax.SAXParseException::<init>:public:5:java.lang.String,java.lang.String,java.lang.String,int,int:void::3PP
com.sun.istack:SAXParseException2:public:org.xml.sax.SAXParseException::<init>:public:6:java.lang.String,java.lang.String,java.lang.String,int,int,java.lang.Exception:void::3PP
com.sun.istack:SAXParseException2:public:org.xml.sax.SAXParseException::getCause:public:0::java.lang.Throwable::3PP
com.sun.istack:ByteArrayDataSource:public,final:java.lang.Object:javax.activation.DataSource:<init>:public:2:byte[],java.lang.String:void::3PP
com.sun.istack:ByteArrayDataSource:public,final:java.lang.Object:javax.activation.DataSource:<init>:public:3:byte[],int,java.lang.String:void::3PP
com.sun.istack:ByteArrayDataSource:public,final:java.lang.Object:javax.activation.DataSource:getContentType:public:0::java.lang.String::3PP
com.sun.istack:ByteArrayDataSource:public,final:java.lang.Object:javax.activation.DataSource:getInputStream:public:0::java.io.InputStream::3PP
com.sun.istack:ByteArrayDataSource:public,final:java.lang.Object:javax.activation.DataSource:getName:public:0::java.lang.String::3PP
com.sun.istack:ByteArrayDataSource:public,final:java.lang.Object:javax.activation.DataSource:getOutputStream:public:0::java.io.OutputStream::3PP
com.sun.istack:SAXException2:public:org.xml.sax.SAXException::<init>:public:1:java.lang.String:void::3PP
com.sun.istack:SAXException2:public:org.xml.sax.SAXException::<init>:public:1:java.lang.Exception:void::3PP
com.sun.istack:SAXException2:public:org.xml.sax.SAXException::<init>:public:2:java.lang.String,java.lang.Exception:void::3PP
com.sun.istack:SAXException2:public:org.xml.sax.SAXException::getCause:public:0::java.lang.Throwable::3PP
com.sun.istack:Pool:public,abstract,interface:::take:public,abstract:0::java.lang.Object::3PP
com.sun.istack:Pool:public,abstract,interface:::recycle:public,abstract:1:java.lang.Object:void::3PP
