com.fasterxml.jackson.dataformat.cbor:CBORConstants:public,final:java.lang.Object::<init>:public:0::void::3PP
com.fasterxml.jackson.dataformat.cbor:CBORConstants:public,final:java.lang.Object::hasMajorType:public,static:2:int,byte:boolean::3PP
com.fasterxml.jackson.dataformat.cbor:CBORConstants:public,final:java.lang.Object::<clinit>:static:0::void::3PP
com.fasterxml.jackson.dataformat.cbor:CBORFactory:public:com.fasterxml.jackson.core.JsonFactory::<init>:public:0::void::3PP
com.fasterxml.jackson.dataformat.cbor:CBORFactory:public:com.fasterxml.jackson.core.JsonFactory::<init>:public:1:com.fasterxml.jackson.core.ObjectCodec:void::3PP
com.fasterxml.jackson.dataformat.cbor:CBORFactory:public:com.fasterxml.jackson.core.JsonFactory::<init>:public:2:com.fasterxml.jackson.dataformat.cbor.CBORFactory,com.fasterxml.jackson.core.ObjectCodec:void::3PP
com.fasterxml.jackson.dataformat.cbor:CBORFactory:public:com.fasterxml.jackson.core.JsonFactory::<init>:protected:1:com.fasterxml.jackson.dataformat.cbor.CBORFactoryBuilder:void::3PP
com.fasterxml.jackson.dataformat.cbor:CBORFactory:public:com.fasterxml.jackson.core.JsonFactory::rebuild:public:0::com.fasterxml.jackson.dataformat.cbor.CBORFactoryBuilder::3PP
com.fasterxml.jackson.dataformat.cbor:CBORFactory:public:com.fasterxml.jackson.core.JsonFactory::builder:public,static:0::com.fasterxml.jackson.dataformat.cbor.CBORFactoryBuilder::3PP
com.fasterxml.jackson.dataformat.cbor:CBORFactory:public:com.fasterxml.jackson.core.JsonFactory::copy:public:0::com.fasterxml.jackson.dataformat.cbor.CBORFactory::3PP
com.fasterxml.jackson.dataformat.cbor:CBORFactory:public:com.fasterxml.jackson.core.JsonFactory::readResolve:protected:0::java.lang.Object::3PP
com.fasterxml.jackson.dataformat.cbor:CBORFactory:public:com.fasterxml.jackson.core.JsonFactory::version:public:0::com.fasterxml.jackson.core.Version::3PP
com.fasterxml.jackson.dataformat.cbor:CBORFactory:public:com.fasterxml.jackson.core.JsonFactory::getFormatName:public:0::java.lang.String::3PP
com.fasterxml.jackson.dataformat.cbor:CBORFactory:public:com.fasterxml.jackson.core.JsonFactory::canUseCharArrays:public:0::boolean::3PP
com.fasterxml.jackson.dataformat.cbor:CBORFactory:public:com.fasterxml.jackson.core.JsonFactory::hasFormat:public:1:com.fasterxml.jackson.core.format.InputAccessor:com.fasterxml.jackson.core.format.MatchStrength::3PP
com.fasterxml.jackson.dataformat.cbor:CBORFactory:public:com.fasterxml.jackson.core.JsonFactory::canHandleBinaryNatively:public:0::boolean::3PP
com.fasterxml.jackson.dataformat.cbor:CBORFactory:public:com.fasterxml.jackson.core.JsonFactory::getFormatReadFeatureType:public:0::java.lang.Class::3PP
com.fasterxml.jackson.dataformat.cbor:CBORFactory:public:com.fasterxml.jackson.core.JsonFactory::getFormatWriteFeatureType:public:0::java.lang.Class::3PP
com.fasterxml.jackson.dataformat.cbor:CBORFactory:public:com.fasterxml.jackson.core.JsonFactory::configure:public,final:2:com.fasterxml.jackson.dataformat.cbor.CBORParser$Feature,boolean:com.fasterxml.jackson.dataformat.cbor.CBORFactory::3PP
com.fasterxml.jackson.dataformat.cbor:CBORFactory:public:com.fasterxml.jackson.core.JsonFactory::enable:public:1:com.fasterxml.jackson.dataformat.cbor.CBORParser$Feature:com.fasterxml.jackson.dataformat.cbor.CBORFactory::3PP
com.fasterxml.jackson.dataformat.cbor:CBORFactory:public:com.fasterxml.jackson.core.JsonFactory::disable:public:1:com.fasterxml.jackson.dataformat.cbor.CBORParser$Feature:com.fasterxml.jackson.dataformat.cbor.CBORFactory::3PP
com.fasterxml.jackson.dataformat.cbor:CBORFactory:public:com.fasterxml.jackson.core.JsonFactory::isEnabled:public,final:1:com.fasterxml.jackson.dataformat.cbor.CBORParser$Feature:boolean::3PP
com.fasterxml.jackson.dataformat.cbor:CBORFactory:public:com.fasterxml.jackson.core.JsonFactory::getFormatParserFeatures:public:0::int::3PP
com.fasterxml.jackson.dataformat.cbor:CBORFactory:public:com.fasterxml.jackson.core.JsonFactory::configure:public,final:2:com.fasterxml.jackson.dataformat.cbor.CBORGenerator$Feature,boolean:com.fasterxml.jackson.dataformat.cbor.CBORFactory::3PP
com.fasterxml.jackson.dataformat.cbor:CBORFactory:public:com.fasterxml.jackson.core.JsonFactory::enable:public:1:com.fasterxml.jackson.dataformat.cbor.CBORGenerator$Feature:com.fasterxml.jackson.dataformat.cbor.CBORFactory::3PP
com.fasterxml.jackson.dataformat.cbor:CBORFactory:public:com.fasterxml.jackson.core.JsonFactory::disable:public:1:com.fasterxml.jackson.dataformat.cbor.CBORGenerator$Feature:com.fasterxml.jackson.dataformat.cbor.CBORFactory::3PP
com.fasterxml.jackson.dataformat.cbor:CBORFactory:public:com.fasterxml.jackson.core.JsonFactory::isEnabled:public,final:1:com.fasterxml.jackson.dataformat.cbor.CBORGenerator$Feature:boolean::3PP
com.fasterxml.jackson.dataformat.cbor:CBORFactory:public:com.fasterxml.jackson.core.JsonFactory::getFormatGeneratorFeatures:public:0::int::3PP
com.fasterxml.jackson.dataformat.cbor:CBORFactory:public:com.fasterxml.jackson.core.JsonFactory::createParser:public:1:java.io.File:com.fasterxml.jackson.dataformat.cbor.CBORParser::3PP
com.fasterxml.jackson.dataformat.cbor:CBORFactory:public:com.fasterxml.jackson.core.JsonFactory::createParser:public:1:java.net.URL:com.fasterxml.jackson.dataformat.cbor.CBORParser::3PP
com.fasterxml.jackson.dataformat.cbor:CBORFactory:public:com.fasterxml.jackson.core.JsonFactory::createParser:public:1:java.io.InputStream:com.fasterxml.jackson.dataformat.cbor.CBORParser::3PP
com.fasterxml.jackson.dataformat.cbor:CBORFactory:public:com.fasterxml.jackson.core.JsonFactory::createParser:public:1:byte[]:com.fasterxml.jackson.dataformat.cbor.CBORParser::3PP
com.fasterxml.jackson.dataformat.cbor:CBORFactory:public:com.fasterxml.jackson.core.JsonFactory::createParser:public:3:byte[],int,int:com.fasterxml.jackson.dataformat.cbor.CBORParser::3PP
com.fasterxml.jackson.dataformat.cbor:CBORFactory:public:com.fasterxml.jackson.core.JsonFactory::createGenerator:public:2:java.io.OutputStream,com.fasterxml.jackson.core.JsonEncoding:com.fasterxml.jackson.dataformat.cbor.CBORGenerator::3PP
com.fasterxml.jackson.dataformat.cbor:CBORFactory:public:com.fasterxml.jackson.core.JsonFactory::createGenerator:public:1:java.io.OutputStream:com.fasterxml.jackson.dataformat.cbor.CBORGenerator::3PP
com.fasterxml.jackson.dataformat.cbor:CBORFactory:public:com.fasterxml.jackson.core.JsonFactory::_createContext:protected:2:java.lang.Object,boolean:com.fasterxml.jackson.core.io.IOContext::3PP
com.fasterxml.jackson.dataformat.cbor:CBORFactory:public:com.fasterxml.jackson.core.JsonFactory::_createParser:protected:2:java.io.InputStream,com.fasterxml.jackson.core.io.IOContext:com.fasterxml.jackson.dataformat.cbor.CBORParser::3PP
com.fasterxml.jackson.dataformat.cbor:CBORFactory:public:com.fasterxml.jackson.core.JsonFactory::_createParser:protected:2:java.io.Reader,com.fasterxml.jackson.core.io.IOContext:com.fasterxml.jackson.core.JsonParser::3PP
com.fasterxml.jackson.dataformat.cbor:CBORFactory:public:com.fasterxml.jackson.core.JsonFactory::_createParser:protected:5:char[],int,int,com.fasterxml.jackson.core.io.IOContext,boolean:com.fasterxml.jackson.core.JsonParser::3PP
com.fasterxml.jackson.dataformat.cbor:CBORFactory:public:com.fasterxml.jackson.core.JsonFactory::_createParser:protected:4:byte[],int,int,com.fasterxml.jackson.core.io.IOContext:com.fasterxml.jackson.dataformat.cbor.CBORParser::3PP
com.fasterxml.jackson.dataformat.cbor:CBORFactory:public:com.fasterxml.jackson.core.JsonFactory::_createGenerator:protected:2:java.io.Writer,com.fasterxml.jackson.core.io.IOContext:com.fasterxml.jackson.dataformat.cbor.CBORGenerator::3PP
com.fasterxml.jackson.dataformat.cbor:CBORFactory:public:com.fasterxml.jackson.core.JsonFactory::_createUTF8Generator:protected:2:java.io.OutputStream,com.fasterxml.jackson.core.io.IOContext:com.fasterxml.jackson.dataformat.cbor.CBORGenerator::3PP
com.fasterxml.jackson.dataformat.cbor:CBORFactory:public:com.fasterxml.jackson.core.JsonFactory::_createWriter:protected:3:java.io.OutputStream,com.fasterxml.jackson.core.JsonEncoding,com.fasterxml.jackson.core.io.IOContext:java.io.Writer::3PP
com.fasterxml.jackson.dataformat.cbor:CBORFactory:public:com.fasterxml.jackson.core.JsonFactory::_createCBORGenerator:private,final:5:com.fasterxml.jackson.core.io.IOContext,int,int,com.fasterxml.jackson.core.ObjectCodec,java.io.OutputStream:com.fasterxml.jackson.dataformat.cbor.CBORGenerator::3PP
com.fasterxml.jackson.dataformat.cbor:CBORFactory:public:com.fasterxml.jackson.core.JsonFactory::_nonByteSource:protected:0::java.lang.Object::3PP
com.fasterxml.jackson.dataformat.cbor:CBORFactory:public:com.fasterxml.jackson.core.JsonFactory::_nonByteTarget:protected:0::java.lang.Object::3PP
com.fasterxml.jackson.dataformat.cbor:CBORFactory:public:com.fasterxml.jackson.core.JsonFactory::_createUTF8Generator:protected,volatile:2:java.io.OutputStream,com.fasterxml.jackson.core.io.IOContext:com.fasterxml.jackson.core.JsonGenerator::3PP
com.fasterxml.jackson.dataformat.cbor:CBORFactory:public:com.fasterxml.jackson.core.JsonFactory::_createGenerator:protected,volatile:2:java.io.Writer,com.fasterxml.jackson.core.io.IOContext:com.fasterxml.jackson.core.JsonGenerator::3PP
com.fasterxml.jackson.dataformat.cbor:CBORFactory:public:com.fasterxml.jackson.core.JsonFactory::_createParser:protected,volatile:4:byte[],int,int,com.fasterxml.jackson.core.io.IOContext:com.fasterxml.jackson.core.JsonParser::3PP
com.fasterxml.jackson.dataformat.cbor:CBORFactory:public:com.fasterxml.jackson.core.JsonFactory::_createParser:protected,volatile:2:java.io.InputStream,com.fasterxml.jackson.core.io.IOContext:com.fasterxml.jackson.core.JsonParser::3PP
com.fasterxml.jackson.dataformat.cbor:CBORFactory:public:com.fasterxml.jackson.core.JsonFactory::createGenerator:public,volatile:1:java.io.OutputStream:com.fasterxml.jackson.core.JsonGenerator::3PP
com.fasterxml.jackson.dataformat.cbor:CBORFactory:public:com.fasterxml.jackson.core.JsonFactory::createGenerator:public,volatile:2:java.io.OutputStream,com.fasterxml.jackson.core.JsonEncoding:com.fasterxml.jackson.core.JsonGenerator::3PP
com.fasterxml.jackson.dataformat.cbor:CBORFactory:public:com.fasterxml.jackson.core.JsonFactory::createParser:public,volatile:3:byte[],int,int:com.fasterxml.jackson.core.JsonParser::3PP
com.fasterxml.jackson.dataformat.cbor:CBORFactory:public:com.fasterxml.jackson.core.JsonFactory::createParser:public,volatile:1:byte[]:com.fasterxml.jackson.core.JsonParser::3PP
com.fasterxml.jackson.dataformat.cbor:CBORFactory:public:com.fasterxml.jackson.core.JsonFactory::createParser:public,volatile:1:java.io.InputStream:com.fasterxml.jackson.core.JsonParser::3PP
com.fasterxml.jackson.dataformat.cbor:CBORFactory:public:com.fasterxml.jackson.core.JsonFactory::createParser:public,volatile:1:java.net.URL:com.fasterxml.jackson.core.JsonParser::3PP
com.fasterxml.jackson.dataformat.cbor:CBORFactory:public:com.fasterxml.jackson.core.JsonFactory::createParser:public,volatile:1:java.io.File:com.fasterxml.jackson.core.JsonParser::3PP
com.fasterxml.jackson.dataformat.cbor:CBORFactory:public:com.fasterxml.jackson.core.JsonFactory::copy:public,volatile:0::com.fasterxml.jackson.core.JsonFactory::3PP
com.fasterxml.jackson.dataformat.cbor:CBORFactory:public:com.fasterxml.jackson.core.JsonFactory::rebuild:public,volatile:0::com.fasterxml.jackson.core.TSFBuilder::3PP
com.fasterxml.jackson.dataformat.cbor:CBORFactory:public:com.fasterxml.jackson.core.JsonFactory::<clinit>:static:0::void::3PP
com.fasterxml.jackson.dataformat.cbor:CBORFactoryBuilder:public:com.fasterxml.jackson.core.TSFBuilder::<init>:protected:0::void::3PP
com.fasterxml.jackson.dataformat.cbor:CBORFactoryBuilder:public:com.fasterxml.jackson.core.TSFBuilder::<init>:public:1:com.fasterxml.jackson.dataformat.cbor.CBORFactory:void::3PP
com.fasterxml.jackson.dataformat.cbor:CBORFactoryBuilder:public:com.fasterxml.jackson.core.TSFBuilder::enable:public:1:com.fasterxml.jackson.dataformat.cbor.CBORParser$Feature:com.fasterxml.jackson.dataformat.cbor.CBORFactoryBuilder::3PP
com.fasterxml.jackson.dataformat.cbor:CBORFactoryBuilder:public:com.fasterxml.jackson.core.TSFBuilder::enable:public,transient:2:com.fasterxml.jackson.dataformat.cbor.CBORParser$Feature,com.fasterxml.jackson.dataformat.cbor.CBORParser$Feature[]:com.fasterxml.jackson.dataformat.cbor.CBORFactoryBuilder::3PP
com.fasterxml.jackson.dataformat.cbor:CBORFactoryBuilder:public:com.fasterxml.jackson.core.TSFBuilder::disable:public:1:com.fasterxml.jackson.dataformat.cbor.CBORParser$Feature:com.fasterxml.jackson.dataformat.cbor.CBORFactoryBuilder::3PP
com.fasterxml.jackson.dataformat.cbor:CBORFactoryBuilder:public:com.fasterxml.jackson.core.TSFBuilder::disable:public,transient:2:com.fasterxml.jackson.dataformat.cbor.CBORParser$Feature,com.fasterxml.jackson.dataformat.cbor.CBORParser$Feature[]:com.fasterxml.jackson.dataformat.cbor.CBORFactoryBuilder::3PP
com.fasterxml.jackson.dataformat.cbor:CBORFactoryBuilder:public:com.fasterxml.jackson.core.TSFBuilder::configure:public:2:com.fasterxml.jackson.dataformat.cbor.CBORParser$Feature,boolean:com.fasterxml.jackson.dataformat.cbor.CBORFactoryBuilder::3PP
com.fasterxml.jackson.dataformat.cbor:CBORFactoryBuilder:public:com.fasterxml.jackson.core.TSFBuilder::enable:public:1:com.fasterxml.jackson.dataformat.cbor.CBORGenerator$Feature:com.fasterxml.jackson.dataformat.cbor.CBORFactoryBuilder::3PP
com.fasterxml.jackson.dataformat.cbor:CBORFactoryBuilder:public:com.fasterxml.jackson.core.TSFBuilder::enable:public,transient:2:com.fasterxml.jackson.dataformat.cbor.CBORGenerator$Feature,com.fasterxml.jackson.dataformat.cbor.CBORGenerator$Feature[]:com.fasterxml.jackson.dataformat.cbor.CBORFactoryBuilder::3PP
com.fasterxml.jackson.dataformat.cbor:CBORFactoryBuilder:public:com.fasterxml.jackson.core.TSFBuilder::disable:public:1:com.fasterxml.jackson.dataformat.cbor.CBORGenerator$Feature:com.fasterxml.jackson.dataformat.cbor.CBORFactoryBuilder::3PP
com.fasterxml.jackson.dataformat.cbor:CBORFactoryBuilder:public:com.fasterxml.jackson.core.TSFBuilder::disable:public,transient:2:com.fasterxml.jackson.dataformat.cbor.CBORGenerator$Feature,com.fasterxml.jackson.dataformat.cbor.CBORGenerator$Feature[]:com.fasterxml.jackson.dataformat.cbor.CBORFactoryBuilder::3PP
com.fasterxml.jackson.dataformat.cbor:CBORFactoryBuilder:public:com.fasterxml.jackson.core.TSFBuilder::configure:public:2:com.fasterxml.jackson.dataformat.cbor.CBORGenerator$Feature,boolean:com.fasterxml.jackson.dataformat.cbor.CBORFactoryBuilder::3PP
com.fasterxml.jackson.dataformat.cbor:CBORFactoryBuilder:public:com.fasterxml.jackson.core.TSFBuilder::formatParserFeaturesMask:public:0::int::3PP
com.fasterxml.jackson.dataformat.cbor:CBORFactoryBuilder:public:com.fasterxml.jackson.core.TSFBuilder::formatGeneratorFeaturesMask:public:0::int::3PP
com.fasterxml.jackson.dataformat.cbor:CBORFactoryBuilder:public:com.fasterxml.jackson.core.TSFBuilder::build:public:0::com.fasterxml.jackson.dataformat.cbor.CBORFactory::3PP
com.fasterxml.jackson.dataformat.cbor:CBORFactoryBuilder:public:com.fasterxml.jackson.core.TSFBuilder::build:public,volatile:0::com.fasterxml.jackson.core.JsonFactory::3PP
com.fasterxml.jackson.dataformat.cbor:CBORGenerator$Feature:public,final:java.lang.Enum:com.fasterxml.jackson.core.FormatFeature:values:public,static:0::com.fasterxml.jackson.dataformat.cbor.CBORGenerator$Feature[]::3PP
com.fasterxml.jackson.dataformat.cbor:CBORGenerator$Feature:public,final:java.lang.Enum:com.fasterxml.jackson.core.FormatFeature:valueOf:public,static:1:java.lang.String:com.fasterxml.jackson.dataformat.cbor.CBORGenerator$Feature::3PP
com.fasterxml.jackson.dataformat.cbor:CBORGenerator$Feature:public,final:java.lang.Enum:com.fasterxml.jackson.core.FormatFeature:collectDefaults:public,static:0::int::3PP
com.fasterxml.jackson.dataformat.cbor:CBORGenerator$Feature:public,final:java.lang.Enum:com.fasterxml.jackson.core.FormatFeature:<init>:private:3:java.lang.String,int,boolean:void::3PP
com.fasterxml.jackson.dataformat.cbor:CBORGenerator$Feature:public,final:java.lang.Enum:com.fasterxml.jackson.core.FormatFeature:enabledByDefault:public:0::boolean::3PP
com.fasterxml.jackson.dataformat.cbor:CBORGenerator$Feature:public,final:java.lang.Enum:com.fasterxml.jackson.core.FormatFeature:enabledIn:public:1:int:boolean::3PP
com.fasterxml.jackson.dataformat.cbor:CBORGenerator$Feature:public,final:java.lang.Enum:com.fasterxml.jackson.core.FormatFeature:getMask:public:0::int::3PP
com.fasterxml.jackson.dataformat.cbor:CBORGenerator$Feature:public,final:java.lang.Enum:com.fasterxml.jackson.core.FormatFeature:<clinit>:static:0::void::3PP
com.fasterxml.jackson.dataformat.cbor:CBORGenerator:public:com.fasterxml.jackson.core.base.GeneratorBase::<init>:public:5:com.fasterxml.jackson.core.io.IOContext,int,int,com.fasterxml.jackson.core.ObjectCodec,java.io.OutputStream:void::3PP
com.fasterxml.jackson.dataformat.cbor:CBORGenerator:public:com.fasterxml.jackson.core.base.GeneratorBase::<init>:public:8:com.fasterxml.jackson.core.io.IOContext,int,int,com.fasterxml.jackson.core.ObjectCodec,java.io.OutputStream,byte[],int,boolean:void::3PP
com.fasterxml.jackson.dataformat.cbor:CBORGenerator:public:com.fasterxml.jackson.core.base.GeneratorBase::version:public:0::com.fasterxml.jackson.core.Version::3PP
com.fasterxml.jackson.dataformat.cbor:CBORGenerator:public:com.fasterxml.jackson.core.base.GeneratorBase::canWriteBinaryNatively:public:0::boolean::3PP
com.fasterxml.jackson.dataformat.cbor:CBORGenerator:public:com.fasterxml.jackson.core.base.GeneratorBase::getWriteCapabilities:public:0::com.fasterxml.jackson.core.util.JacksonFeatureSet::3PP
com.fasterxml.jackson.dataformat.cbor:CBORGenerator:public:com.fasterxml.jackson.core.base.GeneratorBase::useDefaultPrettyPrinter:public:0::com.fasterxml.jackson.core.JsonGenerator::3PP
com.fasterxml.jackson.dataformat.cbor:CBORGenerator:public:com.fasterxml.jackson.core.base.GeneratorBase::setPrettyPrinter:public:1:com.fasterxml.jackson.core.PrettyPrinter:com.fasterxml.jackson.core.JsonGenerator::3PP
com.fasterxml.jackson.dataformat.cbor:CBORGenerator:public:com.fasterxml.jackson.core.base.GeneratorBase::getOutputTarget:public:0::java.lang.Object::3PP
com.fasterxml.jackson.dataformat.cbor:CBORGenerator:public:com.fasterxml.jackson.core.base.GeneratorBase::getOutputBuffered:public:0::int::3PP
com.fasterxml.jackson.dataformat.cbor:CBORGenerator:public:com.fasterxml.jackson.core.base.GeneratorBase::getFormatFeatures:public:0::int::3PP
com.fasterxml.jackson.dataformat.cbor:CBORGenerator:public:com.fasterxml.jackson.core.base.GeneratorBase::overrideStdFeatures:public:2:int,int:com.fasterxml.jackson.core.JsonGenerator::3PP
com.fasterxml.jackson.dataformat.cbor:CBORGenerator:public:com.fasterxml.jackson.core.base.GeneratorBase::overrideFormatFeatures:public:2:int,int:com.fasterxml.jackson.core.JsonGenerator::3PP
com.fasterxml.jackson.dataformat.cbor:CBORGenerator:public:com.fasterxml.jackson.core.base.GeneratorBase::getCurrentValue:public:0::java.lang.Object::3PP
com.fasterxml.jackson.dataformat.cbor:CBORGenerator:public:com.fasterxml.jackson.core.base.GeneratorBase::setCurrentValue:public:1:java.lang.Object:void::3PP
com.fasterxml.jackson.dataformat.cbor:CBORGenerator:public:com.fasterxml.jackson.core.base.GeneratorBase::getOutputContext:public:0::com.fasterxml.jackson.core.JsonStreamContext::3PP
com.fasterxml.jackson.dataformat.cbor:CBORGenerator:public:com.fasterxml.jackson.core.base.GeneratorBase::enable:public:1:com.fasterxml.jackson.dataformat.cbor.CBORGenerator$Feature:com.fasterxml.jackson.dataformat.cbor.CBORGenerator::3PP
com.fasterxml.jackson.dataformat.cbor:CBORGenerator:public:com.fasterxml.jackson.core.base.GeneratorBase::disable:public:1:com.fasterxml.jackson.dataformat.cbor.CBORGenerator$Feature:com.fasterxml.jackson.dataformat.cbor.CBORGenerator::3PP
com.fasterxml.jackson.dataformat.cbor:CBORGenerator:public:com.fasterxml.jackson.core.base.GeneratorBase::isEnabled:public,final:1:com.fasterxml.jackson.dataformat.cbor.CBORGenerator$Feature:boolean::3PP
com.fasterxml.jackson.dataformat.cbor:CBORGenerator:public:com.fasterxml.jackson.core.base.GeneratorBase::configure:public:2:com.fasterxml.jackson.dataformat.cbor.CBORGenerator$Feature,boolean:com.fasterxml.jackson.dataformat.cbor.CBORGenerator::3PP
com.fasterxml.jackson.dataformat.cbor:CBORGenerator:public:com.fasterxml.jackson.core.base.GeneratorBase::writeFieldName:public,final:1:java.lang.String:void::3PP
com.fasterxml.jackson.dataformat.cbor:CBORGenerator:public:com.fasterxml.jackson.core.base.GeneratorBase::writeFieldName:public,final:1:com.fasterxml.jackson.core.SerializableString:void::3PP
com.fasterxml.jackson.dataformat.cbor:CBORGenerator:public:com.fasterxml.jackson.core.base.GeneratorBase::writeFieldId:public,final:1:long:void::3PP
com.fasterxml.jackson.dataformat.cbor:CBORGenerator:public:com.fasterxml.jackson.core.base.GeneratorBase::copyCurrentEvent:public:1:com.fasterxml.jackson.core.JsonParser:void::3PP
com.fasterxml.jackson.dataformat.cbor:CBORGenerator:public:com.fasterxml.jackson.core.base.GeneratorBase::copyCurrentStructure:public:1:com.fasterxml.jackson.core.JsonParser:void::3PP
com.fasterxml.jackson.dataformat.cbor:CBORGenerator:public:com.fasterxml.jackson.core.base.GeneratorBase::maybeCopyTag:protected:1:com.fasterxml.jackson.core.JsonParser:void::3PP
com.fasterxml.jackson.dataformat.cbor:CBORGenerator:public:com.fasterxml.jackson.core.base.GeneratorBase::writeStartArray:public,final:0::void::3PP
com.fasterxml.jackson.dataformat.cbor:CBORGenerator:public:com.fasterxml.jackson.core.base.GeneratorBase::writeStartArray:public:1:java.lang.Object:void::3PP
com.fasterxml.jackson.dataformat.cbor:CBORGenerator:public:com.fasterxml.jackson.core.base.GeneratorBase::writeStartArray:public:2:java.lang.Object,int:void::3PP
com.fasterxml.jackson.dataformat.cbor:CBORGenerator:public:com.fasterxml.jackson.core.base.GeneratorBase::writeStartArray:public:1:int:void::3PP
com.fasterxml.jackson.dataformat.cbor:CBORGenerator:public:com.fasterxml.jackson.core.base.GeneratorBase::writeEndArray:public,final:0::void::3PP
com.fasterxml.jackson.dataformat.cbor:CBORGenerator:public:com.fasterxml.jackson.core.base.GeneratorBase::writeStartObject:public,final:0::void::3PP
com.fasterxml.jackson.dataformat.cbor:CBORGenerator:public:com.fasterxml.jackson.core.base.GeneratorBase::writeStartObject:public,final:1:java.lang.Object:void::3PP
com.fasterxml.jackson.dataformat.cbor:CBORGenerator:public:com.fasterxml.jackson.core.base.GeneratorBase::writeStartObject:public,final:1:int:void::3PP
com.fasterxml.jackson.dataformat.cbor:CBORGenerator:public:com.fasterxml.jackson.core.base.GeneratorBase::writeEndObject:public,final:0::void::3PP
com.fasterxml.jackson.dataformat.cbor:CBORGenerator:public:com.fasterxml.jackson.core.base.GeneratorBase::writeArray:public:3:int[],int,int:void::3PP
com.fasterxml.jackson.dataformat.cbor:CBORGenerator:public:com.fasterxml.jackson.core.base.GeneratorBase::writeArray:public:3:long[],int,int:void::3PP
com.fasterxml.jackson.dataformat.cbor:CBORGenerator:public:com.fasterxml.jackson.core.base.GeneratorBase::writeArray:public:3:double[],int,int:void::3PP
com.fasterxml.jackson.dataformat.cbor:CBORGenerator:public:com.fasterxml.jackson.core.base.GeneratorBase::_pushRemainingElements:private,final:0::void::3PP
com.fasterxml.jackson.dataformat.cbor:CBORGenerator:public:com.fasterxml.jackson.core.base.GeneratorBase::_writeIntMinimal:private,final:2:int,int:void::3PP
com.fasterxml.jackson.dataformat.cbor:CBORGenerator:public:com.fasterxml.jackson.core.base.GeneratorBase::_writeIntFull:private,final:2:int,int:void::3PP
com.fasterxml.jackson.dataformat.cbor:CBORGenerator:public:com.fasterxml.jackson.core.base.GeneratorBase::_writeLongNoCheck:private,final:1:long:void::3PP
com.fasterxml.jackson.dataformat.cbor:CBORGenerator:public:com.fasterxml.jackson.core.base.GeneratorBase::_writeDoubleNoCheck:private,final:1:double:void::3PP
com.fasterxml.jackson.dataformat.cbor:CBORGenerator:public:com.fasterxml.jackson.core.base.GeneratorBase::writeString:public:1:java.lang.String:void::3PP
com.fasterxml.jackson.dataformat.cbor:CBORGenerator:public:com.fasterxml.jackson.core.base.GeneratorBase::writeString:public,final:1:com.fasterxml.jackson.core.SerializableString:void::3PP
com.fasterxml.jackson.dataformat.cbor:CBORGenerator:public:com.fasterxml.jackson.core.base.GeneratorBase::writeString:public:3:char[],int,int:void::3PP
com.fasterxml.jackson.dataformat.cbor:CBORGenerator:public:com.fasterxml.jackson.core.base.GeneratorBase::writeRawUTF8String:public:3:byte[],int,int:void::3PP
com.fasterxml.jackson.dataformat.cbor:CBORGenerator:public:com.fasterxml.jackson.core.base.GeneratorBase::writeUTF8String:public,final:3:byte[],int,int:void::3PP
com.fasterxml.jackson.dataformat.cbor:CBORGenerator:public:com.fasterxml.jackson.core.base.GeneratorBase::writeRaw:public:1:java.lang.String:void::3PP
com.fasterxml.jackson.dataformat.cbor:CBORGenerator:public:com.fasterxml.jackson.core.base.GeneratorBase::writeRaw:public:3:java.lang.String,int,int:void::3PP
com.fasterxml.jackson.dataformat.cbor:CBORGenerator:public:com.fasterxml.jackson.core.base.GeneratorBase::writeRaw:public:3:char[],int,int:void::3PP
com.fasterxml.jackson.dataformat.cbor:CBORGenerator:public:com.fasterxml.jackson.core.base.GeneratorBase::writeRaw:public:1:char:void::3PP
com.fasterxml.jackson.dataformat.cbor:CBORGenerator:public:com.fasterxml.jackson.core.base.GeneratorBase::writeRawValue:public:1:java.lang.String:void::3PP
com.fasterxml.jackson.dataformat.cbor:CBORGenerator:public:com.fasterxml.jackson.core.base.GeneratorBase::writeRawValue:public:3:java.lang.String,int,int:void::3PP
com.fasterxml.jackson.dataformat.cbor:CBORGenerator:public:com.fasterxml.jackson.core.base.GeneratorBase::writeRawValue:public:3:char[],int,int:void::3PP
com.fasterxml.jackson.dataformat.cbor:CBORGenerator:public:com.fasterxml.jackson.core.base.GeneratorBase::writeBinary:public:4:com.fasterxml.jackson.core.Base64Variant,byte[],int,int:void::3PP
com.fasterxml.jackson.dataformat.cbor:CBORGenerator:public:com.fasterxml.jackson.core.base.GeneratorBase::writeBinary:public:2:java.io.InputStream,int:int::3PP
com.fasterxml.jackson.dataformat.cbor:CBORGenerator:public:com.fasterxml.jackson.core.base.GeneratorBase::writeBinary:public:3:com.fasterxml.jackson.core.Base64Variant,java.io.InputStream,int:int::3PP
com.fasterxml.jackson.dataformat.cbor:CBORGenerator:public:com.fasterxml.jackson.core.base.GeneratorBase::writeBoolean:public:1:boolean:void::3PP
com.fasterxml.jackson.dataformat.cbor:CBORGenerator:public:com.fasterxml.jackson.core.base.GeneratorBase::writeNull:public:0::void::3PP
com.fasterxml.jackson.dataformat.cbor:CBORGenerator:public:com.fasterxml.jackson.core.base.GeneratorBase::writeNumber:public:1:int:void::3PP
com.fasterxml.jackson.dataformat.cbor:CBORGenerator:public:com.fasterxml.jackson.core.base.GeneratorBase::writeNumber:public:1:long:void::3PP
com.fasterxml.jackson.dataformat.cbor:CBORGenerator:public:com.fasterxml.jackson.core.base.GeneratorBase::writeNumber:public:1:java.math.BigInteger:void::3PP
com.fasterxml.jackson.dataformat.cbor:CBORGenerator:public:com.fasterxml.jackson.core.base.GeneratorBase::_write:protected:1:java.math.BigInteger:void::3PP
com.fasterxml.jackson.dataformat.cbor:CBORGenerator:public:com.fasterxml.jackson.core.base.GeneratorBase::writeNumber:public:1:double:void::3PP
com.fasterxml.jackson.dataformat.cbor:CBORGenerator:public:com.fasterxml.jackson.core.base.GeneratorBase::writeNumber:public:1:float:void::3PP
com.fasterxml.jackson.dataformat.cbor:CBORGenerator:public:com.fasterxml.jackson.core.base.GeneratorBase::writeNumber:public:1:java.math.BigDecimal:void::3PP
com.fasterxml.jackson.dataformat.cbor:CBORGenerator:public:com.fasterxml.jackson.core.base.GeneratorBase::writeNumber:public:1:java.lang.String:void::3PP
com.fasterxml.jackson.dataformat.cbor:CBORGenerator:public:com.fasterxml.jackson.core.base.GeneratorBase::_verifyValueWrite:protected,final:1:java.lang.String:void::3PP
com.fasterxml.jackson.dataformat.cbor:CBORGenerator:public:com.fasterxml.jackson.core.base.GeneratorBase::_failSizedArrayOrObject:private:0::void::3PP
com.fasterxml.jackson.dataformat.cbor:CBORGenerator:public:com.fasterxml.jackson.core.base.GeneratorBase::flush:public,final:0::void::3PP
com.fasterxml.jackson.dataformat.cbor:CBORGenerator:public:com.fasterxml.jackson.core.base.GeneratorBase::close:public:0::void::3PP
com.fasterxml.jackson.dataformat.cbor:CBORGenerator:public:com.fasterxml.jackson.core.base.GeneratorBase::writeTag:public:1:int:void::3PP
com.fasterxml.jackson.dataformat.cbor:CBORGenerator:public:com.fasterxml.jackson.core.base.GeneratorBase::writeRaw:public:1:byte:void::3PP
com.fasterxml.jackson.dataformat.cbor:CBORGenerator:public:com.fasterxml.jackson.core.base.GeneratorBase::writeBytes:public:3:byte[],int,int:void::3PP
com.fasterxml.jackson.dataformat.cbor:CBORGenerator:public:com.fasterxml.jackson.core.base.GeneratorBase::_writeString:protected,final:1:java.lang.String:void::3PP
com.fasterxml.jackson.dataformat.cbor:CBORGenerator:public:com.fasterxml.jackson.core.base.GeneratorBase::_ensureSpace:protected,final:1:int:void::3PP
com.fasterxml.jackson.dataformat.cbor:CBORGenerator:public:com.fasterxml.jackson.core.base.GeneratorBase::_writeString:protected,final:3:char[],int,int:void::3PP
com.fasterxml.jackson.dataformat.cbor:CBORGenerator:public:com.fasterxml.jackson.core.base.GeneratorBase::_writeChunkedString:protected,final:3:char[],int,int:void::3PP
com.fasterxml.jackson.dataformat.cbor:CBORGenerator:public:com.fasterxml.jackson.core.base.GeneratorBase::_encode:private,final:4:int,char[],int,int:int::3PP
com.fasterxml.jackson.dataformat.cbor:CBORGenerator:public:com.fasterxml.jackson.core.base.GeneratorBase::_shortUTF8Encode2:private,final:5:char[],int,int,int,int:int::3PP
com.fasterxml.jackson.dataformat.cbor:CBORGenerator:public:com.fasterxml.jackson.core.base.GeneratorBase::_encode:private,final:3:int,java.lang.String,int:int::3PP
com.fasterxml.jackson.dataformat.cbor:CBORGenerator:public:com.fasterxml.jackson.core.base.GeneratorBase::_encode2:private,final:5:int,int,java.lang.String,int,int:int::3PP
com.fasterxml.jackson.dataformat.cbor:CBORGenerator:public:com.fasterxml.jackson.core.base.GeneratorBase::_invalidSurrogateStart:private:3:int,byte[],int:int::3PP
com.fasterxml.jackson.dataformat.cbor:CBORGenerator:public:com.fasterxml.jackson.core.base.GeneratorBase::_invalidSurrogateEnd:private:4:int,int,byte[],int:int::3PP
com.fasterxml.jackson.dataformat.cbor:CBORGenerator:public:com.fasterxml.jackson.core.base.GeneratorBase::_appendReplacementChar:private:2:byte[],int:int::3PP
com.fasterxml.jackson.dataformat.cbor:CBORGenerator:public:com.fasterxml.jackson.core.base.GeneratorBase::_decodeAndWriteSurrogate:private:4:int,int,byte[],int:int::3PP
com.fasterxml.jackson.dataformat.cbor:CBORGenerator:public:com.fasterxml.jackson.core.base.GeneratorBase::_ensureRoomForOutput:private,final:1:int:void::3PP
com.fasterxml.jackson.dataformat.cbor:CBORGenerator:public:com.fasterxml.jackson.core.base.GeneratorBase::_writeIntValue:private,final:1:int:void::3PP
com.fasterxml.jackson.dataformat.cbor:CBORGenerator:public:com.fasterxml.jackson.core.base.GeneratorBase::_writeLongValue:private,final:1:long:void::3PP
com.fasterxml.jackson.dataformat.cbor:CBORGenerator:public:com.fasterxml.jackson.core.base.GeneratorBase::_writeLengthMarker:private,final:2:int,int:void::3PP
com.fasterxml.jackson.dataformat.cbor:CBORGenerator:public:com.fasterxml.jackson.core.base.GeneratorBase::_writeByte:private,final:1:byte:void::3PP
com.fasterxml.jackson.dataformat.cbor:CBORGenerator:public:com.fasterxml.jackson.core.base.GeneratorBase::_writeBytes:private,final:3:byte[],int,int:void::3PP
com.fasterxml.jackson.dataformat.cbor:CBORGenerator:public:com.fasterxml.jackson.core.base.GeneratorBase::_writeBytes:private,final:2:java.io.InputStream,int:int::3PP
com.fasterxml.jackson.dataformat.cbor:CBORGenerator:public:com.fasterxml.jackson.core.base.GeneratorBase::_writeBytesLong:private,final:3:byte[],int,int:void::3PP
com.fasterxml.jackson.dataformat.cbor:CBORGenerator:public:com.fasterxml.jackson.core.base.GeneratorBase::_releaseBuffers:protected:0::void::3PP
com.fasterxml.jackson.dataformat.cbor:CBORGenerator:public:com.fasterxml.jackson.core.base.GeneratorBase::_flushBuffer:protected,final:0::void::3PP
com.fasterxml.jackson.dataformat.cbor:CBORGenerator:public:com.fasterxml.jackson.core.base.GeneratorBase::closeComplexElement:private,final:0::void::3PP
com.fasterxml.jackson.dataformat.cbor:CBORGenerator:public:com.fasterxml.jackson.core.base.GeneratorBase::_notSupported:protected:0::java.lang.UnsupportedOperationException::3PP
com.fasterxml.jackson.dataformat.cbor:CBORGenerator:public:com.fasterxml.jackson.core.base.GeneratorBase::<clinit>:static:0::void::3PP
com.fasterxml.jackson.dataformat.cbor:CBORParser$Feature:public,final:java.lang.Enum:com.fasterxml.jackson.core.FormatFeature:values:public,static:0::com.fasterxml.jackson.dataformat.cbor.CBORParser$Feature[]::3PP
com.fasterxml.jackson.dataformat.cbor:CBORParser$Feature:public,final:java.lang.Enum:com.fasterxml.jackson.core.FormatFeature:valueOf:public,static:1:java.lang.String:com.fasterxml.jackson.dataformat.cbor.CBORParser$Feature::3PP
com.fasterxml.jackson.dataformat.cbor:CBORParser$Feature:public,final:java.lang.Enum:com.fasterxml.jackson.core.FormatFeature:collectDefaults:public,static:0::int::3PP
com.fasterxml.jackson.dataformat.cbor:CBORParser$Feature:public,final:java.lang.Enum:com.fasterxml.jackson.core.FormatFeature:<init>:private:3:java.lang.String,int,boolean:void::3PP
com.fasterxml.jackson.dataformat.cbor:CBORParser$Feature:public,final:java.lang.Enum:com.fasterxml.jackson.core.FormatFeature:enabledByDefault:public:0::boolean::3PP
com.fasterxml.jackson.dataformat.cbor:CBORParser$Feature:public,final:java.lang.Enum:com.fasterxml.jackson.core.FormatFeature:getMask:public:0::int::3PP
com.fasterxml.jackson.dataformat.cbor:CBORParser$Feature:public,final:java.lang.Enum:com.fasterxml.jackson.core.FormatFeature:enabledIn:public:1:int:boolean::3PP
com.fasterxml.jackson.dataformat.cbor:CBORParser$Feature:public,final:java.lang.Enum:com.fasterxml.jackson.core.FormatFeature:<clinit>:static:0::void::3PP
com.fasterxml.jackson.dataformat.cbor:CBORParser:public:com.fasterxml.jackson.core.base.ParserMinimalBase::<init>:public:10:com.fasterxml.jackson.core.io.IOContext,int,int,com.fasterxml.jackson.core.ObjectCodec,com.fasterxml.jackson.core.sym.ByteQuadsCanonicalizer,java.io.InputStream,byte[],int,int,boolean:void::3PP
com.fasterxml.jackson.dataformat.cbor:CBORParser:public:com.fasterxml.jackson.core.base.ParserMinimalBase::getCodec:public:0::com.fasterxml.jackson.core.ObjectCodec::3PP
com.fasterxml.jackson.dataformat.cbor:CBORParser:public:com.fasterxml.jackson.core.base.ParserMinimalBase::setCodec:public:1:com.fasterxml.jackson.core.ObjectCodec:void::3PP
com.fasterxml.jackson.dataformat.cbor:CBORParser:public:com.fasterxml.jackson.core.base.ParserMinimalBase::version:public:0::com.fasterxml.jackson.core.Version::3PP
com.fasterxml.jackson.dataformat.cbor:CBORParser:public:com.fasterxml.jackson.core.base.ParserMinimalBase::getFormatFeatures:public:0::int::3PP
com.fasterxml.jackson.dataformat.cbor:CBORParser:public:com.fasterxml.jackson.core.base.ParserMinimalBase::getReadCapabilities:public:0::com.fasterxml.jackson.core.util.JacksonFeatureSet::3PP
com.fasterxml.jackson.dataformat.cbor:CBORParser:public:com.fasterxml.jackson.core.base.ParserMinimalBase::getCurrentTag:public:0::int::3PP
com.fasterxml.jackson.dataformat.cbor:CBORParser:public:com.fasterxml.jackson.core.base.ParserMinimalBase::releaseBuffered:public:1:java.io.OutputStream:int::3PP
com.fasterxml.jackson.dataformat.cbor:CBORParser:public:com.fasterxml.jackson.core.base.ParserMinimalBase::getInputSource:public:0::java.lang.Object::3PP
com.fasterxml.jackson.dataformat.cbor:CBORParser:public:com.fasterxml.jackson.core.base.ParserMinimalBase::getTokenLocation:public:0::com.fasterxml.jackson.core.JsonLocation::3PP
com.fasterxml.jackson.dataformat.cbor:CBORParser:public:com.fasterxml.jackson.core.base.ParserMinimalBase::getCurrentLocation:public:0::com.fasterxml.jackson.core.JsonLocation::3PP
com.fasterxml.jackson.dataformat.cbor:CBORParser:public:com.fasterxml.jackson.core.base.ParserMinimalBase::getCurrentName:public:0::java.lang.String::3PP
com.fasterxml.jackson.dataformat.cbor:CBORParser:public:com.fasterxml.jackson.core.base.ParserMinimalBase::overrideCurrentName:public:1:java.lang.String:void::3PP
com.fasterxml.jackson.dataformat.cbor:CBORParser:public:com.fasterxml.jackson.core.base.ParserMinimalBase::close:public:0::void::3PP
com.fasterxml.jackson.dataformat.cbor:CBORParser:public:com.fasterxml.jackson.core.base.ParserMinimalBase::isClosed:public:0::boolean::3PP
com.fasterxml.jackson.dataformat.cbor:CBORParser:public:com.fasterxml.jackson.core.base.ParserMinimalBase::getParsingContext:public:0::com.fasterxml.jackson.dataformat.cbor.CBORReadContext::3PP
com.fasterxml.jackson.dataformat.cbor:CBORParser:public:com.fasterxml.jackson.core.base.ParserMinimalBase::hasTextCharacters:public:0::boolean::3PP
com.fasterxml.jackson.dataformat.cbor:CBORParser:public:com.fasterxml.jackson.core.base.ParserMinimalBase::_releaseBuffers:protected:0::void::3PP
com.fasterxml.jackson.dataformat.cbor:CBORParser:public:com.fasterxml.jackson.core.base.ParserMinimalBase::nextToken:public:0::com.fasterxml.jackson.core.JsonToken::3PP
com.fasterxml.jackson.dataformat.cbor:CBORParser:public:com.fasterxml.jackson.core.base.ParserMinimalBase::_numberToName:protected:2:int,boolean:java.lang.String::3PP
com.fasterxml.jackson.dataformat.cbor:CBORParser:public:com.fasterxml.jackson.core.base.ParserMinimalBase::_handleTaggedBinary:protected:1:int:com.fasterxml.jackson.core.JsonToken::3PP
com.fasterxml.jackson.dataformat.cbor:CBORParser:public:com.fasterxml.jackson.core.base.ParserMinimalBase::_handleTaggedArray:protected:2:int,int:com.fasterxml.jackson.core.JsonToken::3PP
com.fasterxml.jackson.dataformat.cbor:CBORParser:public:com.fasterxml.jackson.core.base.ParserMinimalBase::_checkNextIsIntInArray:protected,final:1:java.lang.String:boolean::3PP
com.fasterxml.jackson.dataformat.cbor:CBORParser:public:com.fasterxml.jackson.core.base.ParserMinimalBase::_checkNextIsEndArray:protected,final:0::boolean::3PP
com.fasterxml.jackson.dataformat.cbor:CBORParser:public:com.fasterxml.jackson.core.base.ParserMinimalBase::finishToken:public:0::void::3PP
com.fasterxml.jackson.dataformat.cbor:CBORParser:public:com.fasterxml.jackson.core.base.ParserMinimalBase::nextFieldName:public:1:com.fasterxml.jackson.core.SerializableString:boolean::3PP
com.fasterxml.jackson.dataformat.cbor:CBORParser:public:com.fasterxml.jackson.core.base.ParserMinimalBase::nextFieldName:public:0::java.lang.String::3PP
com.fasterxml.jackson.dataformat.cbor:CBORParser:public:com.fasterxml.jackson.core.base.ParserMinimalBase::nextTextValue:public:0::java.lang.String::3PP
com.fasterxml.jackson.dataformat.cbor:CBORParser:public:com.fasterxml.jackson.core.base.ParserMinimalBase::nextIntValue:public:1:int:int::3PP
com.fasterxml.jackson.dataformat.cbor:CBORParser:public:com.fasterxml.jackson.core.base.ParserMinimalBase::nextLongValue:public:1:long:long::3PP
com.fasterxml.jackson.dataformat.cbor:CBORParser:public:com.fasterxml.jackson.core.base.ParserMinimalBase::nextBooleanValue:public:0::java.lang.Boolean::3PP
com.fasterxml.jackson.dataformat.cbor:CBORParser:public:com.fasterxml.jackson.core.base.ParserMinimalBase::getText:public:0::java.lang.String::3PP
com.fasterxml.jackson.dataformat.cbor:CBORParser:public:com.fasterxml.jackson.core.base.ParserMinimalBase::getTextCharacters:public:0::char[]::3PP
com.fasterxml.jackson.dataformat.cbor:CBORParser:public:com.fasterxml.jackson.core.base.ParserMinimalBase::getTextLength:public:0::int::3PP
com.fasterxml.jackson.dataformat.cbor:CBORParser:public:com.fasterxml.jackson.core.base.ParserMinimalBase::getTextOffset:public:0::int::3PP
com.fasterxml.jackson.dataformat.cbor:CBORParser:public:com.fasterxml.jackson.core.base.ParserMinimalBase::getValueAsString:public:0::java.lang.String::3PP
com.fasterxml.jackson.dataformat.cbor:CBORParser:public:com.fasterxml.jackson.core.base.ParserMinimalBase::getValueAsString:public:1:java.lang.String:java.lang.String::3PP
com.fasterxml.jackson.dataformat.cbor:CBORParser:public:com.fasterxml.jackson.core.base.ParserMinimalBase::getText:public:1:java.io.Writer:int::3PP
com.fasterxml.jackson.dataformat.cbor:CBORParser:public:com.fasterxml.jackson.core.base.ParserMinimalBase::getBinaryValue:public:1:com.fasterxml.jackson.core.Base64Variant:byte[]::3PP
com.fasterxml.jackson.dataformat.cbor:CBORParser:public:com.fasterxml.jackson.core.base.ParserMinimalBase::getEmbeddedObject:public:0::java.lang.Object::3PP
com.fasterxml.jackson.dataformat.cbor:CBORParser:public:com.fasterxml.jackson.core.base.ParserMinimalBase::readBinaryValue:public:2:com.fasterxml.jackson.core.Base64Variant,java.io.OutputStream:int::3PP
com.fasterxml.jackson.dataformat.cbor:CBORParser:public:com.fasterxml.jackson.core.base.ParserMinimalBase::_readAndWriteBytes:private:2:java.io.OutputStream,int:int::3PP
com.fasterxml.jackson.dataformat.cbor:CBORParser:public:com.fasterxml.jackson.core.base.ParserMinimalBase::isNaN:public:0::boolean::3PP
com.fasterxml.jackson.dataformat.cbor:CBORParser:public:com.fasterxml.jackson.core.base.ParserMinimalBase::getNumberValue:public:0::java.lang.Number::3PP
com.fasterxml.jackson.dataformat.cbor:CBORParser:public:com.fasterxml.jackson.core.base.ParserMinimalBase::getNumberValueExact:public,final:0::java.lang.Number::3PP
com.fasterxml.jackson.dataformat.cbor:CBORParser:public:com.fasterxml.jackson.core.base.ParserMinimalBase::getNumberType:public:0::com.fasterxml.jackson.core.JsonParser$NumberType::3PP
com.fasterxml.jackson.dataformat.cbor:CBORParser:public:com.fasterxml.jackson.core.base.ParserMinimalBase::getIntValue:public:0::int::3PP
com.fasterxml.jackson.dataformat.cbor:CBORParser:public:com.fasterxml.jackson.core.base.ParserMinimalBase::getLongValue:public:0::long::3PP
com.fasterxml.jackson.dataformat.cbor:CBORParser:public:com.fasterxml.jackson.core.base.ParserMinimalBase::getBigIntegerValue:public:0::java.math.BigInteger::3PP
com.fasterxml.jackson.dataformat.cbor:CBORParser:public:com.fasterxml.jackson.core.base.ParserMinimalBase::getFloatValue:public:0::float::3PP
com.fasterxml.jackson.dataformat.cbor:CBORParser:public:com.fasterxml.jackson.core.base.ParserMinimalBase::getDoubleValue:public:0::double::3PP
com.fasterxml.jackson.dataformat.cbor:CBORParser:public:com.fasterxml.jackson.core.base.ParserMinimalBase::getDecimalValue:public:0::java.math.BigDecimal::3PP
com.fasterxml.jackson.dataformat.cbor:CBORParser:public:com.fasterxml.jackson.core.base.ParserMinimalBase::_checkNumericValue:protected:1:int:void::3PP
com.fasterxml.jackson.dataformat.cbor:CBORParser:public:com.fasterxml.jackson.core.base.ParserMinimalBase::convertNumberToInt:protected:0::void::3PP
com.fasterxml.jackson.dataformat.cbor:CBORParser:public:com.fasterxml.jackson.core.base.ParserMinimalBase::convertNumberToLong:protected:0::void::3PP
com.fasterxml.jackson.dataformat.cbor:CBORParser:public:com.fasterxml.jackson.core.base.ParserMinimalBase::convertNumberToBigInteger:protected:0::void::3PP
com.fasterxml.jackson.dataformat.cbor:CBORParser:public:com.fasterxml.jackson.core.base.ParserMinimalBase::convertNumberToFloat:protected:0::void::3PP
com.fasterxml.jackson.dataformat.cbor:CBORParser:public:com.fasterxml.jackson.core.base.ParserMinimalBase::convertNumberToDouble:protected:0::void::3PP
com.fasterxml.jackson.dataformat.cbor:CBORParser:public:com.fasterxml.jackson.core.base.ParserMinimalBase::convertNumberToBigDecimal:protected:0::void::3PP
com.fasterxml.jackson.dataformat.cbor:CBORParser:public:com.fasterxml.jackson.core.base.ParserMinimalBase::_finishToken:protected:0::void::3PP
com.fasterxml.jackson.dataformat.cbor:CBORParser:public:com.fasterxml.jackson.core.base.ParserMinimalBase::_finishTextToken:protected:1:int:java.lang.String::3PP
com.fasterxml.jackson.dataformat.cbor:CBORParser:public:com.fasterxml.jackson.core.base.ParserMinimalBase::_finishShortText:private,final:1:int:java.lang.String::3PP
com.fasterxml.jackson.dataformat.cbor:CBORParser:public:com.fasterxml.jackson.core.base.ParserMinimalBase::_finishLongText:private,final:1:int:void::3PP
com.fasterxml.jackson.dataformat.cbor:CBORParser:public:com.fasterxml.jackson.core.base.ParserMinimalBase::_finishChunkedText:private,final:0::void::3PP
com.fasterxml.jackson.dataformat.cbor:CBORParser:public:com.fasterxml.jackson.core.base.ParserMinimalBase::_nextByte:private,final:0::int::3PP
com.fasterxml.jackson.dataformat.cbor:CBORParser:public:com.fasterxml.jackson.core.base.ParserMinimalBase::_nextChunkedByte:private,final:0::int::3PP
com.fasterxml.jackson.dataformat.cbor:CBORParser:public:com.fasterxml.jackson.core.base.ParserMinimalBase::_nextChunkedByte2:private,final:0::int::3PP
com.fasterxml.jackson.dataformat.cbor:CBORParser:public:com.fasterxml.jackson.core.base.ParserMinimalBase::_finishBytes:protected:1:int:byte[]::3PP
com.fasterxml.jackson.dataformat.cbor:CBORParser:public:com.fasterxml.jackson.core.base.ParserMinimalBase::_finishChunkedBytes:protected:0::byte[]::3PP
com.fasterxml.jackson.dataformat.cbor:CBORParser:public:com.fasterxml.jackson.core.base.ParserMinimalBase::_finishLongContiguousBytes:protected:1:int:byte[]::3PP
com.fasterxml.jackson.dataformat.cbor:CBORParser:public:com.fasterxml.jackson.core.base.ParserMinimalBase::_decodeFieldName:protected,final:0::com.fasterxml.jackson.core.JsonToken::3PP
com.fasterxml.jackson.dataformat.cbor:CBORParser:public:com.fasterxml.jackson.core.base.ParserMinimalBase::_decodeShortName:private,final:1:int:java.lang.String::3PP
com.fasterxml.jackson.dataformat.cbor:CBORParser:public:com.fasterxml.jackson.core.base.ParserMinimalBase::_decodeLongerName:private,final:1:int:java.lang.String::3PP
com.fasterxml.jackson.dataformat.cbor:CBORParser:public:com.fasterxml.jackson.core.base.ParserMinimalBase::_decodeChunkedName:private,final:0::java.lang.String::3PP
com.fasterxml.jackson.dataformat.cbor:CBORParser:public:com.fasterxml.jackson.core.base.ParserMinimalBase::_decodeNonStringName:protected,final:1:int:void::3PP
com.fasterxml.jackson.dataformat.cbor:CBORParser:public:com.fasterxml.jackson.core.base.ParserMinimalBase::_findDecodedFromSymbols:private,final:1:int:java.lang.String::3PP
com.fasterxml.jackson.dataformat.cbor:CBORParser:public:com.fasterxml.jackson.core.base.ParserMinimalBase::_findDecodedLong:private,final:3:int,int,int:java.lang.String::3PP
com.fasterxml.jackson.dataformat.cbor:CBORParser:public:com.fasterxml.jackson.core.base.ParserMinimalBase::_addDecodedToSymbols:private,final:2:int,java.lang.String:java.lang.String::3PP
com.fasterxml.jackson.dataformat.cbor:CBORParser:public:com.fasterxml.jackson.core.base.ParserMinimalBase::_growArrayTo:private,static:2:int[],int:int[]::3PP
com.fasterxml.jackson.dataformat.cbor:CBORParser:public:com.fasterxml.jackson.core.base.ParserMinimalBase::_skipIncomplete:protected:0::void::3PP
com.fasterxml.jackson.dataformat.cbor:CBORParser:public:com.fasterxml.jackson.core.base.ParserMinimalBase::_skipChunked:protected:1:int:void::3PP
com.fasterxml.jackson.dataformat.cbor:CBORParser:public:com.fasterxml.jackson.core.base.ParserMinimalBase::_skipBytesL:protected:1:long:void::3PP
com.fasterxml.jackson.dataformat.cbor:CBORParser:public:com.fasterxml.jackson.core.base.ParserMinimalBase::_skipBytes:protected:1:int:void::3PP
com.fasterxml.jackson.dataformat.cbor:CBORParser:public:com.fasterxml.jackson.core.base.ParserMinimalBase::_decodeTag:private,final:1:int:int::3PP
com.fasterxml.jackson.dataformat.cbor:CBORParser:public:com.fasterxml.jackson.core.base.ParserMinimalBase::_decodeExplicitLength:private,final:1:int:int::3PP
com.fasterxml.jackson.dataformat.cbor:CBORParser:public:com.fasterxml.jackson.core.base.ParserMinimalBase::_decodeChunkLength:private:1:int:int::3PP
com.fasterxml.jackson.dataformat.cbor:CBORParser:public:com.fasterxml.jackson.core.base.ParserMinimalBase::_decodeHalfSizeFloat:private:0::float::3PP
com.fasterxml.jackson.dataformat.cbor:CBORParser:public:com.fasterxml.jackson.core.base.ParserMinimalBase::_decode8Bits:private,final:0::int::3PP
com.fasterxml.jackson.dataformat.cbor:CBORParser:public:com.fasterxml.jackson.core.base.ParserMinimalBase::_decode16Bits:private,final:0::int::3PP
com.fasterxml.jackson.dataformat.cbor:CBORParser:public:com.fasterxml.jackson.core.base.ParserMinimalBase::_slow16:private,final:0::int::3PP
com.fasterxml.jackson.dataformat.cbor:CBORParser:public:com.fasterxml.jackson.core.base.ParserMinimalBase::_decode32Bits:private,final:0::int::3PP
com.fasterxml.jackson.dataformat.cbor:CBORParser:public:com.fasterxml.jackson.core.base.ParserMinimalBase::_slow32:private,final:0::int::3PP
com.fasterxml.jackson.dataformat.cbor:CBORParser:public:com.fasterxml.jackson.core.base.ParserMinimalBase::_decode64Bits:private,final:0::long::3PP
com.fasterxml.jackson.dataformat.cbor:CBORParser:public:com.fasterxml.jackson.core.base.ParserMinimalBase::_slow64:private,final:0::long::3PP
com.fasterxml.jackson.dataformat.cbor:CBORParser:public:com.fasterxml.jackson.core.base.ParserMinimalBase::_long:private,static,final:2:int,int:long::3PP
com.fasterxml.jackson.dataformat.cbor:CBORParser:public:com.fasterxml.jackson.core.base.ParserMinimalBase::_decodeUndefinedValue:protected:0::com.fasterxml.jackson.core.JsonToken::3PP
com.fasterxml.jackson.dataformat.cbor:CBORParser:public:com.fasterxml.jackson.core.base.ParserMinimalBase::_decodeSimpleValue:public:2:int,int:com.fasterxml.jackson.core.JsonToken::3PP
com.fasterxml.jackson.dataformat.cbor:CBORParser:public:com.fasterxml.jackson.core.base.ParserMinimalBase::_decodeUTF8_3:private,final:1:int:int::3PP
com.fasterxml.jackson.dataformat.cbor:CBORParser:public:com.fasterxml.jackson.core.base.ParserMinimalBase::_decodeChunkedUTF8_3:private,final:1:int:int::3PP
com.fasterxml.jackson.dataformat.cbor:CBORParser:public:com.fasterxml.jackson.core.base.ParserMinimalBase::_decodeUTF8_4:private,final:1:int:int::3PP
com.fasterxml.jackson.dataformat.cbor:CBORParser:public:com.fasterxml.jackson.core.base.ParserMinimalBase::_decodeChunkedUTF8_4:private,final:1:int:int::3PP
com.fasterxml.jackson.dataformat.cbor:CBORParser:public:com.fasterxml.jackson.core.base.ParserMinimalBase::loadMore:protected:0::boolean::3PP
com.fasterxml.jackson.dataformat.cbor:CBORParser:public:com.fasterxml.jackson.core.base.ParserMinimalBase::loadMoreGuaranteed:protected:0::void::3PP
com.fasterxml.jackson.dataformat.cbor:CBORParser:public:com.fasterxml.jackson.core.base.ParserMinimalBase::_loadToHaveAtLeast:protected,final:1:int:void::3PP
com.fasterxml.jackson.dataformat.cbor:CBORParser:public:com.fasterxml.jackson.core.base.ParserMinimalBase::_tryToLoadToHaveAtLeast:protected,final:1:int:boolean::3PP
com.fasterxml.jackson.dataformat.cbor:CBORParser:public:com.fasterxml.jackson.core.base.ParserMinimalBase::_getByteArrayBuilder:protected:0::com.fasterxml.jackson.core.util.ByteArrayBuilder::3PP
com.fasterxml.jackson.dataformat.cbor:CBORParser:public:com.fasterxml.jackson.core.base.ParserMinimalBase::_closeInput:protected:0::void::3PP
com.fasterxml.jackson.dataformat.cbor:CBORParser:public:com.fasterxml.jackson.core.base.ParserMinimalBase::_handleEOF:protected:0::void::3PP
com.fasterxml.jackson.dataformat.cbor:CBORParser:public:com.fasterxml.jackson.core.base.ParserMinimalBase::_handleCBOREOF:protected:0::com.fasterxml.jackson.core.JsonToken::3PP
com.fasterxml.jackson.dataformat.cbor:CBORParser:public:com.fasterxml.jackson.core.base.ParserMinimalBase::_invalidToken:protected:1:int:void::3PP
com.fasterxml.jackson.dataformat.cbor:CBORParser:public:com.fasterxml.jackson.core.base.ParserMinimalBase::_reportUnexpectedBreak:protected:0::void::3PP
com.fasterxml.jackson.dataformat.cbor:CBORParser:public:com.fasterxml.jackson.core.base.ParserMinimalBase::_reportInvalidChar:protected:1:int:void::3PP
com.fasterxml.jackson.dataformat.cbor:CBORParser:public:com.fasterxml.jackson.core.base.ParserMinimalBase::_reportInvalidInitial:protected:1:int:void::3PP
com.fasterxml.jackson.dataformat.cbor:CBORParser:public:com.fasterxml.jackson.core.base.ParserMinimalBase::_reportInvalidOther:protected:1:int:void::3PP
com.fasterxml.jackson.dataformat.cbor:CBORParser:public:com.fasterxml.jackson.core.base.ParserMinimalBase::_reportInvalidOther:protected:2:int,int:void::3PP
com.fasterxml.jackson.dataformat.cbor:CBORParser:public:com.fasterxml.jackson.core.base.ParserMinimalBase::_reportIncompleteBinaryRead:protected:2:int,int:void::3PP
com.fasterxml.jackson.dataformat.cbor:CBORParser:public:com.fasterxml.jackson.core.base.ParserMinimalBase::_bigPositive:private,final:1:long:java.math.BigInteger::3PP
com.fasterxml.jackson.dataformat.cbor:CBORParser:public:com.fasterxml.jackson.core.base.ParserMinimalBase::_bigNegative:private,final:1:long:java.math.BigInteger::3PP
com.fasterxml.jackson.dataformat.cbor:CBORParser:public:com.fasterxml.jackson.core.base.ParserMinimalBase::getParsingContext:public,volatile:0::com.fasterxml.jackson.core.JsonStreamContext::3PP
com.fasterxml.jackson.dataformat.cbor:CBORParser:public:com.fasterxml.jackson.core.base.ParserMinimalBase::<clinit>:static:0::void::3PP
com.fasterxml.jackson.dataformat.cbor:CBORParserBootstrapper:public:java.lang.Object::<init>:public:2:com.fasterxml.jackson.core.io.IOContext,java.io.InputStream:void::3PP
com.fasterxml.jackson.dataformat.cbor:CBORParserBootstrapper:public:java.lang.Object::<init>:public:4:com.fasterxml.jackson.core.io.IOContext,byte[],int,int:void::3PP
com.fasterxml.jackson.dataformat.cbor:CBORParserBootstrapper:public:java.lang.Object::constructParser:public:5:int,int,int,com.fasterxml.jackson.core.ObjectCodec,com.fasterxml.jackson.core.sym.ByteQuadsCanonicalizer:com.fasterxml.jackson.dataformat.cbor.CBORParser::3PP
com.fasterxml.jackson.dataformat.cbor:CBORParserBootstrapper:public:java.lang.Object::hasCBORFormat:public,static:1:com.fasterxml.jackson.core.format.InputAccessor:com.fasterxml.jackson.core.format.MatchStrength::3PP
com.fasterxml.jackson.dataformat.cbor:CBORParserBootstrapper:public:java.lang.Object::ensureLoaded:protected:1:int:boolean::3PP
com.fasterxml.jackson.dataformat.cbor:CBORReadContext:public,final:com.fasterxml.jackson.core.JsonStreamContext::<init>:public:4:com.fasterxml.jackson.dataformat.cbor.CBORReadContext,com.fasterxml.jackson.core.json.DupDetector,int,int:void::3PP
com.fasterxml.jackson.dataformat.cbor:CBORReadContext:public,final:com.fasterxml.jackson.core.JsonStreamContext::reset:protected:2:int,int:void::3PP
com.fasterxml.jackson.dataformat.cbor:CBORReadContext:public,final:com.fasterxml.jackson.core.JsonStreamContext::getCurrentValue:public:0::java.lang.Object::3PP
com.fasterxml.jackson.dataformat.cbor:CBORReadContext:public,final:com.fasterxml.jackson.core.JsonStreamContext::setCurrentValue:public:1:java.lang.Object:void::3PP
com.fasterxml.jackson.dataformat.cbor:CBORReadContext:public,final:com.fasterxml.jackson.core.JsonStreamContext::createRootContext:public,static:1:com.fasterxml.jackson.core.json.DupDetector:com.fasterxml.jackson.dataformat.cbor.CBORReadContext::3PP
com.fasterxml.jackson.dataformat.cbor:CBORReadContext:public,final:com.fasterxml.jackson.core.JsonStreamContext::createChildArrayContext:public:1:int:com.fasterxml.jackson.dataformat.cbor.CBORReadContext::3PP
com.fasterxml.jackson.dataformat.cbor:CBORReadContext:public,final:com.fasterxml.jackson.core.JsonStreamContext::createChildObjectContext:public:1:int:com.fasterxml.jackson.dataformat.cbor.CBORReadContext::3PP
com.fasterxml.jackson.dataformat.cbor:CBORReadContext:public,final:com.fasterxml.jackson.core.JsonStreamContext::getCurrentName:public:0::java.lang.String::3PP
com.fasterxml.jackson.dataformat.cbor:CBORReadContext:public,final:com.fasterxml.jackson.core.JsonStreamContext::getParent:public:0::com.fasterxml.jackson.dataformat.cbor.CBORReadContext::3PP
com.fasterxml.jackson.dataformat.cbor:CBORReadContext:public,final:com.fasterxml.jackson.core.JsonStreamContext::hasExpectedLength:public:0::boolean::3PP
com.fasterxml.jackson.dataformat.cbor:CBORReadContext:public,final:com.fasterxml.jackson.core.JsonStreamContext::getExpectedLength:public:0::int::3PP
com.fasterxml.jackson.dataformat.cbor:CBORReadContext:public,final:com.fasterxml.jackson.core.JsonStreamContext::acceptsBreakMarker:public:0::boolean::3PP
com.fasterxml.jackson.dataformat.cbor:CBORReadContext:public,final:com.fasterxml.jackson.core.JsonStreamContext::expectMoreValues:public:0::boolean::3PP
com.fasterxml.jackson.dataformat.cbor:CBORReadContext:public,final:com.fasterxml.jackson.core.JsonStreamContext::getStartLocation:public:1:java.lang.Object:com.fasterxml.jackson.core.JsonLocation::3PP
com.fasterxml.jackson.dataformat.cbor:CBORReadContext:public,final:com.fasterxml.jackson.core.JsonStreamContext::setCurrentName:public:1:java.lang.String:void::3PP
com.fasterxml.jackson.dataformat.cbor:CBORReadContext:public,final:com.fasterxml.jackson.core.JsonStreamContext::_checkDup:private:2:com.fasterxml.jackson.core.json.DupDetector,java.lang.String:void::3PP
com.fasterxml.jackson.dataformat.cbor:CBORReadContext:public,final:com.fasterxml.jackson.core.JsonStreamContext::toString:public:0::java.lang.String::3PP
com.fasterxml.jackson.dataformat.cbor:CBORReadContext:public,final:com.fasterxml.jackson.core.JsonStreamContext::getParent:public,volatile:0::com.fasterxml.jackson.core.JsonStreamContext::3PP
com.fasterxml.jackson.dataformat.cbor:CBORSimpleValue:public:java.lang.Object::<init>:public:1:int:void::3PP
com.fasterxml.jackson.dataformat.cbor:CBORSimpleValue:public:java.lang.Object::getValue:public:0::int::3PP
com.fasterxml.jackson.dataformat.cbor:CBORSimpleValue:public:java.lang.Object::hashCode:public:0::int::3PP
com.fasterxml.jackson.dataformat.cbor:CBORSimpleValue:public:java.lang.Object::toString:public:0::java.lang.String::3PP
com.fasterxml.jackson.dataformat.cbor:CBORSimpleValue:public:java.lang.Object::equals:public:1:java.lang.Object:boolean::3PP
com.fasterxml.jackson.dataformat.cbor:CBORWriteContext:public,final:com.fasterxml.jackson.core.JsonStreamContext::<init>:protected:4:int,com.fasterxml.jackson.dataformat.cbor.CBORWriteContext,com.fasterxml.jackson.core.json.DupDetector,java.lang.Object:void::3PP
com.fasterxml.jackson.dataformat.cbor:CBORWriteContext:public,final:com.fasterxml.jackson.core.JsonStreamContext::reset:private:2:int,java.lang.Object:com.fasterxml.jackson.dataformat.cbor.CBORWriteContext::3PP
com.fasterxml.jackson.dataformat.cbor:CBORWriteContext:public,final:com.fasterxml.jackson.core.JsonStreamContext::withDupDetector:public:1:com.fasterxml.jackson.core.json.DupDetector:com.fasterxml.jackson.dataformat.cbor.CBORWriteContext::3PP
com.fasterxml.jackson.dataformat.cbor:CBORWriteContext:public,final:com.fasterxml.jackson.core.JsonStreamContext::getCurrentValue:public:0::java.lang.Object::3PP
com.fasterxml.jackson.dataformat.cbor:CBORWriteContext:public,final:com.fasterxml.jackson.core.JsonStreamContext::setCurrentValue:public:1:java.lang.Object:void::3PP
com.fasterxml.jackson.dataformat.cbor:CBORWriteContext:public,final:com.fasterxml.jackson.core.JsonStreamContext::createRootContext:public,static:1:com.fasterxml.jackson.core.json.DupDetector:com.fasterxml.jackson.dataformat.cbor.CBORWriteContext::3PP
com.fasterxml.jackson.dataformat.cbor:CBORWriteContext:public,final:com.fasterxml.jackson.core.JsonStreamContext::createChildArrayContext:public:1:java.lang.Object:com.fasterxml.jackson.dataformat.cbor.CBORWriteContext::3PP
com.fasterxml.jackson.dataformat.cbor:CBORWriteContext:public,final:com.fasterxml.jackson.core.JsonStreamContext::createChildObjectContext:public:1:java.lang.Object:com.fasterxml.jackson.dataformat.cbor.CBORWriteContext::3PP
com.fasterxml.jackson.dataformat.cbor:CBORWriteContext:public,final:com.fasterxml.jackson.core.JsonStreamContext::getParent:public,final:0::com.fasterxml.jackson.dataformat.cbor.CBORWriteContext::3PP
com.fasterxml.jackson.dataformat.cbor:CBORWriteContext:public,final:com.fasterxml.jackson.core.JsonStreamContext::getCurrentName:public,final:0::java.lang.String::3PP
com.fasterxml.jackson.dataformat.cbor:CBORWriteContext:public,final:com.fasterxml.jackson.core.JsonStreamContext::hasCurrentName:public:0::boolean::3PP
com.fasterxml.jackson.dataformat.cbor:CBORWriteContext:public,final:com.fasterxml.jackson.core.JsonStreamContext::clearAndGetParent:public:0::com.fasterxml.jackson.dataformat.cbor.CBORWriteContext::3PP
com.fasterxml.jackson.dataformat.cbor:CBORWriteContext:public,final:com.fasterxml.jackson.core.JsonStreamContext::getDupDetector:public:0::com.fasterxml.jackson.core.json.DupDetector::3PP
com.fasterxml.jackson.dataformat.cbor:CBORWriteContext:public,final:com.fasterxml.jackson.core.JsonStreamContext::writeFieldName:public:1:java.lang.String:boolean::3PP
com.fasterxml.jackson.dataformat.cbor:CBORWriteContext:public,final:com.fasterxml.jackson.core.JsonStreamContext::writeFieldId:public:1:long:boolean::3PP
com.fasterxml.jackson.dataformat.cbor:CBORWriteContext:public,final:com.fasterxml.jackson.core.JsonStreamContext::_checkDup:private,final:2:com.fasterxml.jackson.core.json.DupDetector,java.lang.String:void::3PP
com.fasterxml.jackson.dataformat.cbor:CBORWriteContext:public,final:com.fasterxml.jackson.core.JsonStreamContext::writeValue:public:0::boolean::3PP
com.fasterxml.jackson.dataformat.cbor:CBORWriteContext:public,final:com.fasterxml.jackson.core.JsonStreamContext::getParent:public,volatile:0::com.fasterxml.jackson.core.JsonStreamContext::3PP
com.fasterxml.jackson.dataformat.cbor:PackageVersion:public,final:java.lang.Object:com.fasterxml.jackson.core.Versioned:<init>:public:0::void::3PP
com.fasterxml.jackson.dataformat.cbor:PackageVersion:public,final:java.lang.Object:com.fasterxml.jackson.core.Versioned:version:public:0::com.fasterxml.jackson.core.Version::3PP
com.fasterxml.jackson.dataformat.cbor:PackageVersion:public,final:java.lang.Object:com.fasterxml.jackson.core.Versioned:<clinit>:static:0::void::3PP
com.fasterxml.jackson.dataformat.cbor.databind:CBORMapper$Builder:public:com.fasterxml.jackson.databind.cfg.MapperBuilder::<init>:public:1:com.fasterxml.jackson.dataformat.cbor.databind.CBORMapper:void::3PP
com.fasterxml.jackson.dataformat.cbor.databind:CBORMapper:public:com.fasterxml.jackson.databind.ObjectMapper::<init>:public:0::void::3PP
com.fasterxml.jackson.dataformat.cbor.databind:CBORMapper:public:com.fasterxml.jackson.databind.ObjectMapper::<init>:public:1:com.fasterxml.jackson.dataformat.cbor.CBORFactory:void::3PP
com.fasterxml.jackson.dataformat.cbor.databind:CBORMapper:public:com.fasterxml.jackson.databind.ObjectMapper::<init>:protected:1:com.fasterxml.jackson.dataformat.cbor.databind.CBORMapper:void::3PP
com.fasterxml.jackson.dataformat.cbor.databind:CBORMapper:public:com.fasterxml.jackson.databind.ObjectMapper::builder:public,static:0::com.fasterxml.jackson.dataformat.cbor.databind.CBORMapper$Builder::3PP
com.fasterxml.jackson.dataformat.cbor.databind:CBORMapper:public:com.fasterxml.jackson.databind.ObjectMapper::builder:public,static:1:com.fasterxml.jackson.dataformat.cbor.CBORFactory:com.fasterxml.jackson.dataformat.cbor.databind.CBORMapper$Builder::3PP
com.fasterxml.jackson.dataformat.cbor.databind:CBORMapper:public:com.fasterxml.jackson.databind.ObjectMapper::copy:public:0::com.fasterxml.jackson.dataformat.cbor.databind.CBORMapper::3PP
com.fasterxml.jackson.dataformat.cbor.databind:CBORMapper:public:com.fasterxml.jackson.databind.ObjectMapper::version:public:0::com.fasterxml.jackson.core.Version::3PP
com.fasterxml.jackson.dataformat.cbor.databind:CBORMapper:public:com.fasterxml.jackson.databind.ObjectMapper::getFactory:public:0::com.fasterxml.jackson.dataformat.cbor.CBORFactory::3PP
com.fasterxml.jackson.dataformat.cbor.databind:CBORMapper:public:com.fasterxml.jackson.databind.ObjectMapper::getFactory:public,volatile:0::com.fasterxml.jackson.core.JsonFactory::3PP
com.fasterxml.jackson.dataformat.cbor.databind:CBORMapper:public:com.fasterxml.jackson.databind.ObjectMapper::copy:public,volatile:0::com.fasterxml.jackson.databind.ObjectMapper::3PP
