com.fasterxml.jackson.datatype.jsr310:DecimalUtils:public,final:java.lang.Object::<init>:private:0::void::3PP
com.fasterxml.jackson.datatype.jsr310:DecimalUtils:public,final:java.lang.Object::toDecimal:public,static:2:long,int:java.lang.String::3PP
com.fasterxml.jackson.datatype.jsr310:DecimalUtils:public,final:java.lang.Object::toBigDecimal:public,static:2:long,int:java.math.BigDecimal::3PP
com.fasterxml.jackson.datatype.jsr310:DecimalUtils:public,final:java.lang.Object::extractNanosecondDecimal:public,static:2:java.math.BigDecimal,long:int::3PP
com.fasterxml.jackson.datatype.jsr310:DecimalUtils:public,final:java.lang.Object::<clinit>:static:0::void::3PP
com.fasterxml.jackson.datatype.jsr310:JSR310Module$1::com.fasterxml.jackson.databind.deser.ValueInstantiators$Base::<init>::1:com.fasterxml.jackson.datatype.jsr310.JSR310Module:void::3PP
com.fasterxml.jackson.datatype.jsr310:JSR310Module$1::com.fasterxml.jackson.databind.deser.ValueInstantiators$Base::findValueInstantiator:public:3:com.fasterxml.jackson.databind.DeserializationConfig,com.fasterxml.jackson.databind.BeanDescription,com.fasterxml.jackson.databind.deser.ValueInstantiator:com.fasterxml.jackson.databind.deser.ValueInstantiator::3PP
com.fasterxml.jackson.datatype.jsr310:JSR310Module:public,final:com.fasterxml.jackson.databind.module.SimpleModule::<init>:public:0::void::3PP
com.fasterxml.jackson.datatype.jsr310:JSR310Module:public,final:com.fasterxml.jackson.databind.module.SimpleModule::_zonedWithZoneId:private,static:0::com.fasterxml.jackson.databind.JsonSerializer::3PP
com.fasterxml.jackson.datatype.jsr310:JSR310Module:public,final:com.fasterxml.jackson.databind.module.SimpleModule::setupModule:public:1:com.fasterxml.jackson.databind.Module$SetupContext:void::3PP
com.fasterxml.jackson.datatype.jsr310:JSR310Module:public,final:com.fasterxml.jackson.databind.module.SimpleModule::_findFactory:protected,transient:3:com.fasterxml.jackson.databind.introspect.AnnotatedClass,java.lang.String,java.lang.Class[]:com.fasterxml.jackson.databind.introspect.AnnotatedMethod::3PP
com.fasterxml.jackson.datatype.jsr310:JavaTimeModule$1::com.fasterxml.jackson.databind.deser.ValueInstantiators$Base::<init>::1:com.fasterxml.jackson.datatype.jsr310.JavaTimeModule:void::3PP
com.fasterxml.jackson.datatype.jsr310:JavaTimeModule$1::com.fasterxml.jackson.databind.deser.ValueInstantiators$Base::findValueInstantiator:public:3:com.fasterxml.jackson.databind.DeserializationConfig,com.fasterxml.jackson.databind.BeanDescription,com.fasterxml.jackson.databind.deser.ValueInstantiator:com.fasterxml.jackson.databind.deser.ValueInstantiator::3PP
com.fasterxml.jackson.datatype.jsr310:JavaTimeModule:public,final:com.fasterxml.jackson.databind.module.SimpleModule::<init>:public:0::void::3PP
com.fasterxml.jackson.datatype.jsr310:JavaTimeModule:public,final:com.fasterxml.jackson.databind.module.SimpleModule::setupModule:public:1:com.fasterxml.jackson.databind.Module$SetupContext:void::3PP
com.fasterxml.jackson.datatype.jsr310:JavaTimeModule:public,final:com.fasterxml.jackson.databind.module.SimpleModule::_findFactory:protected,transient:3:com.fasterxml.jackson.databind.introspect.AnnotatedClass,java.lang.String,java.lang.Class[]:com.fasterxml.jackson.databind.introspect.AnnotatedMethod::3PP
com.fasterxml.jackson.datatype.jsr310:PackageVersion:public,final:java.lang.Object:com.fasterxml.jackson.core.Versioned:<init>:public:0::void::3PP
com.fasterxml.jackson.datatype.jsr310:PackageVersion:public,final:java.lang.Object:com.fasterxml.jackson.core.Versioned:version:public:0::com.fasterxml.jackson.core.Version::3PP
com.fasterxml.jackson.datatype.jsr310:PackageVersion:public,final:java.lang.Object:com.fasterxml.jackson.core.Versioned:<clinit>:static:0::void::3PP
com.fasterxml.jackson.datatype.jsr310.deser:DurationDeserializer:public:com.fasterxml.jackson.datatype.jsr310.deser.JSR310DeserializerBase::<init>:private:0::void::3PP
com.fasterxml.jackson.datatype.jsr310.deser:DurationDeserializer:public:com.fasterxml.jackson.datatype.jsr310.deser.JSR310DeserializerBase::deserialize:public:2:com.fasterxml.jackson.core.JsonParser,com.fasterxml.jackson.databind.DeserializationContext:java.time.Duration::3PP
com.fasterxml.jackson.datatype.jsr310.deser:DurationDeserializer:public:com.fasterxml.jackson.datatype.jsr310.deser.JSR310DeserializerBase::deserializeWithType:public,volatile:3:com.fasterxml.jackson.core.JsonParser,com.fasterxml.jackson.databind.DeserializationContext,com.fasterxml.jackson.databind.jsontype.TypeDeserializer:java.lang.Object::3PP
com.fasterxml.jackson.datatype.jsr310.deser:DurationDeserializer:public:com.fasterxml.jackson.datatype.jsr310.deser.JSR310DeserializerBase::deserialize:public,volatile:2:com.fasterxml.jackson.core.JsonParser,com.fasterxml.jackson.databind.DeserializationContext:java.lang.Object::3PP
com.fasterxml.jackson.datatype.jsr310.deser:DurationDeserializer:public:com.fasterxml.jackson.datatype.jsr310.deser.JSR310DeserializerBase::<clinit>:static:0::void::3PP
com.fasterxml.jackson.datatype.jsr310.deser:InstantDeserializer$FromDecimalArguments:public:java.lang.Object::<init>:private:3:long,int,java.time.ZoneId:void::3PP
com.fasterxml.jackson.datatype.jsr310.deser:InstantDeserializer$FromDecimalArguments:public:java.lang.Object::<init>::4:long,int,java.time.ZoneId,com.fasterxml.jackson.datatype.jsr310.deser.InstantDeserializer$1:void::3PP
com.fasterxml.jackson.datatype.jsr310.deser:InstantDeserializer$FromIntegerArguments:public:java.lang.Object::<init>:private:2:long,java.time.ZoneId:void::3PP
com.fasterxml.jackson.datatype.jsr310.deser:InstantDeserializer$FromIntegerArguments:public:java.lang.Object::<init>::3:long,java.time.ZoneId,com.fasterxml.jackson.datatype.jsr310.deser.InstantDeserializer$1:void::3PP
com.fasterxml.jackson.datatype.jsr310.deser:InstantDeserializer:public:com.fasterxml.jackson.datatype.jsr310.deser.JSR310DateTimeDeserializerBase::<init>:protected:7:java.lang.Class,java.time.format.DateTimeFormatter,java.util.function.Function,java.util.function.Function,java.util.function.Function,java.util.function.BiFunction,boolean:void::3PP
com.fasterxml.jackson.datatype.jsr310.deser:InstantDeserializer:public:com.fasterxml.jackson.datatype.jsr310.deser.JSR310DateTimeDeserializerBase::<init>:protected:2:com.fasterxml.jackson.datatype.jsr310.deser.InstantDeserializer,java.time.format.DateTimeFormatter:void::3PP
com.fasterxml.jackson.datatype.jsr310.deser:InstantDeserializer:public:com.fasterxml.jackson.datatype.jsr310.deser.JSR310DateTimeDeserializerBase::<init>:protected:2:com.fasterxml.jackson.datatype.jsr310.deser.InstantDeserializer,java.lang.Boolean:void::3PP
com.fasterxml.jackson.datatype.jsr310.deser:InstantDeserializer:public:com.fasterxml.jackson.datatype.jsr310.deser.JSR310DateTimeDeserializerBase::withDateFormat:protected:1:java.time.format.DateTimeFormatter:com.fasterxml.jackson.databind.JsonDeserializer::3PP
com.fasterxml.jackson.datatype.jsr310.deser:InstantDeserializer:public:com.fasterxml.jackson.datatype.jsr310.deser.JSR310DateTimeDeserializerBase::deserialize:public:2:com.fasterxml.jackson.core.JsonParser,com.fasterxml.jackson.databind.DeserializationContext:java.time.temporal.Temporal::3PP
com.fasterxml.jackson.datatype.jsr310.deser:InstantDeserializer:public:com.fasterxml.jackson.datatype.jsr310.deser.JSR310DateTimeDeserializerBase::createContextual:public:2:com.fasterxml.jackson.databind.DeserializationContext,com.fasterxml.jackson.databind.BeanProperty:com.fasterxml.jackson.databind.JsonDeserializer::3PP
com.fasterxml.jackson.datatype.jsr310.deser:InstantDeserializer:public:com.fasterxml.jackson.datatype.jsr310.deser.JSR310DateTimeDeserializerBase::shouldAdjustToContextTimezone:protected:1:com.fasterxml.jackson.databind.DeserializationContext:boolean::3PP
com.fasterxml.jackson.datatype.jsr310.deser:InstantDeserializer:public:com.fasterxml.jackson.datatype.jsr310.deser.JSR310DateTimeDeserializerBase::_countPeriods:protected:1:java.lang.String:int::3PP
com.fasterxml.jackson.datatype.jsr310.deser:InstantDeserializer:public:com.fasterxml.jackson.datatype.jsr310.deser.JSR310DateTimeDeserializerBase::_fromLong:protected:2:com.fasterxml.jackson.databind.DeserializationContext,long:java.time.temporal.Temporal::3PP
com.fasterxml.jackson.datatype.jsr310.deser:InstantDeserializer:public:com.fasterxml.jackson.datatype.jsr310.deser.JSR310DateTimeDeserializerBase::_fromDecimal:protected:2:com.fasterxml.jackson.databind.DeserializationContext,java.math.BigDecimal:java.time.temporal.Temporal::3PP
com.fasterxml.jackson.datatype.jsr310.deser:InstantDeserializer:public:com.fasterxml.jackson.datatype.jsr310.deser.JSR310DateTimeDeserializerBase::getZone:private:1:com.fasterxml.jackson.databind.DeserializationContext:java.time.ZoneId::3PP
com.fasterxml.jackson.datatype.jsr310.deser:InstantDeserializer:public:com.fasterxml.jackson.datatype.jsr310.deser.JSR310DateTimeDeserializerBase::deserialize:public,volatile:2:com.fasterxml.jackson.core.JsonParser,com.fasterxml.jackson.databind.DeserializationContext:java.lang.Object::3PP
com.fasterxml.jackson.datatype.jsr310.deser:InstantDeserializer:public:com.fasterxml.jackson.datatype.jsr310.deser.JSR310DateTimeDeserializerBase::lambda$new$7:private,static:2:java.time.temporal.Temporal,java.time.ZoneId:java.time.temporal.Temporal::3PP
com.fasterxml.jackson.datatype.jsr310.deser:InstantDeserializer:public:com.fasterxml.jackson.datatype.jsr310.deser.JSR310DateTimeDeserializerBase::lambda$static$6:private,static:1:com.fasterxml.jackson.datatype.jsr310.deser.InstantDeserializer$FromDecimalArguments:java.time.ZonedDateTime::3PP
com.fasterxml.jackson.datatype.jsr310.deser:InstantDeserializer:public:com.fasterxml.jackson.datatype.jsr310.deser.JSR310DateTimeDeserializerBase::lambda$static$5:private,static:1:com.fasterxml.jackson.datatype.jsr310.deser.InstantDeserializer$FromIntegerArguments:java.time.ZonedDateTime::3PP
com.fasterxml.jackson.datatype.jsr310.deser:InstantDeserializer:public:com.fasterxml.jackson.datatype.jsr310.deser.JSR310DateTimeDeserializerBase::lambda$static$4:private,static:2:java.time.OffsetDateTime,java.time.ZoneId:java.time.OffsetDateTime::3PP
com.fasterxml.jackson.datatype.jsr310.deser:InstantDeserializer:public:com.fasterxml.jackson.datatype.jsr310.deser.JSR310DateTimeDeserializerBase::lambda$static$3:private,static:1:com.fasterxml.jackson.datatype.jsr310.deser.InstantDeserializer$FromDecimalArguments:java.time.OffsetDateTime::3PP
com.fasterxml.jackson.datatype.jsr310.deser:InstantDeserializer:public:com.fasterxml.jackson.datatype.jsr310.deser.JSR310DateTimeDeserializerBase::lambda$static$2:private,static:1:com.fasterxml.jackson.datatype.jsr310.deser.InstantDeserializer$FromIntegerArguments:java.time.OffsetDateTime::3PP
com.fasterxml.jackson.datatype.jsr310.deser:InstantDeserializer:public:com.fasterxml.jackson.datatype.jsr310.deser.JSR310DateTimeDeserializerBase::lambda$static$1:private,static:1:com.fasterxml.jackson.datatype.jsr310.deser.InstantDeserializer$FromDecimalArguments:java.time.Instant::3PP
com.fasterxml.jackson.datatype.jsr310.deser:InstantDeserializer:public:com.fasterxml.jackson.datatype.jsr310.deser.JSR310DateTimeDeserializerBase::lambda$static$0:private,static:1:com.fasterxml.jackson.datatype.jsr310.deser.InstantDeserializer$FromIntegerArguments:java.time.Instant::3PP
com.fasterxml.jackson.datatype.jsr310.deser:InstantDeserializer:public:com.fasterxml.jackson.datatype.jsr310.deser.JSR310DateTimeDeserializerBase::<clinit>:static:0::void::3PP
com.fasterxml.jackson.datatype.jsr310.deser:JSR310DateTimeDeserializerBase:public,abstract:com.fasterxml.jackson.datatype.jsr310.deser.JSR310DeserializerBase:com.fasterxml.jackson.databind.deser.ContextualDeserializer:<init>:protected:2:java.lang.Class,java.time.format.DateTimeFormatter:void::3PP
com.fasterxml.jackson.datatype.jsr310.deser:JSR310DateTimeDeserializerBase:public,abstract:com.fasterxml.jackson.datatype.jsr310.deser.JSR310DeserializerBase:com.fasterxml.jackson.databind.deser.ContextualDeserializer:withDateFormat:protected,abstract:1:java.time.format.DateTimeFormatter:com.fasterxml.jackson.databind.JsonDeserializer::3PP
com.fasterxml.jackson.datatype.jsr310.deser:JSR310DateTimeDeserializerBase:public,abstract:com.fasterxml.jackson.datatype.jsr310.deser.JSR310DeserializerBase:com.fasterxml.jackson.databind.deser.ContextualDeserializer:createContextual:public:2:com.fasterxml.jackson.databind.DeserializationContext,com.fasterxml.jackson.databind.BeanProperty:com.fasterxml.jackson.databind.JsonDeserializer::3PP
com.fasterxml.jackson.datatype.jsr310.deser:JSR310DateTimeDeserializerBase:public,abstract:com.fasterxml.jackson.datatype.jsr310.deser.JSR310DeserializerBase:com.fasterxml.jackson.databind.deser.ContextualDeserializer:deserializeWithType:public,volatile:3:com.fasterxml.jackson.core.JsonParser,com.fasterxml.jackson.databind.DeserializationContext,com.fasterxml.jackson.databind.jsontype.TypeDeserializer:java.lang.Object::3PP
com.fasterxml.jackson.datatype.jsr310.deser:JSR310DeserializerBase:abstract:com.fasterxml.jackson.databind.deser.std.StdScalarDeserializer::<init>:protected:1:java.lang.Class:void::3PP
com.fasterxml.jackson.datatype.jsr310.deser:JSR310DeserializerBase:abstract:com.fasterxml.jackson.databind.deser.std.StdScalarDeserializer::deserializeWithType:public:3:com.fasterxml.jackson.core.JsonParser,com.fasterxml.jackson.databind.DeserializationContext,com.fasterxml.jackson.databind.jsontype.TypeDeserializer:java.lang.Object::3PP
com.fasterxml.jackson.datatype.jsr310.deser:JSR310DeserializerBase:abstract:com.fasterxml.jackson.databind.deser.std.StdScalarDeserializer::_reportWrongToken:protected:4:com.fasterxml.jackson.core.JsonParser,com.fasterxml.jackson.databind.DeserializationContext,com.fasterxml.jackson.core.JsonToken,java.lang.String:java.lang.Object::3PP
com.fasterxml.jackson.datatype.jsr310.deser:JSR310DeserializerBase:abstract:com.fasterxml.jackson.databind.deser.std.StdScalarDeserializer::_reportWrongToken:protected,transient:3:com.fasterxml.jackson.core.JsonParser,com.fasterxml.jackson.databind.DeserializationContext,com.fasterxml.jackson.core.JsonToken[]:java.lang.Object::3PP
com.fasterxml.jackson.datatype.jsr310.deser:JSR310DeserializerBase:abstract:com.fasterxml.jackson.databind.deser.std.StdScalarDeserializer::_rethrowDateTimeException:protected:4:com.fasterxml.jackson.core.JsonParser,com.fasterxml.jackson.databind.DeserializationContext,java.time.DateTimeException,java.lang.String:java.lang.Object::3PP
com.fasterxml.jackson.datatype.jsr310.deser:JSR310DeserializerBase:abstract:com.fasterxml.jackson.databind.deser.std.StdScalarDeserializer::_peelDTE:protected:1:java.time.DateTimeException:java.time.DateTimeException::3PP
com.fasterxml.jackson.datatype.jsr310.deser:JSR310StringParsableDeserializer:public:com.fasterxml.jackson.datatype.jsr310.deser.JSR310DeserializerBase::<init>:protected:2:java.lang.Class,int:void::3PP
com.fasterxml.jackson.datatype.jsr310.deser:JSR310StringParsableDeserializer:public:com.fasterxml.jackson.datatype.jsr310.deser.JSR310DeserializerBase::createDeserializer:protected,static:2:java.lang.Class,int:com.fasterxml.jackson.databind.JsonDeserializer::3PP
com.fasterxml.jackson.datatype.jsr310.deser:JSR310StringParsableDeserializer:public:com.fasterxml.jackson.datatype.jsr310.deser.JSR310DeserializerBase::deserialize:public:2:com.fasterxml.jackson.core.JsonParser,com.fasterxml.jackson.databind.DeserializationContext:java.lang.Object::3PP
com.fasterxml.jackson.datatype.jsr310.deser:JSR310StringParsableDeserializer:public:com.fasterxml.jackson.datatype.jsr310.deser.JSR310DeserializerBase::deserializeWithType:public:3:com.fasterxml.jackson.core.JsonParser,com.fasterxml.jackson.databind.DeserializationContext,com.fasterxml.jackson.databind.jsontype.TypeDeserializer:java.lang.Object::3PP
com.fasterxml.jackson.datatype.jsr310.deser:JSR310StringParsableDeserializer:public:com.fasterxml.jackson.datatype.jsr310.deser.JSR310DeserializerBase::<clinit>:static:0::void::3PP
com.fasterxml.jackson.datatype.jsr310.deser:LocalDateDeserializer:public:com.fasterxml.jackson.datatype.jsr310.deser.JSR310DateTimeDeserializerBase::<init>:private:0::void::3PP
com.fasterxml.jackson.datatype.jsr310.deser:LocalDateDeserializer:public:com.fasterxml.jackson.datatype.jsr310.deser.JSR310DateTimeDeserializerBase::<init>:public:1:java.time.format.DateTimeFormatter:void::3PP
com.fasterxml.jackson.datatype.jsr310.deser:LocalDateDeserializer:public:com.fasterxml.jackson.datatype.jsr310.deser.JSR310DateTimeDeserializerBase::withDateFormat:protected:1:java.time.format.DateTimeFormatter:com.fasterxml.jackson.databind.JsonDeserializer::3PP
com.fasterxml.jackson.datatype.jsr310.deser:LocalDateDeserializer:public:com.fasterxml.jackson.datatype.jsr310.deser.JSR310DateTimeDeserializerBase::deserialize:public:2:com.fasterxml.jackson.core.JsonParser,com.fasterxml.jackson.databind.DeserializationContext:java.time.LocalDate::3PP
com.fasterxml.jackson.datatype.jsr310.deser:LocalDateDeserializer:public:com.fasterxml.jackson.datatype.jsr310.deser.JSR310DateTimeDeserializerBase::deserialize:public,volatile:2:com.fasterxml.jackson.core.JsonParser,com.fasterxml.jackson.databind.DeserializationContext:java.lang.Object::3PP
com.fasterxml.jackson.datatype.jsr310.deser:LocalDateDeserializer:public:com.fasterxml.jackson.datatype.jsr310.deser.JSR310DateTimeDeserializerBase::<clinit>:static:0::void::3PP
com.fasterxml.jackson.datatype.jsr310.deser:LocalDateTimeDeserializer:public:com.fasterxml.jackson.datatype.jsr310.deser.JSR310DateTimeDeserializerBase::<init>:private:0::void::3PP
com.fasterxml.jackson.datatype.jsr310.deser:LocalDateTimeDeserializer:public:com.fasterxml.jackson.datatype.jsr310.deser.JSR310DateTimeDeserializerBase::<init>:public:1:java.time.format.DateTimeFormatter:void::3PP
com.fasterxml.jackson.datatype.jsr310.deser:LocalDateTimeDeserializer:public:com.fasterxml.jackson.datatype.jsr310.deser.JSR310DateTimeDeserializerBase::withDateFormat:protected:1:java.time.format.DateTimeFormatter:com.fasterxml.jackson.databind.JsonDeserializer::3PP
com.fasterxml.jackson.datatype.jsr310.deser:LocalDateTimeDeserializer:public:com.fasterxml.jackson.datatype.jsr310.deser.JSR310DateTimeDeserializerBase::deserialize:public:2:com.fasterxml.jackson.core.JsonParser,com.fasterxml.jackson.databind.DeserializationContext:java.time.LocalDateTime::3PP
com.fasterxml.jackson.datatype.jsr310.deser:LocalDateTimeDeserializer:public:com.fasterxml.jackson.datatype.jsr310.deser.JSR310DateTimeDeserializerBase::deserialize:public,volatile:2:com.fasterxml.jackson.core.JsonParser,com.fasterxml.jackson.databind.DeserializationContext:java.lang.Object::3PP
com.fasterxml.jackson.datatype.jsr310.deser:LocalDateTimeDeserializer:public:com.fasterxml.jackson.datatype.jsr310.deser.JSR310DateTimeDeserializerBase::<clinit>:static:0::void::3PP
com.fasterxml.jackson.datatype.jsr310.deser:LocalTimeDeserializer:public:com.fasterxml.jackson.datatype.jsr310.deser.JSR310DateTimeDeserializerBase::<init>:private:0::void::3PP
com.fasterxml.jackson.datatype.jsr310.deser:LocalTimeDeserializer:public:com.fasterxml.jackson.datatype.jsr310.deser.JSR310DateTimeDeserializerBase::<init>:public:1:java.time.format.DateTimeFormatter:void::3PP
com.fasterxml.jackson.datatype.jsr310.deser:LocalTimeDeserializer:public:com.fasterxml.jackson.datatype.jsr310.deser.JSR310DateTimeDeserializerBase::withDateFormat:protected:1:java.time.format.DateTimeFormatter:com.fasterxml.jackson.databind.JsonDeserializer::3PP
com.fasterxml.jackson.datatype.jsr310.deser:LocalTimeDeserializer:public:com.fasterxml.jackson.datatype.jsr310.deser.JSR310DateTimeDeserializerBase::deserialize:public:2:com.fasterxml.jackson.core.JsonParser,com.fasterxml.jackson.databind.DeserializationContext:java.time.LocalTime::3PP
com.fasterxml.jackson.datatype.jsr310.deser:LocalTimeDeserializer:public:com.fasterxml.jackson.datatype.jsr310.deser.JSR310DateTimeDeserializerBase::deserialize:public,volatile:2:com.fasterxml.jackson.core.JsonParser,com.fasterxml.jackson.databind.DeserializationContext:java.lang.Object::3PP
com.fasterxml.jackson.datatype.jsr310.deser:LocalTimeDeserializer:public:com.fasterxml.jackson.datatype.jsr310.deser.JSR310DateTimeDeserializerBase::<clinit>:static:0::void::3PP
com.fasterxml.jackson.datatype.jsr310.deser:MonthDayDeserializer:public:com.fasterxml.jackson.datatype.jsr310.deser.JSR310DateTimeDeserializerBase::<init>:public:1:java.time.format.DateTimeFormatter:void::3PP
com.fasterxml.jackson.datatype.jsr310.deser:MonthDayDeserializer:public:com.fasterxml.jackson.datatype.jsr310.deser.JSR310DateTimeDeserializerBase::withDateFormat:protected:1:java.time.format.DateTimeFormatter:com.fasterxml.jackson.databind.JsonDeserializer::3PP
com.fasterxml.jackson.datatype.jsr310.deser:MonthDayDeserializer:public:com.fasterxml.jackson.datatype.jsr310.deser.JSR310DateTimeDeserializerBase::deserialize:public:2:com.fasterxml.jackson.core.JsonParser,com.fasterxml.jackson.databind.DeserializationContext:java.time.MonthDay::3PP
com.fasterxml.jackson.datatype.jsr310.deser:MonthDayDeserializer:public:com.fasterxml.jackson.datatype.jsr310.deser.JSR310DateTimeDeserializerBase::deserialize:public,volatile:2:com.fasterxml.jackson.core.JsonParser,com.fasterxml.jackson.databind.DeserializationContext:java.lang.Object::3PP
com.fasterxml.jackson.datatype.jsr310.deser:MonthDayDeserializer:public:com.fasterxml.jackson.datatype.jsr310.deser.JSR310DateTimeDeserializerBase::<clinit>:static:0::void::3PP
com.fasterxml.jackson.datatype.jsr310.deser:OffsetTimeDeserializer:public:com.fasterxml.jackson.datatype.jsr310.deser.JSR310DateTimeDeserializerBase::<init>:private:0::void::3PP
com.fasterxml.jackson.datatype.jsr310.deser:OffsetTimeDeserializer:public:com.fasterxml.jackson.datatype.jsr310.deser.JSR310DateTimeDeserializerBase::<init>:protected:1:java.time.format.DateTimeFormatter:void::3PP
com.fasterxml.jackson.datatype.jsr310.deser:OffsetTimeDeserializer:public:com.fasterxml.jackson.datatype.jsr310.deser.JSR310DateTimeDeserializerBase::withDateFormat:protected:1:java.time.format.DateTimeFormatter:com.fasterxml.jackson.databind.JsonDeserializer::3PP
com.fasterxml.jackson.datatype.jsr310.deser:OffsetTimeDeserializer:public:com.fasterxml.jackson.datatype.jsr310.deser.JSR310DateTimeDeserializerBase::deserialize:public:2:com.fasterxml.jackson.core.JsonParser,com.fasterxml.jackson.databind.DeserializationContext:java.time.OffsetTime::3PP
com.fasterxml.jackson.datatype.jsr310.deser:OffsetTimeDeserializer:public:com.fasterxml.jackson.datatype.jsr310.deser.JSR310DateTimeDeserializerBase::deserialize:public,volatile:2:com.fasterxml.jackson.core.JsonParser,com.fasterxml.jackson.databind.DeserializationContext:java.lang.Object::3PP
com.fasterxml.jackson.datatype.jsr310.deser:OffsetTimeDeserializer:public:com.fasterxml.jackson.datatype.jsr310.deser.JSR310DateTimeDeserializerBase::<clinit>:static:0::void::3PP
com.fasterxml.jackson.datatype.jsr310.deser:YearDeserializer:public:com.fasterxml.jackson.datatype.jsr310.deser.JSR310DeserializerBase::<init>:private:0::void::3PP
com.fasterxml.jackson.datatype.jsr310.deser:YearDeserializer:public:com.fasterxml.jackson.datatype.jsr310.deser.JSR310DeserializerBase::<init>:public:1:java.time.format.DateTimeFormatter:void::3PP
com.fasterxml.jackson.datatype.jsr310.deser:YearDeserializer:public:com.fasterxml.jackson.datatype.jsr310.deser.JSR310DeserializerBase::deserialize:public:2:com.fasterxml.jackson.core.JsonParser,com.fasterxml.jackson.databind.DeserializationContext:java.time.Year::3PP
com.fasterxml.jackson.datatype.jsr310.deser:YearDeserializer:public:com.fasterxml.jackson.datatype.jsr310.deser.JSR310DeserializerBase::deserializeWithType:public,volatile:3:com.fasterxml.jackson.core.JsonParser,com.fasterxml.jackson.databind.DeserializationContext,com.fasterxml.jackson.databind.jsontype.TypeDeserializer:java.lang.Object::3PP
com.fasterxml.jackson.datatype.jsr310.deser:YearDeserializer:public:com.fasterxml.jackson.datatype.jsr310.deser.JSR310DeserializerBase::deserialize:public,volatile:2:com.fasterxml.jackson.core.JsonParser,com.fasterxml.jackson.databind.DeserializationContext:java.lang.Object::3PP
com.fasterxml.jackson.datatype.jsr310.deser:YearDeserializer:public:com.fasterxml.jackson.datatype.jsr310.deser.JSR310DeserializerBase::<clinit>:static:0::void::3PP
com.fasterxml.jackson.datatype.jsr310.deser:YearMonthDeserializer:public:com.fasterxml.jackson.datatype.jsr310.deser.JSR310DateTimeDeserializerBase::<init>:private:0::void::3PP
com.fasterxml.jackson.datatype.jsr310.deser:YearMonthDeserializer:public:com.fasterxml.jackson.datatype.jsr310.deser.JSR310DateTimeDeserializerBase::<init>:public:1:java.time.format.DateTimeFormatter:void::3PP
com.fasterxml.jackson.datatype.jsr310.deser:YearMonthDeserializer:public:com.fasterxml.jackson.datatype.jsr310.deser.JSR310DateTimeDeserializerBase::withDateFormat:protected:1:java.time.format.DateTimeFormatter:com.fasterxml.jackson.databind.JsonDeserializer::3PP
com.fasterxml.jackson.datatype.jsr310.deser:YearMonthDeserializer:public:com.fasterxml.jackson.datatype.jsr310.deser.JSR310DateTimeDeserializerBase::deserialize:public:2:com.fasterxml.jackson.core.JsonParser,com.fasterxml.jackson.databind.DeserializationContext:java.time.YearMonth::3PP
com.fasterxml.jackson.datatype.jsr310.deser:YearMonthDeserializer:public:com.fasterxml.jackson.datatype.jsr310.deser.JSR310DateTimeDeserializerBase::deserialize:public,volatile:2:com.fasterxml.jackson.core.JsonParser,com.fasterxml.jackson.databind.DeserializationContext:java.lang.Object::3PP
com.fasterxml.jackson.datatype.jsr310.deser:YearMonthDeserializer:public:com.fasterxml.jackson.datatype.jsr310.deser.JSR310DateTimeDeserializerBase::<clinit>:static:0::void::3PP
com.fasterxml.jackson.datatype.jsr310.deser.key:DurationKeyDeserializer:public:com.fasterxml.jackson.datatype.jsr310.deser.key.Jsr310KeyDeserializer::<init>:private:0::void::3PP
com.fasterxml.jackson.datatype.jsr310.deser.key:DurationKeyDeserializer:public:com.fasterxml.jackson.datatype.jsr310.deser.key.Jsr310KeyDeserializer::deserialize:protected:2:java.lang.String,com.fasterxml.jackson.databind.DeserializationContext:java.time.Duration::3PP
com.fasterxml.jackson.datatype.jsr310.deser.key:DurationKeyDeserializer:public:com.fasterxml.jackson.datatype.jsr310.deser.key.Jsr310KeyDeserializer::deserialize:protected,volatile:2:java.lang.String,com.fasterxml.jackson.databind.DeserializationContext:java.lang.Object::3PP
com.fasterxml.jackson.datatype.jsr310.deser.key:DurationKeyDeserializer:public:com.fasterxml.jackson.datatype.jsr310.deser.key.Jsr310KeyDeserializer::<clinit>:static:0::void::3PP
com.fasterxml.jackson.datatype.jsr310.deser.key:InstantKeyDeserializer:public:com.fasterxml.jackson.datatype.jsr310.deser.key.Jsr310KeyDeserializer::<init>:private:0::void::3PP
com.fasterxml.jackson.datatype.jsr310.deser.key:InstantKeyDeserializer:public:com.fasterxml.jackson.datatype.jsr310.deser.key.Jsr310KeyDeserializer::deserialize:protected:2:java.lang.String,com.fasterxml.jackson.databind.DeserializationContext:java.time.Instant::3PP
com.fasterxml.jackson.datatype.jsr310.deser.key:InstantKeyDeserializer:public:com.fasterxml.jackson.datatype.jsr310.deser.key.Jsr310KeyDeserializer::deserialize:protected,volatile:2:java.lang.String,com.fasterxml.jackson.databind.DeserializationContext:java.lang.Object::3PP
com.fasterxml.jackson.datatype.jsr310.deser.key:InstantKeyDeserializer:public:com.fasterxml.jackson.datatype.jsr310.deser.key.Jsr310KeyDeserializer::<clinit>:static:0::void::3PP
com.fasterxml.jackson.datatype.jsr310.deser.key:Jsr310KeyDeserializer:abstract:com.fasterxml.jackson.databind.KeyDeserializer::<init>::0::void::3PP
com.fasterxml.jackson.datatype.jsr310.deser.key:Jsr310KeyDeserializer:abstract:com.fasterxml.jackson.databind.KeyDeserializer::deserializeKey:public,final:2:java.lang.String,com.fasterxml.jackson.databind.DeserializationContext:java.lang.Object::3PP
com.fasterxml.jackson.datatype.jsr310.deser.key:Jsr310KeyDeserializer:abstract:com.fasterxml.jackson.databind.KeyDeserializer::deserialize:protected,abstract:2:java.lang.String,com.fasterxml.jackson.databind.DeserializationContext:java.lang.Object::3PP
com.fasterxml.jackson.datatype.jsr310.deser.key:Jsr310KeyDeserializer:abstract:com.fasterxml.jackson.databind.KeyDeserializer::_rethrowDateTimeException:protected:4:com.fasterxml.jackson.databind.DeserializationContext,java.lang.Class,java.time.DateTimeException,java.lang.String:java.lang.Object::3PP
com.fasterxml.jackson.datatype.jsr310.deser.key:LocalDateKeyDeserializer:public:com.fasterxml.jackson.datatype.jsr310.deser.key.Jsr310KeyDeserializer::<init>:private:0::void::3PP
com.fasterxml.jackson.datatype.jsr310.deser.key:LocalDateKeyDeserializer:public:com.fasterxml.jackson.datatype.jsr310.deser.key.Jsr310KeyDeserializer::deserialize:protected:2:java.lang.String,com.fasterxml.jackson.databind.DeserializationContext:java.time.LocalDate::3PP
com.fasterxml.jackson.datatype.jsr310.deser.key:LocalDateKeyDeserializer:public:com.fasterxml.jackson.datatype.jsr310.deser.key.Jsr310KeyDeserializer::deserialize:protected,volatile:2:java.lang.String,com.fasterxml.jackson.databind.DeserializationContext:java.lang.Object::3PP
com.fasterxml.jackson.datatype.jsr310.deser.key:LocalDateKeyDeserializer:public:com.fasterxml.jackson.datatype.jsr310.deser.key.Jsr310KeyDeserializer::<clinit>:static:0::void::3PP
com.fasterxml.jackson.datatype.jsr310.deser.key:LocalDateTimeKeyDeserializer:public:com.fasterxml.jackson.datatype.jsr310.deser.key.Jsr310KeyDeserializer::<init>:private:0::void::3PP
com.fasterxml.jackson.datatype.jsr310.deser.key:LocalDateTimeKeyDeserializer:public:com.fasterxml.jackson.datatype.jsr310.deser.key.Jsr310KeyDeserializer::deserialize:protected:2:java.lang.String,com.fasterxml.jackson.databind.DeserializationContext:java.time.LocalDateTime::3PP
com.fasterxml.jackson.datatype.jsr310.deser.key:LocalDateTimeKeyDeserializer:public:com.fasterxml.jackson.datatype.jsr310.deser.key.Jsr310KeyDeserializer::deserialize:protected,volatile:2:java.lang.String,com.fasterxml.jackson.databind.DeserializationContext:java.lang.Object::3PP
com.fasterxml.jackson.datatype.jsr310.deser.key:LocalDateTimeKeyDeserializer:public:com.fasterxml.jackson.datatype.jsr310.deser.key.Jsr310KeyDeserializer::<clinit>:static:0::void::3PP
com.fasterxml.jackson.datatype.jsr310.deser.key:LocalTimeKeyDeserializer:public:com.fasterxml.jackson.datatype.jsr310.deser.key.Jsr310KeyDeserializer::<init>:private:0::void::3PP
com.fasterxml.jackson.datatype.jsr310.deser.key:LocalTimeKeyDeserializer:public:com.fasterxml.jackson.datatype.jsr310.deser.key.Jsr310KeyDeserializer::deserialize:protected:2:java.lang.String,com.fasterxml.jackson.databind.DeserializationContext:java.time.LocalTime::3PP
com.fasterxml.jackson.datatype.jsr310.deser.key:LocalTimeKeyDeserializer:public:com.fasterxml.jackson.datatype.jsr310.deser.key.Jsr310KeyDeserializer::deserialize:protected,volatile:2:java.lang.String,com.fasterxml.jackson.databind.DeserializationContext:java.lang.Object::3PP
com.fasterxml.jackson.datatype.jsr310.deser.key:LocalTimeKeyDeserializer:public:com.fasterxml.jackson.datatype.jsr310.deser.key.Jsr310KeyDeserializer::<clinit>:static:0::void::3PP
com.fasterxml.jackson.datatype.jsr310.deser.key:MonthDayKeyDeserializer:public:com.fasterxml.jackson.datatype.jsr310.deser.key.Jsr310KeyDeserializer::<init>:private:0::void::3PP
com.fasterxml.jackson.datatype.jsr310.deser.key:MonthDayKeyDeserializer:public:com.fasterxml.jackson.datatype.jsr310.deser.key.Jsr310KeyDeserializer::deserialize:protected:2:java.lang.String,com.fasterxml.jackson.databind.DeserializationContext:java.time.MonthDay::3PP
com.fasterxml.jackson.datatype.jsr310.deser.key:MonthDayKeyDeserializer:public:com.fasterxml.jackson.datatype.jsr310.deser.key.Jsr310KeyDeserializer::deserialize:protected,volatile:2:java.lang.String,com.fasterxml.jackson.databind.DeserializationContext:java.lang.Object::3PP
com.fasterxml.jackson.datatype.jsr310.deser.key:MonthDayKeyDeserializer:public:com.fasterxml.jackson.datatype.jsr310.deser.key.Jsr310KeyDeserializer::<clinit>:static:0::void::3PP
com.fasterxml.jackson.datatype.jsr310.deser.key:OffsetDateTimeKeyDeserializer:public:com.fasterxml.jackson.datatype.jsr310.deser.key.Jsr310KeyDeserializer::<init>:private:0::void::3PP
com.fasterxml.jackson.datatype.jsr310.deser.key:OffsetDateTimeKeyDeserializer:public:com.fasterxml.jackson.datatype.jsr310.deser.key.Jsr310KeyDeserializer::deserialize:protected:2:java.lang.String,com.fasterxml.jackson.databind.DeserializationContext:java.time.OffsetDateTime::3PP
com.fasterxml.jackson.datatype.jsr310.deser.key:OffsetDateTimeKeyDeserializer:public:com.fasterxml.jackson.datatype.jsr310.deser.key.Jsr310KeyDeserializer::deserialize:protected,volatile:2:java.lang.String,com.fasterxml.jackson.databind.DeserializationContext:java.lang.Object::3PP
com.fasterxml.jackson.datatype.jsr310.deser.key:OffsetDateTimeKeyDeserializer:public:com.fasterxml.jackson.datatype.jsr310.deser.key.Jsr310KeyDeserializer::<clinit>:static:0::void::3PP
com.fasterxml.jackson.datatype.jsr310.deser.key:OffsetTimeKeyDeserializer:public:com.fasterxml.jackson.datatype.jsr310.deser.key.Jsr310KeyDeserializer::<init>:private:0::void::3PP
com.fasterxml.jackson.datatype.jsr310.deser.key:OffsetTimeKeyDeserializer:public:com.fasterxml.jackson.datatype.jsr310.deser.key.Jsr310KeyDeserializer::deserialize:protected:2:java.lang.String,com.fasterxml.jackson.databind.DeserializationContext:java.time.OffsetTime::3PP
com.fasterxml.jackson.datatype.jsr310.deser.key:OffsetTimeKeyDeserializer:public:com.fasterxml.jackson.datatype.jsr310.deser.key.Jsr310KeyDeserializer::deserialize:protected,volatile:2:java.lang.String,com.fasterxml.jackson.databind.DeserializationContext:java.lang.Object::3PP
com.fasterxml.jackson.datatype.jsr310.deser.key:OffsetTimeKeyDeserializer:public:com.fasterxml.jackson.datatype.jsr310.deser.key.Jsr310KeyDeserializer::<clinit>:static:0::void::3PP
com.fasterxml.jackson.datatype.jsr310.deser.key:PeriodKeyDeserializer:public:com.fasterxml.jackson.datatype.jsr310.deser.key.Jsr310KeyDeserializer::<init>:private:0::void::3PP
com.fasterxml.jackson.datatype.jsr310.deser.key:PeriodKeyDeserializer:public:com.fasterxml.jackson.datatype.jsr310.deser.key.Jsr310KeyDeserializer::deserialize:protected:2:java.lang.String,com.fasterxml.jackson.databind.DeserializationContext:java.time.Period::3PP
com.fasterxml.jackson.datatype.jsr310.deser.key:PeriodKeyDeserializer:public:com.fasterxml.jackson.datatype.jsr310.deser.key.Jsr310KeyDeserializer::deserialize:protected,volatile:2:java.lang.String,com.fasterxml.jackson.databind.DeserializationContext:java.lang.Object::3PP
com.fasterxml.jackson.datatype.jsr310.deser.key:PeriodKeyDeserializer:public:com.fasterxml.jackson.datatype.jsr310.deser.key.Jsr310KeyDeserializer::<clinit>:static:0::void::3PP
com.fasterxml.jackson.datatype.jsr310.deser.key:YearKeyDeserializer:public:com.fasterxml.jackson.datatype.jsr310.deser.key.Jsr310KeyDeserializer::<init>:private:0::void::3PP
com.fasterxml.jackson.datatype.jsr310.deser.key:YearKeyDeserializer:public:com.fasterxml.jackson.datatype.jsr310.deser.key.Jsr310KeyDeserializer::deserialize:protected:2:java.lang.String,com.fasterxml.jackson.databind.DeserializationContext:java.time.Year::3PP
com.fasterxml.jackson.datatype.jsr310.deser.key:YearKeyDeserializer:public:com.fasterxml.jackson.datatype.jsr310.deser.key.Jsr310KeyDeserializer::deserialize:protected,volatile:2:java.lang.String,com.fasterxml.jackson.databind.DeserializationContext:java.lang.Object::3PP
com.fasterxml.jackson.datatype.jsr310.deser.key:YearKeyDeserializer:public:com.fasterxml.jackson.datatype.jsr310.deser.key.Jsr310KeyDeserializer::<clinit>:static:0::void::3PP
com.fasterxml.jackson.datatype.jsr310.deser.key:YearMothKeyDeserializer:public:com.fasterxml.jackson.datatype.jsr310.deser.key.Jsr310KeyDeserializer::<init>:private:0::void::3PP
com.fasterxml.jackson.datatype.jsr310.deser.key:YearMothKeyDeserializer:public:com.fasterxml.jackson.datatype.jsr310.deser.key.Jsr310KeyDeserializer::deserialize:protected:2:java.lang.String,com.fasterxml.jackson.databind.DeserializationContext:java.time.YearMonth::3PP
com.fasterxml.jackson.datatype.jsr310.deser.key:YearMothKeyDeserializer:public:com.fasterxml.jackson.datatype.jsr310.deser.key.Jsr310KeyDeserializer::deserialize:protected,volatile:2:java.lang.String,com.fasterxml.jackson.databind.DeserializationContext:java.lang.Object::3PP
com.fasterxml.jackson.datatype.jsr310.deser.key:YearMothKeyDeserializer:public:com.fasterxml.jackson.datatype.jsr310.deser.key.Jsr310KeyDeserializer::<clinit>:static:0::void::3PP
com.fasterxml.jackson.datatype.jsr310.deser.key:ZoneIdKeyDeserializer:public:com.fasterxml.jackson.datatype.jsr310.deser.key.Jsr310KeyDeserializer::<init>:private:0::void::3PP
com.fasterxml.jackson.datatype.jsr310.deser.key:ZoneIdKeyDeserializer:public:com.fasterxml.jackson.datatype.jsr310.deser.key.Jsr310KeyDeserializer::deserialize:protected:2:java.lang.String,com.fasterxml.jackson.databind.DeserializationContext:java.lang.Object::3PP
com.fasterxml.jackson.datatype.jsr310.deser.key:ZoneIdKeyDeserializer:public:com.fasterxml.jackson.datatype.jsr310.deser.key.Jsr310KeyDeserializer::<clinit>:static:0::void::3PP
com.fasterxml.jackson.datatype.jsr310.deser.key:ZoneOffsetKeyDeserializer:public:com.fasterxml.jackson.datatype.jsr310.deser.key.Jsr310KeyDeserializer::<init>:private:0::void::3PP
com.fasterxml.jackson.datatype.jsr310.deser.key:ZoneOffsetKeyDeserializer:public:com.fasterxml.jackson.datatype.jsr310.deser.key.Jsr310KeyDeserializer::deserialize:protected:2:java.lang.String,com.fasterxml.jackson.databind.DeserializationContext:java.time.ZoneOffset::3PP
com.fasterxml.jackson.datatype.jsr310.deser.key:ZoneOffsetKeyDeserializer:public:com.fasterxml.jackson.datatype.jsr310.deser.key.Jsr310KeyDeserializer::deserialize:protected,volatile:2:java.lang.String,com.fasterxml.jackson.databind.DeserializationContext:java.lang.Object::3PP
com.fasterxml.jackson.datatype.jsr310.deser.key:ZoneOffsetKeyDeserializer:public:com.fasterxml.jackson.datatype.jsr310.deser.key.Jsr310KeyDeserializer::<clinit>:static:0::void::3PP
com.fasterxml.jackson.datatype.jsr310.deser.key:ZonedDateTimeKeyDeserializer:public:com.fasterxml.jackson.datatype.jsr310.deser.key.Jsr310KeyDeserializer::<init>:private:0::void::3PP
com.fasterxml.jackson.datatype.jsr310.deser.key:ZonedDateTimeKeyDeserializer:public:com.fasterxml.jackson.datatype.jsr310.deser.key.Jsr310KeyDeserializer::deserialize:protected:2:java.lang.String,com.fasterxml.jackson.databind.DeserializationContext:java.time.ZonedDateTime::3PP
com.fasterxml.jackson.datatype.jsr310.deser.key:ZonedDateTimeKeyDeserializer:public:com.fasterxml.jackson.datatype.jsr310.deser.key.Jsr310KeyDeserializer::deserialize:protected,volatile:2:java.lang.String,com.fasterxml.jackson.databind.DeserializationContext:java.lang.Object::3PP
com.fasterxml.jackson.datatype.jsr310.deser.key:ZonedDateTimeKeyDeserializer:public:com.fasterxml.jackson.datatype.jsr310.deser.key.Jsr310KeyDeserializer::<clinit>:static:0::void::3PP
com.fasterxml.jackson.datatype.jsr310.ser:DurationSerializer:public:com.fasterxml.jackson.datatype.jsr310.ser.JSR310FormattedSerializerBase::<init>:private:0::void::3PP
com.fasterxml.jackson.datatype.jsr310.ser:DurationSerializer:public:com.fasterxml.jackson.datatype.jsr310.ser.JSR310FormattedSerializerBase::<init>:protected:3:com.fasterxml.jackson.datatype.jsr310.ser.DurationSerializer,java.lang.Boolean,java.time.format.DateTimeFormatter:void::3PP
com.fasterxml.jackson.datatype.jsr310.ser:DurationSerializer:public:com.fasterxml.jackson.datatype.jsr310.ser.JSR310FormattedSerializerBase::withFormat:protected:2:java.lang.Boolean,java.time.format.DateTimeFormatter:com.fasterxml.jackson.datatype.jsr310.ser.DurationSerializer::3PP
com.fasterxml.jackson.datatype.jsr310.ser:DurationSerializer:public:com.fasterxml.jackson.datatype.jsr310.ser.JSR310FormattedSerializerBase::serialize:public:3:java.time.Duration,com.fasterxml.jackson.core.JsonGenerator,com.fasterxml.jackson.databind.SerializerProvider:void::3PP
com.fasterxml.jackson.datatype.jsr310.ser:DurationSerializer:public:com.fasterxml.jackson.datatype.jsr310.ser.JSR310FormattedSerializerBase::_acceptTimestampVisitor:protected:2:com.fasterxml.jackson.databind.jsonFormatVisitors.JsonFormatVisitorWrapper,com.fasterxml.jackson.databind.JavaType:void::3PP
com.fasterxml.jackson.datatype.jsr310.ser:DurationSerializer:public:com.fasterxml.jackson.datatype.jsr310.ser.JSR310FormattedSerializerBase::acceptJsonFormatVisitor:public,volatile:2:com.fasterxml.jackson.databind.jsonFormatVisitors.JsonFormatVisitorWrapper,com.fasterxml.jackson.databind.JavaType:void::3PP
com.fasterxml.jackson.datatype.jsr310.ser:DurationSerializer:public:com.fasterxml.jackson.datatype.jsr310.ser.JSR310FormattedSerializerBase::getSchema:public,volatile:2:com.fasterxml.jackson.databind.SerializerProvider,java.lang.reflect.Type:com.fasterxml.jackson.databind.JsonNode::3PP
com.fasterxml.jackson.datatype.jsr310.ser:DurationSerializer:public:com.fasterxml.jackson.datatype.jsr310.ser.JSR310FormattedSerializerBase::createContextual:public,volatile:2:com.fasterxml.jackson.databind.SerializerProvider,com.fasterxml.jackson.databind.BeanProperty:com.fasterxml.jackson.databind.JsonSerializer::3PP
com.fasterxml.jackson.datatype.jsr310.ser:DurationSerializer:public:com.fasterxml.jackson.datatype.jsr310.ser.JSR310FormattedSerializerBase::withFormat:protected,volatile:2:java.lang.Boolean,java.time.format.DateTimeFormatter:com.fasterxml.jackson.datatype.jsr310.ser.JSR310FormattedSerializerBase::3PP
com.fasterxml.jackson.datatype.jsr310.ser:DurationSerializer:public:com.fasterxml.jackson.datatype.jsr310.ser.JSR310FormattedSerializerBase::serialize:public,volatile:3:java.lang.Object,com.fasterxml.jackson.core.JsonGenerator,com.fasterxml.jackson.databind.SerializerProvider:void::3PP
com.fasterxml.jackson.datatype.jsr310.ser:DurationSerializer:public:com.fasterxml.jackson.datatype.jsr310.ser.JSR310FormattedSerializerBase::<clinit>:static:0::void::3PP
com.fasterxml.jackson.datatype.jsr310.ser:InstantSerializer:public,final:com.fasterxml.jackson.datatype.jsr310.ser.InstantSerializerBase::<init>:protected:0::void::3PP
com.fasterxml.jackson.datatype.jsr310.ser:InstantSerializer:public,final:com.fasterxml.jackson.datatype.jsr310.ser.InstantSerializerBase::<init>:protected:3:com.fasterxml.jackson.datatype.jsr310.ser.InstantSerializer,java.lang.Boolean,java.time.format.DateTimeFormatter:void::3PP
com.fasterxml.jackson.datatype.jsr310.ser:InstantSerializer:public,final:com.fasterxml.jackson.datatype.jsr310.ser.InstantSerializerBase::withFormat:protected:2:java.lang.Boolean,java.time.format.DateTimeFormatter:com.fasterxml.jackson.datatype.jsr310.ser.JSR310FormattedSerializerBase::3PP
com.fasterxml.jackson.datatype.jsr310.ser:InstantSerializer:public,final:com.fasterxml.jackson.datatype.jsr310.ser.InstantSerializerBase::<clinit>:static:0::void::3PP
com.fasterxml.jackson.datatype.jsr310.ser:InstantSerializerBase:public,abstract:com.fasterxml.jackson.datatype.jsr310.ser.JSR310FormattedSerializerBase::<init>:protected:5:java.lang.Class,java.util.function.ToLongFunction,java.util.function.ToLongFunction,java.util.function.ToIntFunction,java.time.format.DateTimeFormatter:void::3PP
com.fasterxml.jackson.datatype.jsr310.ser:InstantSerializerBase:public,abstract:com.fasterxml.jackson.datatype.jsr310.ser.JSR310FormattedSerializerBase::<init>:protected:3:com.fasterxml.jackson.datatype.jsr310.ser.InstantSerializerBase,java.lang.Boolean,java.time.format.DateTimeFormatter:void::3PP
com.fasterxml.jackson.datatype.jsr310.ser:InstantSerializerBase:public,abstract:com.fasterxml.jackson.datatype.jsr310.ser.JSR310FormattedSerializerBase::withFormat:protected,abstract:2:java.lang.Boolean,java.time.format.DateTimeFormatter:com.fasterxml.jackson.datatype.jsr310.ser.JSR310FormattedSerializerBase::3PP
com.fasterxml.jackson.datatype.jsr310.ser:InstantSerializerBase:public,abstract:com.fasterxml.jackson.datatype.jsr310.ser.JSR310FormattedSerializerBase::serialize:public:3:java.time.temporal.Temporal,com.fasterxml.jackson.core.JsonGenerator,com.fasterxml.jackson.databind.SerializerProvider:void::3PP
com.fasterxml.jackson.datatype.jsr310.ser:InstantSerializerBase:public,abstract:com.fasterxml.jackson.datatype.jsr310.ser.JSR310FormattedSerializerBase::_acceptTimestampVisitor:protected:2:com.fasterxml.jackson.databind.jsonFormatVisitors.JsonFormatVisitorWrapper,com.fasterxml.jackson.databind.JavaType:void::3PP
com.fasterxml.jackson.datatype.jsr310.ser:InstantSerializerBase:public,abstract:com.fasterxml.jackson.datatype.jsr310.ser.JSR310FormattedSerializerBase::acceptJsonFormatVisitor:public,volatile:2:com.fasterxml.jackson.databind.jsonFormatVisitors.JsonFormatVisitorWrapper,com.fasterxml.jackson.databind.JavaType:void::3PP
com.fasterxml.jackson.datatype.jsr310.ser:InstantSerializerBase:public,abstract:com.fasterxml.jackson.datatype.jsr310.ser.JSR310FormattedSerializerBase::getSchema:public,volatile:2:com.fasterxml.jackson.databind.SerializerProvider,java.lang.reflect.Type:com.fasterxml.jackson.databind.JsonNode::3PP
com.fasterxml.jackson.datatype.jsr310.ser:InstantSerializerBase:public,abstract:com.fasterxml.jackson.datatype.jsr310.ser.JSR310FormattedSerializerBase::createContextual:public,volatile:2:com.fasterxml.jackson.databind.SerializerProvider,com.fasterxml.jackson.databind.BeanProperty:com.fasterxml.jackson.databind.JsonSerializer::3PP
com.fasterxml.jackson.datatype.jsr310.ser:InstantSerializerBase:public,abstract:com.fasterxml.jackson.datatype.jsr310.ser.JSR310FormattedSerializerBase::serialize:public,volatile:3:java.lang.Object,com.fasterxml.jackson.core.JsonGenerator,com.fasterxml.jackson.databind.SerializerProvider:void::3PP
com.fasterxml.jackson.datatype.jsr310.ser:JSR310FormattedSerializerBase:abstract:com.fasterxml.jackson.datatype.jsr310.ser.JSR310SerializerBase:com.fasterxml.jackson.databind.ser.ContextualSerializer:<init>:protected:1:java.lang.Class:void::3PP
com.fasterxml.jackson.datatype.jsr310.ser:JSR310FormattedSerializerBase:abstract:com.fasterxml.jackson.datatype.jsr310.ser.JSR310SerializerBase:com.fasterxml.jackson.databind.ser.ContextualSerializer:<init>:protected:2:java.lang.Class,java.time.format.DateTimeFormatter:void::3PP
com.fasterxml.jackson.datatype.jsr310.ser:JSR310FormattedSerializerBase:abstract:com.fasterxml.jackson.datatype.jsr310.ser.JSR310SerializerBase:com.fasterxml.jackson.databind.ser.ContextualSerializer:<init>:protected:3:com.fasterxml.jackson.datatype.jsr310.ser.JSR310FormattedSerializerBase,java.lang.Boolean,java.time.format.DateTimeFormatter:void::3PP
com.fasterxml.jackson.datatype.jsr310.ser:JSR310FormattedSerializerBase:abstract:com.fasterxml.jackson.datatype.jsr310.ser.JSR310SerializerBase:com.fasterxml.jackson.databind.ser.ContextualSerializer:withFormat:protected,abstract:2:java.lang.Boolean,java.time.format.DateTimeFormatter:com.fasterxml.jackson.datatype.jsr310.ser.JSR310FormattedSerializerBase::3PP
com.fasterxml.jackson.datatype.jsr310.ser:JSR310FormattedSerializerBase:abstract:com.fasterxml.jackson.datatype.jsr310.ser.JSR310SerializerBase:com.fasterxml.jackson.databind.ser.ContextualSerializer:withFeatures:protected:1:java.lang.Boolean:com.fasterxml.jackson.datatype.jsr310.ser.JSR310FormattedSerializerBase::3PP
com.fasterxml.jackson.datatype.jsr310.ser:JSR310FormattedSerializerBase:abstract:com.fasterxml.jackson.datatype.jsr310.ser.JSR310SerializerBase:com.fasterxml.jackson.databind.ser.ContextualSerializer:createContextual:public:2:com.fasterxml.jackson.databind.SerializerProvider,com.fasterxml.jackson.databind.BeanProperty:com.fasterxml.jackson.databind.JsonSerializer::3PP
com.fasterxml.jackson.datatype.jsr310.ser:JSR310FormattedSerializerBase:abstract:com.fasterxml.jackson.datatype.jsr310.ser.JSR310SerializerBase:com.fasterxml.jackson.databind.ser.ContextualSerializer:getSchema:public:2:com.fasterxml.jackson.databind.SerializerProvider,java.lang.reflect.Type:com.fasterxml.jackson.databind.JsonNode::3PP
com.fasterxml.jackson.datatype.jsr310.ser:JSR310FormattedSerializerBase:abstract:com.fasterxml.jackson.datatype.jsr310.ser.JSR310SerializerBase:com.fasterxml.jackson.databind.ser.ContextualSerializer:acceptJsonFormatVisitor:public:2:com.fasterxml.jackson.databind.jsonFormatVisitors.JsonFormatVisitorWrapper,com.fasterxml.jackson.databind.JavaType:void::3PP
com.fasterxml.jackson.datatype.jsr310.ser:JSR310FormattedSerializerBase:abstract:com.fasterxml.jackson.datatype.jsr310.ser.JSR310SerializerBase:com.fasterxml.jackson.databind.ser.ContextualSerializer:_acceptTimestampVisitor:protected:2:com.fasterxml.jackson.databind.jsonFormatVisitors.JsonFormatVisitorWrapper,com.fasterxml.jackson.databind.JavaType:void::3PP
com.fasterxml.jackson.datatype.jsr310.ser:JSR310FormattedSerializerBase:abstract:com.fasterxml.jackson.datatype.jsr310.ser.JSR310SerializerBase:com.fasterxml.jackson.databind.ser.ContextualSerializer:useTimestamp:protected:1:com.fasterxml.jackson.databind.SerializerProvider:boolean::3PP
com.fasterxml.jackson.datatype.jsr310.ser:JSR310FormattedSerializerBase:abstract:com.fasterxml.jackson.datatype.jsr310.ser.JSR310SerializerBase:com.fasterxml.jackson.databind.ser.ContextualSerializer:_useTimestampExplicitOnly:protected:1:com.fasterxml.jackson.databind.SerializerProvider:boolean::3PP
com.fasterxml.jackson.datatype.jsr310.ser:JSR310SerializerBase:abstract:com.fasterxml.jackson.databind.ser.std.StdSerializer::<init>:protected:1:java.lang.Class:void::3PP
com.fasterxml.jackson.datatype.jsr310.ser:JSR310SerializerBase:abstract:com.fasterxml.jackson.databind.ser.std.StdSerializer::serializeWithType:public:4:java.lang.Object,com.fasterxml.jackson.core.JsonGenerator,com.fasterxml.jackson.databind.SerializerProvider,com.fasterxml.jackson.databind.jsontype.TypeSerializer:void::3PP
com.fasterxml.jackson.datatype.jsr310.ser:LocalDateSerializer:public:com.fasterxml.jackson.datatype.jsr310.ser.JSR310FormattedSerializerBase::<init>:protected:0::void::3PP
com.fasterxml.jackson.datatype.jsr310.ser:LocalDateSerializer:public:com.fasterxml.jackson.datatype.jsr310.ser.JSR310FormattedSerializerBase::<init>:protected:3:com.fasterxml.jackson.datatype.jsr310.ser.LocalDateSerializer,java.lang.Boolean,java.time.format.DateTimeFormatter:void::3PP
com.fasterxml.jackson.datatype.jsr310.ser:LocalDateSerializer:public:com.fasterxml.jackson.datatype.jsr310.ser.JSR310FormattedSerializerBase::<init>:public:1:java.time.format.DateTimeFormatter:void::3PP
com.fasterxml.jackson.datatype.jsr310.ser:LocalDateSerializer:public:com.fasterxml.jackson.datatype.jsr310.ser.JSR310FormattedSerializerBase::withFormat:protected:2:java.lang.Boolean,java.time.format.DateTimeFormatter:com.fasterxml.jackson.datatype.jsr310.ser.LocalDateSerializer::3PP
com.fasterxml.jackson.datatype.jsr310.ser:LocalDateSerializer:public:com.fasterxml.jackson.datatype.jsr310.ser.JSR310FormattedSerializerBase::serialize:public:3:java.time.LocalDate,com.fasterxml.jackson.core.JsonGenerator,com.fasterxml.jackson.databind.SerializerProvider:void::3PP
com.fasterxml.jackson.datatype.jsr310.ser:LocalDateSerializer:public:com.fasterxml.jackson.datatype.jsr310.ser.JSR310FormattedSerializerBase::acceptJsonFormatVisitor:public:2:com.fasterxml.jackson.databind.jsonFormatVisitors.JsonFormatVisitorWrapper,com.fasterxml.jackson.databind.JavaType:void::3PP
com.fasterxml.jackson.datatype.jsr310.ser:LocalDateSerializer:public:com.fasterxml.jackson.datatype.jsr310.ser.JSR310FormattedSerializerBase::getSchema:public,volatile:2:com.fasterxml.jackson.databind.SerializerProvider,java.lang.reflect.Type:com.fasterxml.jackson.databind.JsonNode::3PP
com.fasterxml.jackson.datatype.jsr310.ser:LocalDateSerializer:public:com.fasterxml.jackson.datatype.jsr310.ser.JSR310FormattedSerializerBase::createContextual:public,volatile:2:com.fasterxml.jackson.databind.SerializerProvider,com.fasterxml.jackson.databind.BeanProperty:com.fasterxml.jackson.databind.JsonSerializer::3PP
com.fasterxml.jackson.datatype.jsr310.ser:LocalDateSerializer:public:com.fasterxml.jackson.datatype.jsr310.ser.JSR310FormattedSerializerBase::withFormat:protected,volatile:2:java.lang.Boolean,java.time.format.DateTimeFormatter:com.fasterxml.jackson.datatype.jsr310.ser.JSR310FormattedSerializerBase::3PP
com.fasterxml.jackson.datatype.jsr310.ser:LocalDateSerializer:public:com.fasterxml.jackson.datatype.jsr310.ser.JSR310FormattedSerializerBase::serialize:public,volatile:3:java.lang.Object,com.fasterxml.jackson.core.JsonGenerator,com.fasterxml.jackson.databind.SerializerProvider:void::3PP
com.fasterxml.jackson.datatype.jsr310.ser:LocalDateSerializer:public:com.fasterxml.jackson.datatype.jsr310.ser.JSR310FormattedSerializerBase::<clinit>:static:0::void::3PP
com.fasterxml.jackson.datatype.jsr310.ser:LocalDateTimeSerializer:public:com.fasterxml.jackson.datatype.jsr310.ser.JSR310FormattedSerializerBase::<init>:protected:0::void::3PP
com.fasterxml.jackson.datatype.jsr310.ser:LocalDateTimeSerializer:public:com.fasterxml.jackson.datatype.jsr310.ser.JSR310FormattedSerializerBase::<init>:public:1:java.time.format.DateTimeFormatter:void::3PP
com.fasterxml.jackson.datatype.jsr310.ser:LocalDateTimeSerializer:public:com.fasterxml.jackson.datatype.jsr310.ser.JSR310FormattedSerializerBase::<init>:private:3:com.fasterxml.jackson.datatype.jsr310.ser.LocalDateTimeSerializer,java.lang.Boolean,java.time.format.DateTimeFormatter:void::3PP
com.fasterxml.jackson.datatype.jsr310.ser:LocalDateTimeSerializer:public:com.fasterxml.jackson.datatype.jsr310.ser.JSR310FormattedSerializerBase::withFormat:protected:2:java.lang.Boolean,java.time.format.DateTimeFormatter:com.fasterxml.jackson.datatype.jsr310.ser.JSR310FormattedSerializerBase::3PP
com.fasterxml.jackson.datatype.jsr310.ser:LocalDateTimeSerializer:public:com.fasterxml.jackson.datatype.jsr310.ser.JSR310FormattedSerializerBase::serialize:public:3:java.time.LocalDateTime,com.fasterxml.jackson.core.JsonGenerator,com.fasterxml.jackson.databind.SerializerProvider:void::3PP
com.fasterxml.jackson.datatype.jsr310.ser:LocalDateTimeSerializer:public:com.fasterxml.jackson.datatype.jsr310.ser.JSR310FormattedSerializerBase::_defaultFormatter:protected:0::java.time.format.DateTimeFormatter::3PP
com.fasterxml.jackson.datatype.jsr310.ser:LocalDateTimeSerializer:public:com.fasterxml.jackson.datatype.jsr310.ser.JSR310FormattedSerializerBase::acceptJsonFormatVisitor:public,volatile:2:com.fasterxml.jackson.databind.jsonFormatVisitors.JsonFormatVisitorWrapper,com.fasterxml.jackson.databind.JavaType:void::3PP
com.fasterxml.jackson.datatype.jsr310.ser:LocalDateTimeSerializer:public:com.fasterxml.jackson.datatype.jsr310.ser.JSR310FormattedSerializerBase::getSchema:public,volatile:2:com.fasterxml.jackson.databind.SerializerProvider,java.lang.reflect.Type:com.fasterxml.jackson.databind.JsonNode::3PP
com.fasterxml.jackson.datatype.jsr310.ser:LocalDateTimeSerializer:public:com.fasterxml.jackson.datatype.jsr310.ser.JSR310FormattedSerializerBase::createContextual:public,volatile:2:com.fasterxml.jackson.databind.SerializerProvider,com.fasterxml.jackson.databind.BeanProperty:com.fasterxml.jackson.databind.JsonSerializer::3PP
com.fasterxml.jackson.datatype.jsr310.ser:LocalDateTimeSerializer:public:com.fasterxml.jackson.datatype.jsr310.ser.JSR310FormattedSerializerBase::serialize:public,volatile:3:java.lang.Object,com.fasterxml.jackson.core.JsonGenerator,com.fasterxml.jackson.databind.SerializerProvider:void::3PP
com.fasterxml.jackson.datatype.jsr310.ser:LocalDateTimeSerializer:public:com.fasterxml.jackson.datatype.jsr310.ser.JSR310FormattedSerializerBase::<clinit>:static:0::void::3PP
com.fasterxml.jackson.datatype.jsr310.ser:LocalTimeSerializer:public:com.fasterxml.jackson.datatype.jsr310.ser.JSR310FormattedSerializerBase::<init>:protected:0::void::3PP
com.fasterxml.jackson.datatype.jsr310.ser:LocalTimeSerializer:public:com.fasterxml.jackson.datatype.jsr310.ser.JSR310FormattedSerializerBase::<init>:public:1:java.time.format.DateTimeFormatter:void::3PP
com.fasterxml.jackson.datatype.jsr310.ser:LocalTimeSerializer:public:com.fasterxml.jackson.datatype.jsr310.ser.JSR310FormattedSerializerBase::<init>:protected:3:com.fasterxml.jackson.datatype.jsr310.ser.LocalTimeSerializer,java.lang.Boolean,java.time.format.DateTimeFormatter:void::3PP
com.fasterxml.jackson.datatype.jsr310.ser:LocalTimeSerializer:public:com.fasterxml.jackson.datatype.jsr310.ser.JSR310FormattedSerializerBase::withFormat:protected:2:java.lang.Boolean,java.time.format.DateTimeFormatter:com.fasterxml.jackson.datatype.jsr310.ser.JSR310FormattedSerializerBase::3PP
com.fasterxml.jackson.datatype.jsr310.ser:LocalTimeSerializer:public:com.fasterxml.jackson.datatype.jsr310.ser.JSR310FormattedSerializerBase::serialize:public:3:java.time.LocalTime,com.fasterxml.jackson.core.JsonGenerator,com.fasterxml.jackson.databind.SerializerProvider:void::3PP
com.fasterxml.jackson.datatype.jsr310.ser:LocalTimeSerializer:public:com.fasterxml.jackson.datatype.jsr310.ser.JSR310FormattedSerializerBase::_defaultFormatter:protected:0::java.time.format.DateTimeFormatter::3PP
com.fasterxml.jackson.datatype.jsr310.ser:LocalTimeSerializer:public:com.fasterxml.jackson.datatype.jsr310.ser.JSR310FormattedSerializerBase::acceptJsonFormatVisitor:public,volatile:2:com.fasterxml.jackson.databind.jsonFormatVisitors.JsonFormatVisitorWrapper,com.fasterxml.jackson.databind.JavaType:void::3PP
com.fasterxml.jackson.datatype.jsr310.ser:LocalTimeSerializer:public:com.fasterxml.jackson.datatype.jsr310.ser.JSR310FormattedSerializerBase::getSchema:public,volatile:2:com.fasterxml.jackson.databind.SerializerProvider,java.lang.reflect.Type:com.fasterxml.jackson.databind.JsonNode::3PP
com.fasterxml.jackson.datatype.jsr310.ser:LocalTimeSerializer:public:com.fasterxml.jackson.datatype.jsr310.ser.JSR310FormattedSerializerBase::createContextual:public,volatile:2:com.fasterxml.jackson.databind.SerializerProvider,com.fasterxml.jackson.databind.BeanProperty:com.fasterxml.jackson.databind.JsonSerializer::3PP
com.fasterxml.jackson.datatype.jsr310.ser:LocalTimeSerializer:public:com.fasterxml.jackson.datatype.jsr310.ser.JSR310FormattedSerializerBase::serialize:public,volatile:3:java.lang.Object,com.fasterxml.jackson.core.JsonGenerator,com.fasterxml.jackson.databind.SerializerProvider:void::3PP
com.fasterxml.jackson.datatype.jsr310.ser:LocalTimeSerializer:public:com.fasterxml.jackson.datatype.jsr310.ser.JSR310FormattedSerializerBase::<clinit>:static:0::void::3PP
com.fasterxml.jackson.datatype.jsr310.ser:MonthDaySerializer:public:com.fasterxml.jackson.datatype.jsr310.ser.JSR310FormattedSerializerBase::<init>:private:0::void::3PP
com.fasterxml.jackson.datatype.jsr310.ser:MonthDaySerializer:public:com.fasterxml.jackson.datatype.jsr310.ser.JSR310FormattedSerializerBase::<init>:public:1:java.time.format.DateTimeFormatter:void::3PP
com.fasterxml.jackson.datatype.jsr310.ser:MonthDaySerializer:public:com.fasterxml.jackson.datatype.jsr310.ser.JSR310FormattedSerializerBase::<init>:private:3:com.fasterxml.jackson.datatype.jsr310.ser.MonthDaySerializer,java.lang.Boolean,java.time.format.DateTimeFormatter:void::3PP
com.fasterxml.jackson.datatype.jsr310.ser:MonthDaySerializer:public:com.fasterxml.jackson.datatype.jsr310.ser.JSR310FormattedSerializerBase::withFormat:protected:2:java.lang.Boolean,java.time.format.DateTimeFormatter:com.fasterxml.jackson.datatype.jsr310.ser.MonthDaySerializer::3PP
com.fasterxml.jackson.datatype.jsr310.ser:MonthDaySerializer:public:com.fasterxml.jackson.datatype.jsr310.ser.JSR310FormattedSerializerBase::serialize:public:3:java.time.MonthDay,com.fasterxml.jackson.core.JsonGenerator,com.fasterxml.jackson.databind.SerializerProvider:void::3PP
com.fasterxml.jackson.datatype.jsr310.ser:MonthDaySerializer:public:com.fasterxml.jackson.datatype.jsr310.ser.JSR310FormattedSerializerBase::_acceptTimestampVisitor:protected:2:com.fasterxml.jackson.databind.jsonFormatVisitors.JsonFormatVisitorWrapper,com.fasterxml.jackson.databind.JavaType:void::3PP
com.fasterxml.jackson.datatype.jsr310.ser:MonthDaySerializer:public:com.fasterxml.jackson.datatype.jsr310.ser.JSR310FormattedSerializerBase::acceptJsonFormatVisitor:public,volatile:2:com.fasterxml.jackson.databind.jsonFormatVisitors.JsonFormatVisitorWrapper,com.fasterxml.jackson.databind.JavaType:void::3PP
com.fasterxml.jackson.datatype.jsr310.ser:MonthDaySerializer:public:com.fasterxml.jackson.datatype.jsr310.ser.JSR310FormattedSerializerBase::getSchema:public,volatile:2:com.fasterxml.jackson.databind.SerializerProvider,java.lang.reflect.Type:com.fasterxml.jackson.databind.JsonNode::3PP
com.fasterxml.jackson.datatype.jsr310.ser:MonthDaySerializer:public:com.fasterxml.jackson.datatype.jsr310.ser.JSR310FormattedSerializerBase::createContextual:public,volatile:2:com.fasterxml.jackson.databind.SerializerProvider,com.fasterxml.jackson.databind.BeanProperty:com.fasterxml.jackson.databind.JsonSerializer::3PP
com.fasterxml.jackson.datatype.jsr310.ser:MonthDaySerializer:public:com.fasterxml.jackson.datatype.jsr310.ser.JSR310FormattedSerializerBase::withFormat:protected,volatile:2:java.lang.Boolean,java.time.format.DateTimeFormatter:com.fasterxml.jackson.datatype.jsr310.ser.JSR310FormattedSerializerBase::3PP
com.fasterxml.jackson.datatype.jsr310.ser:MonthDaySerializer:public:com.fasterxml.jackson.datatype.jsr310.ser.JSR310FormattedSerializerBase::serialize:public,volatile:3:java.lang.Object,com.fasterxml.jackson.core.JsonGenerator,com.fasterxml.jackson.databind.SerializerProvider:void::3PP
com.fasterxml.jackson.datatype.jsr310.ser:MonthDaySerializer:public:com.fasterxml.jackson.datatype.jsr310.ser.JSR310FormattedSerializerBase::<clinit>:static:0::void::3PP
com.fasterxml.jackson.datatype.jsr310.ser:OffsetDateTimeSerializer:public:com.fasterxml.jackson.datatype.jsr310.ser.InstantSerializerBase::<init>:protected:0::void::3PP
com.fasterxml.jackson.datatype.jsr310.ser:OffsetDateTimeSerializer:public:com.fasterxml.jackson.datatype.jsr310.ser.InstantSerializerBase::<init>:protected:3:com.fasterxml.jackson.datatype.jsr310.ser.OffsetDateTimeSerializer,java.lang.Boolean,java.time.format.DateTimeFormatter:void::3PP
com.fasterxml.jackson.datatype.jsr310.ser:OffsetDateTimeSerializer:public:com.fasterxml.jackson.datatype.jsr310.ser.InstantSerializerBase::withFormat:protected:2:java.lang.Boolean,java.time.format.DateTimeFormatter:com.fasterxml.jackson.datatype.jsr310.ser.JSR310FormattedSerializerBase::3PP
com.fasterxml.jackson.datatype.jsr310.ser:OffsetDateTimeSerializer:public:com.fasterxml.jackson.datatype.jsr310.ser.InstantSerializerBase::lambda$new$0:private,static:1:java.time.OffsetDateTime:long::3PP
com.fasterxml.jackson.datatype.jsr310.ser:OffsetDateTimeSerializer:public:com.fasterxml.jackson.datatype.jsr310.ser.InstantSerializerBase::<clinit>:static:0::void::3PP
com.fasterxml.jackson.datatype.jsr310.ser:OffsetTimeSerializer:public:com.fasterxml.jackson.datatype.jsr310.ser.JSR310FormattedSerializerBase::<init>:protected:0::void::3PP
com.fasterxml.jackson.datatype.jsr310.ser:OffsetTimeSerializer:public:com.fasterxml.jackson.datatype.jsr310.ser.JSR310FormattedSerializerBase::<init>:protected:3:com.fasterxml.jackson.datatype.jsr310.ser.OffsetTimeSerializer,java.lang.Boolean,java.time.format.DateTimeFormatter:void::3PP
com.fasterxml.jackson.datatype.jsr310.ser:OffsetTimeSerializer:public:com.fasterxml.jackson.datatype.jsr310.ser.JSR310FormattedSerializerBase::withFormat:protected:2:java.lang.Boolean,java.time.format.DateTimeFormatter:com.fasterxml.jackson.datatype.jsr310.ser.OffsetTimeSerializer::3PP
com.fasterxml.jackson.datatype.jsr310.ser:OffsetTimeSerializer:public:com.fasterxml.jackson.datatype.jsr310.ser.JSR310FormattedSerializerBase::serialize:public:3:java.time.OffsetTime,com.fasterxml.jackson.core.JsonGenerator,com.fasterxml.jackson.databind.SerializerProvider:void::3PP
com.fasterxml.jackson.datatype.jsr310.ser:OffsetTimeSerializer:public:com.fasterxml.jackson.datatype.jsr310.ser.JSR310FormattedSerializerBase::acceptJsonFormatVisitor:public,volatile:2:com.fasterxml.jackson.databind.jsonFormatVisitors.JsonFormatVisitorWrapper,com.fasterxml.jackson.databind.JavaType:void::3PP
com.fasterxml.jackson.datatype.jsr310.ser:OffsetTimeSerializer:public:com.fasterxml.jackson.datatype.jsr310.ser.JSR310FormattedSerializerBase::getSchema:public,volatile:2:com.fasterxml.jackson.databind.SerializerProvider,java.lang.reflect.Type:com.fasterxml.jackson.databind.JsonNode::3PP
com.fasterxml.jackson.datatype.jsr310.ser:OffsetTimeSerializer:public:com.fasterxml.jackson.datatype.jsr310.ser.JSR310FormattedSerializerBase::createContextual:public,volatile:2:com.fasterxml.jackson.databind.SerializerProvider,com.fasterxml.jackson.databind.BeanProperty:com.fasterxml.jackson.databind.JsonSerializer::3PP
com.fasterxml.jackson.datatype.jsr310.ser:OffsetTimeSerializer:public:com.fasterxml.jackson.datatype.jsr310.ser.JSR310FormattedSerializerBase::withFormat:protected,volatile:2:java.lang.Boolean,java.time.format.DateTimeFormatter:com.fasterxml.jackson.datatype.jsr310.ser.JSR310FormattedSerializerBase::3PP
com.fasterxml.jackson.datatype.jsr310.ser:OffsetTimeSerializer:public:com.fasterxml.jackson.datatype.jsr310.ser.JSR310FormattedSerializerBase::serialize:public,volatile:3:java.lang.Object,com.fasterxml.jackson.core.JsonGenerator,com.fasterxml.jackson.databind.SerializerProvider:void::3PP
com.fasterxml.jackson.datatype.jsr310.ser:OffsetTimeSerializer:public:com.fasterxml.jackson.datatype.jsr310.ser.JSR310FormattedSerializerBase::<clinit>:static:0::void::3PP
com.fasterxml.jackson.datatype.jsr310.ser:YearMonthSerializer:public:com.fasterxml.jackson.datatype.jsr310.ser.JSR310FormattedSerializerBase::<init>:private:0::void::3PP
com.fasterxml.jackson.datatype.jsr310.ser:YearMonthSerializer:public:com.fasterxml.jackson.datatype.jsr310.ser.JSR310FormattedSerializerBase::<init>:public:1:java.time.format.DateTimeFormatter:void::3PP
com.fasterxml.jackson.datatype.jsr310.ser:YearMonthSerializer:public:com.fasterxml.jackson.datatype.jsr310.ser.JSR310FormattedSerializerBase::<init>:private:3:com.fasterxml.jackson.datatype.jsr310.ser.YearMonthSerializer,java.lang.Boolean,java.time.format.DateTimeFormatter:void::3PP
com.fasterxml.jackson.datatype.jsr310.ser:YearMonthSerializer:public:com.fasterxml.jackson.datatype.jsr310.ser.JSR310FormattedSerializerBase::withFormat:protected:2:java.lang.Boolean,java.time.format.DateTimeFormatter:com.fasterxml.jackson.datatype.jsr310.ser.YearMonthSerializer::3PP
com.fasterxml.jackson.datatype.jsr310.ser:YearMonthSerializer:public:com.fasterxml.jackson.datatype.jsr310.ser.JSR310FormattedSerializerBase::serialize:public:3:java.time.YearMonth,com.fasterxml.jackson.core.JsonGenerator,com.fasterxml.jackson.databind.SerializerProvider:void::3PP
com.fasterxml.jackson.datatype.jsr310.ser:YearMonthSerializer:public:com.fasterxml.jackson.datatype.jsr310.ser.JSR310FormattedSerializerBase::_acceptTimestampVisitor:protected:2:com.fasterxml.jackson.databind.jsonFormatVisitors.JsonFormatVisitorWrapper,com.fasterxml.jackson.databind.JavaType:void::3PP
com.fasterxml.jackson.datatype.jsr310.ser:YearMonthSerializer:public:com.fasterxml.jackson.datatype.jsr310.ser.JSR310FormattedSerializerBase::acceptJsonFormatVisitor:public,volatile:2:com.fasterxml.jackson.databind.jsonFormatVisitors.JsonFormatVisitorWrapper,com.fasterxml.jackson.databind.JavaType:void::3PP
com.fasterxml.jackson.datatype.jsr310.ser:YearMonthSerializer:public:com.fasterxml.jackson.datatype.jsr310.ser.JSR310FormattedSerializerBase::getSchema:public,volatile:2:com.fasterxml.jackson.databind.SerializerProvider,java.lang.reflect.Type:com.fasterxml.jackson.databind.JsonNode::3PP
com.fasterxml.jackson.datatype.jsr310.ser:YearMonthSerializer:public:com.fasterxml.jackson.datatype.jsr310.ser.JSR310FormattedSerializerBase::createContextual:public,volatile:2:com.fasterxml.jackson.databind.SerializerProvider,com.fasterxml.jackson.databind.BeanProperty:com.fasterxml.jackson.databind.JsonSerializer::3PP
com.fasterxml.jackson.datatype.jsr310.ser:YearMonthSerializer:public:com.fasterxml.jackson.datatype.jsr310.ser.JSR310FormattedSerializerBase::withFormat:protected,volatile:2:java.lang.Boolean,java.time.format.DateTimeFormatter:com.fasterxml.jackson.datatype.jsr310.ser.JSR310FormattedSerializerBase::3PP
com.fasterxml.jackson.datatype.jsr310.ser:YearMonthSerializer:public:com.fasterxml.jackson.datatype.jsr310.ser.JSR310FormattedSerializerBase::serialize:public,volatile:3:java.lang.Object,com.fasterxml.jackson.core.JsonGenerator,com.fasterxml.jackson.databind.SerializerProvider:void::3PP
com.fasterxml.jackson.datatype.jsr310.ser:YearMonthSerializer:public:com.fasterxml.jackson.datatype.jsr310.ser.JSR310FormattedSerializerBase::<clinit>:static:0::void::3PP
com.fasterxml.jackson.datatype.jsr310.ser:YearSerializer:public:com.fasterxml.jackson.datatype.jsr310.ser.JSR310FormattedSerializerBase::<init>:protected:0::void::3PP
com.fasterxml.jackson.datatype.jsr310.ser:YearSerializer:public:com.fasterxml.jackson.datatype.jsr310.ser.JSR310FormattedSerializerBase::<init>:public:1:java.time.format.DateTimeFormatter:void::3PP
com.fasterxml.jackson.datatype.jsr310.ser:YearSerializer:public:com.fasterxml.jackson.datatype.jsr310.ser.JSR310FormattedSerializerBase::<init>:protected:3:com.fasterxml.jackson.datatype.jsr310.ser.YearSerializer,java.lang.Boolean,java.time.format.DateTimeFormatter:void::3PP
com.fasterxml.jackson.datatype.jsr310.ser:YearSerializer:public:com.fasterxml.jackson.datatype.jsr310.ser.JSR310FormattedSerializerBase::withFormat:protected:2:java.lang.Boolean,java.time.format.DateTimeFormatter:com.fasterxml.jackson.datatype.jsr310.ser.YearSerializer::3PP
com.fasterxml.jackson.datatype.jsr310.ser:YearSerializer:public:com.fasterxml.jackson.datatype.jsr310.ser.JSR310FormattedSerializerBase::serialize:public:3:java.time.Year,com.fasterxml.jackson.core.JsonGenerator,com.fasterxml.jackson.databind.SerializerProvider:void::3PP
com.fasterxml.jackson.datatype.jsr310.ser:YearSerializer:public:com.fasterxml.jackson.datatype.jsr310.ser.JSR310FormattedSerializerBase::_acceptTimestampVisitor:protected:2:com.fasterxml.jackson.databind.jsonFormatVisitors.JsonFormatVisitorWrapper,com.fasterxml.jackson.databind.JavaType:void::3PP
com.fasterxml.jackson.datatype.jsr310.ser:YearSerializer:public:com.fasterxml.jackson.datatype.jsr310.ser.JSR310FormattedSerializerBase::acceptJsonFormatVisitor:public,volatile:2:com.fasterxml.jackson.databind.jsonFormatVisitors.JsonFormatVisitorWrapper,com.fasterxml.jackson.databind.JavaType:void::3PP
com.fasterxml.jackson.datatype.jsr310.ser:YearSerializer:public:com.fasterxml.jackson.datatype.jsr310.ser.JSR310FormattedSerializerBase::getSchema:public,volatile:2:com.fasterxml.jackson.databind.SerializerProvider,java.lang.reflect.Type:com.fasterxml.jackson.databind.JsonNode::3PP
com.fasterxml.jackson.datatype.jsr310.ser:YearSerializer:public:com.fasterxml.jackson.datatype.jsr310.ser.JSR310FormattedSerializerBase::createContextual:public,volatile:2:com.fasterxml.jackson.databind.SerializerProvider,com.fasterxml.jackson.databind.BeanProperty:com.fasterxml.jackson.databind.JsonSerializer::3PP
com.fasterxml.jackson.datatype.jsr310.ser:YearSerializer:public:com.fasterxml.jackson.datatype.jsr310.ser.JSR310FormattedSerializerBase::withFormat:protected,volatile:2:java.lang.Boolean,java.time.format.DateTimeFormatter:com.fasterxml.jackson.datatype.jsr310.ser.JSR310FormattedSerializerBase::3PP
com.fasterxml.jackson.datatype.jsr310.ser:YearSerializer:public:com.fasterxml.jackson.datatype.jsr310.ser.JSR310FormattedSerializerBase::serialize:public,volatile:3:java.lang.Object,com.fasterxml.jackson.core.JsonGenerator,com.fasterxml.jackson.databind.SerializerProvider:void::3PP
com.fasterxml.jackson.datatype.jsr310.ser:YearSerializer:public:com.fasterxml.jackson.datatype.jsr310.ser.JSR310FormattedSerializerBase::<clinit>:static:0::void::3PP
com.fasterxml.jackson.datatype.jsr310.ser:ZonedDateTimeSerializer:public:com.fasterxml.jackson.datatype.jsr310.ser.InstantSerializerBase::<init>:protected:0::void::3PP
com.fasterxml.jackson.datatype.jsr310.ser:ZonedDateTimeSerializer:public:com.fasterxml.jackson.datatype.jsr310.ser.InstantSerializerBase::<init>:public:1:java.time.format.DateTimeFormatter:void::3PP
com.fasterxml.jackson.datatype.jsr310.ser:ZonedDateTimeSerializer:public:com.fasterxml.jackson.datatype.jsr310.ser.InstantSerializerBase::<init>:protected:4:com.fasterxml.jackson.datatype.jsr310.ser.ZonedDateTimeSerializer,java.lang.Boolean,java.time.format.DateTimeFormatter,java.lang.Boolean:void::3PP
com.fasterxml.jackson.datatype.jsr310.ser:ZonedDateTimeSerializer:public:com.fasterxml.jackson.datatype.jsr310.ser.InstantSerializerBase::withFormat:protected:2:java.lang.Boolean,java.time.format.DateTimeFormatter:com.fasterxml.jackson.datatype.jsr310.ser.JSR310FormattedSerializerBase::3PP
com.fasterxml.jackson.datatype.jsr310.ser:ZonedDateTimeSerializer:public:com.fasterxml.jackson.datatype.jsr310.ser.InstantSerializerBase::withFeatures:protected:1:java.lang.Boolean:com.fasterxml.jackson.datatype.jsr310.ser.JSR310FormattedSerializerBase::3PP
com.fasterxml.jackson.datatype.jsr310.ser:ZonedDateTimeSerializer:public:com.fasterxml.jackson.datatype.jsr310.ser.InstantSerializerBase::serialize:public:3:java.time.ZonedDateTime,com.fasterxml.jackson.core.JsonGenerator,com.fasterxml.jackson.databind.SerializerProvider:void::3PP
com.fasterxml.jackson.datatype.jsr310.ser:ZonedDateTimeSerializer:public:com.fasterxml.jackson.datatype.jsr310.ser.InstantSerializerBase::shouldWriteWithZoneId:public:1:com.fasterxml.jackson.databind.SerializerProvider:boolean::3PP
com.fasterxml.jackson.datatype.jsr310.ser:ZonedDateTimeSerializer:public:com.fasterxml.jackson.datatype.jsr310.ser.InstantSerializerBase::serialize:public,volatile:3:java.time.temporal.Temporal,com.fasterxml.jackson.core.JsonGenerator,com.fasterxml.jackson.databind.SerializerProvider:void::3PP
com.fasterxml.jackson.datatype.jsr310.ser:ZonedDateTimeSerializer:public:com.fasterxml.jackson.datatype.jsr310.ser.InstantSerializerBase::serialize:public,volatile:3:java.lang.Object,com.fasterxml.jackson.core.JsonGenerator,com.fasterxml.jackson.databind.SerializerProvider:void::3PP
com.fasterxml.jackson.datatype.jsr310.ser:ZonedDateTimeSerializer:public:com.fasterxml.jackson.datatype.jsr310.ser.InstantSerializerBase::lambda$new$0:private,static:1:java.time.ZonedDateTime:long::3PP
com.fasterxml.jackson.datatype.jsr310.ser:ZonedDateTimeSerializer:public:com.fasterxml.jackson.datatype.jsr310.ser.InstantSerializerBase::<clinit>:static:0::void::3PP
com.fasterxml.jackson.datatype.jsr310.ser:ZonedDateTimeWithZoneIdSerializer:public:com.fasterxml.jackson.datatype.jsr310.ser.InstantSerializerBase::<init>:protected:0::void::3PP
com.fasterxml.jackson.datatype.jsr310.ser:ZonedDateTimeWithZoneIdSerializer:public:com.fasterxml.jackson.datatype.jsr310.ser.InstantSerializerBase::<init>:protected:3:com.fasterxml.jackson.datatype.jsr310.ser.ZonedDateTimeWithZoneIdSerializer,java.lang.Boolean,java.time.format.DateTimeFormatter:void::3PP
com.fasterxml.jackson.datatype.jsr310.ser:ZonedDateTimeWithZoneIdSerializer:public:com.fasterxml.jackson.datatype.jsr310.ser.InstantSerializerBase::withFormat:protected:2:java.lang.Boolean,java.time.format.DateTimeFormatter:com.fasterxml.jackson.datatype.jsr310.ser.JSR310FormattedSerializerBase::3PP
com.fasterxml.jackson.datatype.jsr310.ser:ZonedDateTimeWithZoneIdSerializer:public:com.fasterxml.jackson.datatype.jsr310.ser.InstantSerializerBase::lambda$new$0:private,static:1:java.time.ZonedDateTime:long::3PP
com.fasterxml.jackson.datatype.jsr310.ser:ZonedDateTimeWithZoneIdSerializer:public:com.fasterxml.jackson.datatype.jsr310.ser.InstantSerializerBase::<clinit>:static:0::void::3PP
com.fasterxml.jackson.datatype.jsr310.ser.key:Jsr310NullKeySerializer:public:com.fasterxml.jackson.databind.JsonSerializer::<init>:public:0::void::3PP
com.fasterxml.jackson.datatype.jsr310.ser.key:Jsr310NullKeySerializer:public:com.fasterxml.jackson.databind.JsonSerializer::serialize:public:3:java.lang.Object,com.fasterxml.jackson.core.JsonGenerator,com.fasterxml.jackson.databind.SerializerProvider:void::3PP
com.fasterxml.jackson.datatype.jsr310.ser.key:ZonedDateTimeKeySerializer:public:com.fasterxml.jackson.databind.JsonSerializer::<init>:private:0::void::3PP
com.fasterxml.jackson.datatype.jsr310.ser.key:ZonedDateTimeKeySerializer:public:com.fasterxml.jackson.databind.JsonSerializer::serialize:public:3:java.time.ZonedDateTime,com.fasterxml.jackson.core.JsonGenerator,com.fasterxml.jackson.databind.SerializerProvider:void::3PP
com.fasterxml.jackson.datatype.jsr310.ser.key:ZonedDateTimeKeySerializer:public:com.fasterxml.jackson.databind.JsonSerializer::serialize:public,volatile:3:java.lang.Object,com.fasterxml.jackson.core.JsonGenerator,com.fasterxml.jackson.databind.SerializerProvider:void::3PP
com.fasterxml.jackson.datatype.jsr310.ser.key:ZonedDateTimeKeySerializer:public:com.fasterxml.jackson.databind.JsonSerializer::<clinit>:static:0::void::3PP
