com.fasterxml.jackson.annotation:JacksonAnnotationValue:public,abstract,interface:::valueFor:public,abstract:0::java.lang.Class::3PP
com.fasterxml.jackson.annotation:JacksonInject$Value:public:java.lang.Object:com.fasterxml.jackson.annotation.JacksonAnnotationValue,java.io.Serializable:<init>:protected:2:java.lang.Object,java.lang.Boolean:void::3PP
com.fasterxml.jackson.annotation:JacksonInject$Value:public:java.lang.Object:com.fasterxml.jackson.annotation.JacksonAnnotationValue,java.io.Serializable:valueFor:public:0::java.lang.Class::3PP
com.fasterxml.jackson.annotation:JacksonInject$Value:public:java.lang.Object:com.fasterxml.jackson.annotation.JacksonAnnotationValue,java.io.Serializable:empty:public,static:0::com.fasterxml.jackson.annotation.JacksonInject$Value::3PP
com.fasterxml.jackson.annotation:JacksonInject$Value:public:java.lang.Object:com.fasterxml.jackson.annotation.JacksonAnnotationValue,java.io.Serializable:construct:public,static:2:java.lang.Object,java.lang.Boolean:com.fasterxml.jackson.annotation.JacksonInject$Value::3PP
com.fasterxml.jackson.annotation:JacksonInject$Value:public:java.lang.Object:com.fasterxml.jackson.annotation.JacksonAnnotationValue,java.io.Serializable:from:public,static:1:com.fasterxml.jackson.annotation.JacksonInject:com.fasterxml.jackson.annotation.JacksonInject$Value::3PP
com.fasterxml.jackson.annotation:JacksonInject$Value:public:java.lang.Object:com.fasterxml.jackson.annotation.JacksonAnnotationValue,java.io.Serializable:forId:public,static:1:java.lang.Object:com.fasterxml.jackson.annotation.JacksonInject$Value::3PP
com.fasterxml.jackson.annotation:JacksonInject$Value:public:java.lang.Object:com.fasterxml.jackson.annotation.JacksonAnnotationValue,java.io.Serializable:withId:public:1:java.lang.Object:com.fasterxml.jackson.annotation.JacksonInject$Value::3PP
com.fasterxml.jackson.annotation:JacksonInject$Value:public:java.lang.Object:com.fasterxml.jackson.annotation.JacksonAnnotationValue,java.io.Serializable:withUseInput:public:1:java.lang.Boolean:com.fasterxml.jackson.annotation.JacksonInject$Value::3PP
com.fasterxml.jackson.annotation:JacksonInject$Value:public:java.lang.Object:com.fasterxml.jackson.annotation.JacksonAnnotationValue,java.io.Serializable:getId:public:0::java.lang.Object::3PP
com.fasterxml.jackson.annotation:JacksonInject$Value:public:java.lang.Object:com.fasterxml.jackson.annotation.JacksonAnnotationValue,java.io.Serializable:getUseInput:public:0::java.lang.Boolean::3PP
com.fasterxml.jackson.annotation:JacksonInject$Value:public:java.lang.Object:com.fasterxml.jackson.annotation.JacksonAnnotationValue,java.io.Serializable:hasId:public:0::boolean::3PP
com.fasterxml.jackson.annotation:JacksonInject$Value:public:java.lang.Object:com.fasterxml.jackson.annotation.JacksonAnnotationValue,java.io.Serializable:willUseInput:public:1:boolean:boolean::3PP
com.fasterxml.jackson.annotation:JacksonInject$Value:public:java.lang.Object:com.fasterxml.jackson.annotation.JacksonAnnotationValue,java.io.Serializable:toString:public:0::java.lang.String::3PP
com.fasterxml.jackson.annotation:JacksonInject$Value:public:java.lang.Object:com.fasterxml.jackson.annotation.JacksonAnnotationValue,java.io.Serializable:hashCode:public:0::int::3PP
com.fasterxml.jackson.annotation:JacksonInject$Value:public:java.lang.Object:com.fasterxml.jackson.annotation.JacksonAnnotationValue,java.io.Serializable:equals:public:1:java.lang.Object:boolean::3PP
com.fasterxml.jackson.annotation:JacksonInject$Value:public:java.lang.Object:com.fasterxml.jackson.annotation.JacksonAnnotationValue,java.io.Serializable:_empty:private,static:2:java.lang.Object,java.lang.Boolean:boolean::3PP
com.fasterxml.jackson.annotation:JacksonInject$Value:public:java.lang.Object:com.fasterxml.jackson.annotation.JacksonAnnotationValue,java.io.Serializable:<clinit>:static:0::void::3PP
com.fasterxml.jackson.annotation:JacksonInject:public,abstract,interface::java.lang.annotation.Annotation:value:public,abstract:0::java.lang.String::3PP
com.fasterxml.jackson.annotation:JacksonInject:public,abstract,interface::java.lang.annotation.Annotation:useInput:public,abstract:0::com.fasterxml.jackson.annotation.OptBoolean::3PP
com.fasterxml.jackson.annotation:JsonAlias:public,abstract,interface::java.lang.annotation.Annotation:value:public,abstract:0::java.lang.String[]::3PP
com.fasterxml.jackson.annotation:JsonAnyGetter:public,abstract,interface::java.lang.annotation.Annotation:enabled:public,abstract:0::boolean::3PP
com.fasterxml.jackson.annotation:JsonAnySetter:public,abstract,interface::java.lang.annotation.Annotation:enabled:public,abstract:0::boolean::3PP
com.fasterxml.jackson.annotation:JsonAutoDetect$1::java.lang.Object::<clinit>:static:0::void::3PP
com.fasterxml.jackson.annotation:JsonAutoDetect$Value:public:java.lang.Object:com.fasterxml.jackson.annotation.JacksonAnnotationValue,java.io.Serializable:<init>:private:5:com.fasterxml.jackson.annotation.JsonAutoDetect$Visibility,com.fasterxml.jackson.annotation.JsonAutoDetect$Visibility,com.fasterxml.jackson.annotation.JsonAutoDetect$Visibility,com.fasterxml.jackson.annotation.JsonAutoDetect$Visibility,com.fasterxml.jackson.annotation.JsonAutoDetect$Visibility:void::3PP
com.fasterxml.jackson.annotation:JsonAutoDetect$Value:public:java.lang.Object:com.fasterxml.jackson.annotation.JacksonAnnotationValue,java.io.Serializable:defaultVisibility:public,static:0::com.fasterxml.jackson.annotation.JsonAutoDetect$Value::3PP
com.fasterxml.jackson.annotation:JsonAutoDetect$Value:public:java.lang.Object:com.fasterxml.jackson.annotation.JacksonAnnotationValue,java.io.Serializable:noOverrides:public,static:0::com.fasterxml.jackson.annotation.JsonAutoDetect$Value::3PP
com.fasterxml.jackson.annotation:JsonAutoDetect$Value:public:java.lang.Object:com.fasterxml.jackson.annotation.JacksonAnnotationValue,java.io.Serializable:from:public,static:1:com.fasterxml.jackson.annotation.JsonAutoDetect:com.fasterxml.jackson.annotation.JsonAutoDetect$Value::3PP
com.fasterxml.jackson.annotation:JsonAutoDetect$Value:public:java.lang.Object:com.fasterxml.jackson.annotation.JacksonAnnotationValue,java.io.Serializable:construct:public,static:2:com.fasterxml.jackson.annotation.PropertyAccessor,com.fasterxml.jackson.annotation.JsonAutoDetect$Visibility:com.fasterxml.jackson.annotation.JsonAutoDetect$Value::3PP
com.fasterxml.jackson.annotation:JsonAutoDetect$Value:public:java.lang.Object:com.fasterxml.jackson.annotation.JacksonAnnotationValue,java.io.Serializable:construct:public,static:5:com.fasterxml.jackson.annotation.JsonAutoDetect$Visibility,com.fasterxml.jackson.annotation.JsonAutoDetect$Visibility,com.fasterxml.jackson.annotation.JsonAutoDetect$Visibility,com.fasterxml.jackson.annotation.JsonAutoDetect$Visibility,com.fasterxml.jackson.annotation.JsonAutoDetect$Visibility:com.fasterxml.jackson.annotation.JsonAutoDetect$Value::3PP
com.fasterxml.jackson.annotation:JsonAutoDetect$Value:public:java.lang.Object:com.fasterxml.jackson.annotation.JacksonAnnotationValue,java.io.Serializable:withFieldVisibility:public:1:com.fasterxml.jackson.annotation.JsonAutoDetect$Visibility:com.fasterxml.jackson.annotation.JsonAutoDetect$Value::3PP
com.fasterxml.jackson.annotation:JsonAutoDetect$Value:public:java.lang.Object:com.fasterxml.jackson.annotation.JacksonAnnotationValue,java.io.Serializable:withGetterVisibility:public:1:com.fasterxml.jackson.annotation.JsonAutoDetect$Visibility:com.fasterxml.jackson.annotation.JsonAutoDetect$Value::3PP
com.fasterxml.jackson.annotation:JsonAutoDetect$Value:public:java.lang.Object:com.fasterxml.jackson.annotation.JacksonAnnotationValue,java.io.Serializable:withIsGetterVisibility:public:1:com.fasterxml.jackson.annotation.JsonAutoDetect$Visibility:com.fasterxml.jackson.annotation.JsonAutoDetect$Value::3PP
com.fasterxml.jackson.annotation:JsonAutoDetect$Value:public:java.lang.Object:com.fasterxml.jackson.annotation.JacksonAnnotationValue,java.io.Serializable:withSetterVisibility:public:1:com.fasterxml.jackson.annotation.JsonAutoDetect$Visibility:com.fasterxml.jackson.annotation.JsonAutoDetect$Value::3PP
com.fasterxml.jackson.annotation:JsonAutoDetect$Value:public:java.lang.Object:com.fasterxml.jackson.annotation.JacksonAnnotationValue,java.io.Serializable:withCreatorVisibility:public:1:com.fasterxml.jackson.annotation.JsonAutoDetect$Visibility:com.fasterxml.jackson.annotation.JsonAutoDetect$Value::3PP
com.fasterxml.jackson.annotation:JsonAutoDetect$Value:public:java.lang.Object:com.fasterxml.jackson.annotation.JacksonAnnotationValue,java.io.Serializable:merge:public,static:2:com.fasterxml.jackson.annotation.JsonAutoDetect$Value,com.fasterxml.jackson.annotation.JsonAutoDetect$Value:com.fasterxml.jackson.annotation.JsonAutoDetect$Value::3PP
com.fasterxml.jackson.annotation:JsonAutoDetect$Value:public:java.lang.Object:com.fasterxml.jackson.annotation.JacksonAnnotationValue,java.io.Serializable:withOverrides:public:1:com.fasterxml.jackson.annotation.JsonAutoDetect$Value:com.fasterxml.jackson.annotation.JsonAutoDetect$Value::3PP
com.fasterxml.jackson.annotation:JsonAutoDetect$Value:public:java.lang.Object:com.fasterxml.jackson.annotation.JacksonAnnotationValue,java.io.Serializable:valueFor:public:0::java.lang.Class::3PP
com.fasterxml.jackson.annotation:JsonAutoDetect$Value:public:java.lang.Object:com.fasterxml.jackson.annotation.JacksonAnnotationValue,java.io.Serializable:getFieldVisibility:public:0::com.fasterxml.jackson.annotation.JsonAutoDetect$Visibility::3PP
com.fasterxml.jackson.annotation:JsonAutoDetect$Value:public:java.lang.Object:com.fasterxml.jackson.annotation.JacksonAnnotationValue,java.io.Serializable:getGetterVisibility:public:0::com.fasterxml.jackson.annotation.JsonAutoDetect$Visibility::3PP
com.fasterxml.jackson.annotation:JsonAutoDetect$Value:public:java.lang.Object:com.fasterxml.jackson.annotation.JacksonAnnotationValue,java.io.Serializable:getIsGetterVisibility:public:0::com.fasterxml.jackson.annotation.JsonAutoDetect$Visibility::3PP
com.fasterxml.jackson.annotation:JsonAutoDetect$Value:public:java.lang.Object:com.fasterxml.jackson.annotation.JacksonAnnotationValue,java.io.Serializable:getSetterVisibility:public:0::com.fasterxml.jackson.annotation.JsonAutoDetect$Visibility::3PP
com.fasterxml.jackson.annotation:JsonAutoDetect$Value:public:java.lang.Object:com.fasterxml.jackson.annotation.JacksonAnnotationValue,java.io.Serializable:getCreatorVisibility:public:0::com.fasterxml.jackson.annotation.JsonAutoDetect$Visibility::3PP
com.fasterxml.jackson.annotation:JsonAutoDetect$Value:public:java.lang.Object:com.fasterxml.jackson.annotation.JacksonAnnotationValue,java.io.Serializable:readResolve:protected:0::java.lang.Object::3PP
com.fasterxml.jackson.annotation:JsonAutoDetect$Value:public:java.lang.Object:com.fasterxml.jackson.annotation.JacksonAnnotationValue,java.io.Serializable:toString:public:0::java.lang.String::3PP
com.fasterxml.jackson.annotation:JsonAutoDetect$Value:public:java.lang.Object:com.fasterxml.jackson.annotation.JacksonAnnotationValue,java.io.Serializable:hashCode:public:0::int::3PP
com.fasterxml.jackson.annotation:JsonAutoDetect$Value:public:java.lang.Object:com.fasterxml.jackson.annotation.JacksonAnnotationValue,java.io.Serializable:equals:public:1:java.lang.Object:boolean::3PP
com.fasterxml.jackson.annotation:JsonAutoDetect$Value:public:java.lang.Object:com.fasterxml.jackson.annotation.JacksonAnnotationValue,java.io.Serializable:_predefined:private,static:5:com.fasterxml.jackson.annotation.JsonAutoDetect$Visibility,com.fasterxml.jackson.annotation.JsonAutoDetect$Visibility,com.fasterxml.jackson.annotation.JsonAutoDetect$Visibility,com.fasterxml.jackson.annotation.JsonAutoDetect$Visibility,com.fasterxml.jackson.annotation.JsonAutoDetect$Visibility:com.fasterxml.jackson.annotation.JsonAutoDetect$Value::3PP
com.fasterxml.jackson.annotation:JsonAutoDetect$Value:public:java.lang.Object:com.fasterxml.jackson.annotation.JacksonAnnotationValue,java.io.Serializable:_equals:private,static:2:com.fasterxml.jackson.annotation.JsonAutoDetect$Value,com.fasterxml.jackson.annotation.JsonAutoDetect$Value:boolean::3PP
com.fasterxml.jackson.annotation:JsonAutoDetect$Value:public:java.lang.Object:com.fasterxml.jackson.annotation.JacksonAnnotationValue,java.io.Serializable:<clinit>:static:0::void::3PP
com.fasterxml.jackson.annotation:JsonAutoDetect$Visibility:public,final:java.lang.Enum::values:public,static:0::com.fasterxml.jackson.annotation.JsonAutoDetect$Visibility[]::3PP
com.fasterxml.jackson.annotation:JsonAutoDetect$Visibility:public,final:java.lang.Enum::valueOf:public,static:1:java.lang.String:com.fasterxml.jackson.annotation.JsonAutoDetect$Visibility::3PP
com.fasterxml.jackson.annotation:JsonAutoDetect$Visibility:public,final:java.lang.Enum::<init>:private:2:java.lang.String,int:void::3PP
com.fasterxml.jackson.annotation:JsonAutoDetect$Visibility:public,final:java.lang.Enum::isVisible:public:1:java.lang.reflect.Member:boolean::3PP
com.fasterxml.jackson.annotation:JsonAutoDetect$Visibility:public,final:java.lang.Enum::<clinit>:static:0::void::3PP
com.fasterxml.jackson.annotation:JsonAutoDetect:public,abstract,interface::java.lang.annotation.Annotation:getterVisibility:public,abstract:0::com.fasterxml.jackson.annotation.JsonAutoDetect$Visibility::3PP
com.fasterxml.jackson.annotation:JsonAutoDetect:public,abstract,interface::java.lang.annotation.Annotation:isGetterVisibility:public,abstract:0::com.fasterxml.jackson.annotation.JsonAutoDetect$Visibility::3PP
com.fasterxml.jackson.annotation:JsonAutoDetect:public,abstract,interface::java.lang.annotation.Annotation:setterVisibility:public,abstract:0::com.fasterxml.jackson.annotation.JsonAutoDetect$Visibility::3PP
com.fasterxml.jackson.annotation:JsonAutoDetect:public,abstract,interface::java.lang.annotation.Annotation:creatorVisibility:public,abstract:0::com.fasterxml.jackson.annotation.JsonAutoDetect$Visibility::3PP
com.fasterxml.jackson.annotation:JsonAutoDetect:public,abstract,interface::java.lang.annotation.Annotation:fieldVisibility:public,abstract:0::com.fasterxml.jackson.annotation.JsonAutoDetect$Visibility::3PP
com.fasterxml.jackson.annotation:JsonBackReference:public,abstract,interface::java.lang.annotation.Annotation:value:public,abstract:0::java.lang.String::3PP
com.fasterxml.jackson.annotation:JsonClassDescription:public,abstract,interface::java.lang.annotation.Annotation:value:public,abstract:0::java.lang.String::3PP
com.fasterxml.jackson.annotation:JsonCreator$Mode:public,final:java.lang.Enum::values:public,static:0::com.fasterxml.jackson.annotation.JsonCreator$Mode[]::3PP
com.fasterxml.jackson.annotation:JsonCreator$Mode:public,final:java.lang.Enum::valueOf:public,static:1:java.lang.String:com.fasterxml.jackson.annotation.JsonCreator$Mode::3PP
com.fasterxml.jackson.annotation:JsonCreator$Mode:public,final:java.lang.Enum::<init>:private:2:java.lang.String,int:void::3PP
com.fasterxml.jackson.annotation:JsonCreator$Mode:public,final:java.lang.Enum::<clinit>:static:0::void::3PP
com.fasterxml.jackson.annotation:JsonCreator:public,abstract,interface::java.lang.annotation.Annotation:mode:public,abstract:0::com.fasterxml.jackson.annotation.JsonCreator$Mode::3PP
com.fasterxml.jackson.annotation:JsonFilter:public,abstract,interface::java.lang.annotation.Annotation:value:public,abstract:0::java.lang.String::3PP
com.fasterxml.jackson.annotation:JsonFormat$Feature:public,final:java.lang.Enum::values:public,static:0::com.fasterxml.jackson.annotation.JsonFormat$Feature[]::3PP
com.fasterxml.jackson.annotation:JsonFormat$Feature:public,final:java.lang.Enum::valueOf:public,static:1:java.lang.String:com.fasterxml.jackson.annotation.JsonFormat$Feature::3PP
com.fasterxml.jackson.annotation:JsonFormat$Feature:public,final:java.lang.Enum::<init>:private:2:java.lang.String,int:void::3PP
com.fasterxml.jackson.annotation:JsonFormat$Feature:public,final:java.lang.Enum::<clinit>:static:0::void::3PP
com.fasterxml.jackson.annotation:JsonFormat$Features:public:java.lang.Object::<init>:private:2:int,int:void::3PP
com.fasterxml.jackson.annotation:JsonFormat$Features:public:java.lang.Object::empty:public,static:0::com.fasterxml.jackson.annotation.JsonFormat$Features::3PP
com.fasterxml.jackson.annotation:JsonFormat$Features:public:java.lang.Object::construct:public,static:1:com.fasterxml.jackson.annotation.JsonFormat:com.fasterxml.jackson.annotation.JsonFormat$Features::3PP
com.fasterxml.jackson.annotation:JsonFormat$Features:public:java.lang.Object::construct:public,static:2:com.fasterxml.jackson.annotation.JsonFormat$Feature[],com.fasterxml.jackson.annotation.JsonFormat$Feature[]:com.fasterxml.jackson.annotation.JsonFormat$Features::3PP
com.fasterxml.jackson.annotation:JsonFormat$Features:public:java.lang.Object::withOverrides:public:1:com.fasterxml.jackson.annotation.JsonFormat$Features:com.fasterxml.jackson.annotation.JsonFormat$Features::3PP
com.fasterxml.jackson.annotation:JsonFormat$Features:public:java.lang.Object::with:public,transient:1:com.fasterxml.jackson.annotation.JsonFormat$Feature[]:com.fasterxml.jackson.annotation.JsonFormat$Features::3PP
com.fasterxml.jackson.annotation:JsonFormat$Features:public:java.lang.Object::without:public,transient:1:com.fasterxml.jackson.annotation.JsonFormat$Feature[]:com.fasterxml.jackson.annotation.JsonFormat$Features::3PP
com.fasterxml.jackson.annotation:JsonFormat$Features:public:java.lang.Object::get:public:1:com.fasterxml.jackson.annotation.JsonFormat$Feature:java.lang.Boolean::3PP
com.fasterxml.jackson.annotation:JsonFormat$Features:public:java.lang.Object::toString:public:0::java.lang.String::3PP
com.fasterxml.jackson.annotation:JsonFormat$Features:public:java.lang.Object::hashCode:public:0::int::3PP
com.fasterxml.jackson.annotation:JsonFormat$Features:public:java.lang.Object::equals:public:1:java.lang.Object:boolean::3PP
com.fasterxml.jackson.annotation:JsonFormat$Features:public:java.lang.Object::<clinit>:static:0::void::3PP
com.fasterxml.jackson.annotation:JsonFormat$Shape:public,final:java.lang.Enum::values:public,static:0::com.fasterxml.jackson.annotation.JsonFormat$Shape[]::3PP
com.fasterxml.jackson.annotation:JsonFormat$Shape:public,final:java.lang.Enum::valueOf:public,static:1:java.lang.String:com.fasterxml.jackson.annotation.JsonFormat$Shape::3PP
com.fasterxml.jackson.annotation:JsonFormat$Shape:public,final:java.lang.Enum::<init>:private:2:java.lang.String,int:void::3PP
com.fasterxml.jackson.annotation:JsonFormat$Shape:public,final:java.lang.Enum::isNumeric:public:0::boolean::3PP
com.fasterxml.jackson.annotation:JsonFormat$Shape:public,final:java.lang.Enum::isStructured:public:0::boolean::3PP
com.fasterxml.jackson.annotation:JsonFormat$Shape:public,final:java.lang.Enum::<clinit>:static:0::void::3PP
com.fasterxml.jackson.annotation:JsonFormat$Value:public:java.lang.Object:com.fasterxml.jackson.annotation.JacksonAnnotationValue,java.io.Serializable:<init>:public:0::void::3PP
com.fasterxml.jackson.annotation:JsonFormat$Value:public:java.lang.Object:com.fasterxml.jackson.annotation.JacksonAnnotationValue,java.io.Serializable:<init>:public:1:com.fasterxml.jackson.annotation.JsonFormat:void::3PP
com.fasterxml.jackson.annotation:JsonFormat$Value:public:java.lang.Object:com.fasterxml.jackson.annotation.JacksonAnnotationValue,java.io.Serializable:<init>:public:6:java.lang.String,com.fasterxml.jackson.annotation.JsonFormat$Shape,java.lang.String,java.lang.String,com.fasterxml.jackson.annotation.JsonFormat$Features,java.lang.Boolean:void::3PP
com.fasterxml.jackson.annotation:JsonFormat$Value:public:java.lang.Object:com.fasterxml.jackson.annotation.JacksonAnnotationValue,java.io.Serializable:<init>:public:6:java.lang.String,com.fasterxml.jackson.annotation.JsonFormat$Shape,java.util.Locale,java.util.TimeZone,com.fasterxml.jackson.annotation.JsonFormat$Features,java.lang.Boolean:void::3PP
com.fasterxml.jackson.annotation:JsonFormat$Value:public:java.lang.Object:com.fasterxml.jackson.annotation.JacksonAnnotationValue,java.io.Serializable:<init>:public:7:java.lang.String,com.fasterxml.jackson.annotation.JsonFormat$Shape,java.util.Locale,java.lang.String,java.util.TimeZone,com.fasterxml.jackson.annotation.JsonFormat$Features,java.lang.Boolean:void::3PP
com.fasterxml.jackson.annotation:JsonFormat$Value:public:java.lang.Object:com.fasterxml.jackson.annotation.JacksonAnnotationValue,java.io.Serializable:<init>:public:6:java.lang.String,com.fasterxml.jackson.annotation.JsonFormat$Shape,java.util.Locale,java.lang.String,java.util.TimeZone,com.fasterxml.jackson.annotation.JsonFormat$Features:void::3PP
com.fasterxml.jackson.annotation:JsonFormat$Value:public:java.lang.Object:com.fasterxml.jackson.annotation.JacksonAnnotationValue,java.io.Serializable:<init>:public:5:java.lang.String,com.fasterxml.jackson.annotation.JsonFormat$Shape,java.lang.String,java.lang.String,com.fasterxml.jackson.annotation.JsonFormat$Features:void::3PP
com.fasterxml.jackson.annotation:JsonFormat$Value:public:java.lang.Object:com.fasterxml.jackson.annotation.JacksonAnnotationValue,java.io.Serializable:<init>:public:5:java.lang.String,com.fasterxml.jackson.annotation.JsonFormat$Shape,java.util.Locale,java.util.TimeZone,com.fasterxml.jackson.annotation.JsonFormat$Features:void::3PP
com.fasterxml.jackson.annotation:JsonFormat$Value:public:java.lang.Object:com.fasterxml.jackson.annotation.JacksonAnnotationValue,java.io.Serializable:empty:public,static,final:0::com.fasterxml.jackson.annotation.JsonFormat$Value::3PP
com.fasterxml.jackson.annotation:JsonFormat$Value:public:java.lang.Object:com.fasterxml.jackson.annotation.JacksonAnnotationValue,java.io.Serializable:merge:public,static:2:com.fasterxml.jackson.annotation.JsonFormat$Value,com.fasterxml.jackson.annotation.JsonFormat$Value:com.fasterxml.jackson.annotation.JsonFormat$Value::3PP
com.fasterxml.jackson.annotation:JsonFormat$Value:public:java.lang.Object:com.fasterxml.jackson.annotation.JacksonAnnotationValue,java.io.Serializable:mergeAll:public,static,transient:1:com.fasterxml.jackson.annotation.JsonFormat$Value[]:com.fasterxml.jackson.annotation.JsonFormat$Value::3PP
com.fasterxml.jackson.annotation:JsonFormat$Value:public:java.lang.Object:com.fasterxml.jackson.annotation.JacksonAnnotationValue,java.io.Serializable:from:public,static,final:1:com.fasterxml.jackson.annotation.JsonFormat:com.fasterxml.jackson.annotation.JsonFormat$Value::3PP
com.fasterxml.jackson.annotation:JsonFormat$Value:public:java.lang.Object:com.fasterxml.jackson.annotation.JacksonAnnotationValue,java.io.Serializable:withOverrides:public,final:1:com.fasterxml.jackson.annotation.JsonFormat$Value:com.fasterxml.jackson.annotation.JsonFormat$Value::3PP
com.fasterxml.jackson.annotation:JsonFormat$Value:public:java.lang.Object:com.fasterxml.jackson.annotation.JacksonAnnotationValue,java.io.Serializable:forPattern:public,static:1:java.lang.String:com.fasterxml.jackson.annotation.JsonFormat$Value::3PP
com.fasterxml.jackson.annotation:JsonFormat$Value:public:java.lang.Object:com.fasterxml.jackson.annotation.JacksonAnnotationValue,java.io.Serializable:forShape:public,static:1:com.fasterxml.jackson.annotation.JsonFormat$Shape:com.fasterxml.jackson.annotation.JsonFormat$Value::3PP
com.fasterxml.jackson.annotation:JsonFormat$Value:public:java.lang.Object:com.fasterxml.jackson.annotation.JacksonAnnotationValue,java.io.Serializable:forLeniency:public,static:1:boolean:com.fasterxml.jackson.annotation.JsonFormat$Value::3PP
com.fasterxml.jackson.annotation:JsonFormat$Value:public:java.lang.Object:com.fasterxml.jackson.annotation.JacksonAnnotationValue,java.io.Serializable:withPattern:public:1:java.lang.String:com.fasterxml.jackson.annotation.JsonFormat$Value::3PP
com.fasterxml.jackson.annotation:JsonFormat$Value:public:java.lang.Object:com.fasterxml.jackson.annotation.JacksonAnnotationValue,java.io.Serializable:withShape:public:1:com.fasterxml.jackson.annotation.JsonFormat$Shape:com.fasterxml.jackson.annotation.JsonFormat$Value::3PP
com.fasterxml.jackson.annotation:JsonFormat$Value:public:java.lang.Object:com.fasterxml.jackson.annotation.JacksonAnnotationValue,java.io.Serializable:withLocale:public:1:java.util.Locale:com.fasterxml.jackson.annotation.JsonFormat$Value::3PP
com.fasterxml.jackson.annotation:JsonFormat$Value:public:java.lang.Object:com.fasterxml.jackson.annotation.JacksonAnnotationValue,java.io.Serializable:withTimeZone:public:1:java.util.TimeZone:com.fasterxml.jackson.annotation.JsonFormat$Value::3PP
com.fasterxml.jackson.annotation:JsonFormat$Value:public:java.lang.Object:com.fasterxml.jackson.annotation.JacksonAnnotationValue,java.io.Serializable:withLenient:public:1:java.lang.Boolean:com.fasterxml.jackson.annotation.JsonFormat$Value::3PP
com.fasterxml.jackson.annotation:JsonFormat$Value:public:java.lang.Object:com.fasterxml.jackson.annotation.JacksonAnnotationValue,java.io.Serializable:withFeature:public:1:com.fasterxml.jackson.annotation.JsonFormat$Feature:com.fasterxml.jackson.annotation.JsonFormat$Value::3PP
com.fasterxml.jackson.annotation:JsonFormat$Value:public:java.lang.Object:com.fasterxml.jackson.annotation.JacksonAnnotationValue,java.io.Serializable:withoutFeature:public:1:com.fasterxml.jackson.annotation.JsonFormat$Feature:com.fasterxml.jackson.annotation.JsonFormat$Value::3PP
com.fasterxml.jackson.annotation:JsonFormat$Value:public:java.lang.Object:com.fasterxml.jackson.annotation.JacksonAnnotationValue,java.io.Serializable:valueFor:public:0::java.lang.Class::3PP
com.fasterxml.jackson.annotation:JsonFormat$Value:public:java.lang.Object:com.fasterxml.jackson.annotation.JacksonAnnotationValue,java.io.Serializable:getPattern:public:0::java.lang.String::3PP
com.fasterxml.jackson.annotation:JsonFormat$Value:public:java.lang.Object:com.fasterxml.jackson.annotation.JacksonAnnotationValue,java.io.Serializable:getShape:public:0::com.fasterxml.jackson.annotation.JsonFormat$Shape::3PP
com.fasterxml.jackson.annotation:JsonFormat$Value:public:java.lang.Object:com.fasterxml.jackson.annotation.JacksonAnnotationValue,java.io.Serializable:getLocale:public:0::java.util.Locale::3PP
com.fasterxml.jackson.annotation:JsonFormat$Value:public:java.lang.Object:com.fasterxml.jackson.annotation.JacksonAnnotationValue,java.io.Serializable:getLenient:public:0::java.lang.Boolean::3PP
com.fasterxml.jackson.annotation:JsonFormat$Value:public:java.lang.Object:com.fasterxml.jackson.annotation.JacksonAnnotationValue,java.io.Serializable:isLenient:public:0::boolean::3PP
com.fasterxml.jackson.annotation:JsonFormat$Value:public:java.lang.Object:com.fasterxml.jackson.annotation.JacksonAnnotationValue,java.io.Serializable:timeZoneAsString:public:0::java.lang.String::3PP
com.fasterxml.jackson.annotation:JsonFormat$Value:public:java.lang.Object:com.fasterxml.jackson.annotation.JacksonAnnotationValue,java.io.Serializable:getTimeZone:public:0::java.util.TimeZone::3PP
com.fasterxml.jackson.annotation:JsonFormat$Value:public:java.lang.Object:com.fasterxml.jackson.annotation.JacksonAnnotationValue,java.io.Serializable:hasShape:public:0::boolean::3PP
com.fasterxml.jackson.annotation:JsonFormat$Value:public:java.lang.Object:com.fasterxml.jackson.annotation.JacksonAnnotationValue,java.io.Serializable:hasPattern:public:0::boolean::3PP
com.fasterxml.jackson.annotation:JsonFormat$Value:public:java.lang.Object:com.fasterxml.jackson.annotation.JacksonAnnotationValue,java.io.Serializable:hasLocale:public:0::boolean::3PP
com.fasterxml.jackson.annotation:JsonFormat$Value:public:java.lang.Object:com.fasterxml.jackson.annotation.JacksonAnnotationValue,java.io.Serializable:hasTimeZone:public:0::boolean::3PP
com.fasterxml.jackson.annotation:JsonFormat$Value:public:java.lang.Object:com.fasterxml.jackson.annotation.JacksonAnnotationValue,java.io.Serializable:hasLenient:public:0::boolean::3PP
com.fasterxml.jackson.annotation:JsonFormat$Value:public:java.lang.Object:com.fasterxml.jackson.annotation.JacksonAnnotationValue,java.io.Serializable:getFeature:public:1:com.fasterxml.jackson.annotation.JsonFormat$Feature:java.lang.Boolean::3PP
com.fasterxml.jackson.annotation:JsonFormat$Value:public:java.lang.Object:com.fasterxml.jackson.annotation.JacksonAnnotationValue,java.io.Serializable:getFeatures:public:0::com.fasterxml.jackson.annotation.JsonFormat$Features::3PP
com.fasterxml.jackson.annotation:JsonFormat$Value:public:java.lang.Object:com.fasterxml.jackson.annotation.JacksonAnnotationValue,java.io.Serializable:toString:public:0::java.lang.String::3PP
com.fasterxml.jackson.annotation:JsonFormat$Value:public:java.lang.Object:com.fasterxml.jackson.annotation.JacksonAnnotationValue,java.io.Serializable:hashCode:public:0::int::3PP
com.fasterxml.jackson.annotation:JsonFormat$Value:public:java.lang.Object:com.fasterxml.jackson.annotation.JacksonAnnotationValue,java.io.Serializable:equals:public:1:java.lang.Object:boolean::3PP
com.fasterxml.jackson.annotation:JsonFormat$Value:public:java.lang.Object:com.fasterxml.jackson.annotation.JacksonAnnotationValue,java.io.Serializable:_equal:private,static:2:java.lang.Object,java.lang.Object:boolean::3PP
com.fasterxml.jackson.annotation:JsonFormat$Value:public:java.lang.Object:com.fasterxml.jackson.annotation.JacksonAnnotationValue,java.io.Serializable:<clinit>:static:0::void::3PP
com.fasterxml.jackson.annotation:JsonFormat:public,abstract,interface::java.lang.annotation.Annotation:pattern:public,abstract:0::java.lang.String::3PP
com.fasterxml.jackson.annotation:JsonFormat:public,abstract,interface::java.lang.annotation.Annotation:shape:public,abstract:0::com.fasterxml.jackson.annotation.JsonFormat$Shape::3PP
com.fasterxml.jackson.annotation:JsonFormat:public,abstract,interface::java.lang.annotation.Annotation:locale:public,abstract:0::java.lang.String::3PP
com.fasterxml.jackson.annotation:JsonFormat:public,abstract,interface::java.lang.annotation.Annotation:timezone:public,abstract:0::java.lang.String::3PP
com.fasterxml.jackson.annotation:JsonFormat:public,abstract,interface::java.lang.annotation.Annotation:lenient:public,abstract:0::com.fasterxml.jackson.annotation.OptBoolean::3PP
com.fasterxml.jackson.annotation:JsonFormat:public,abstract,interface::java.lang.annotation.Annotation:with:public,abstract:0::com.fasterxml.jackson.annotation.JsonFormat$Feature[]::3PP
com.fasterxml.jackson.annotation:JsonFormat:public,abstract,interface::java.lang.annotation.Annotation:without:public,abstract:0::com.fasterxml.jackson.annotation.JsonFormat$Feature[]::3PP
com.fasterxml.jackson.annotation:JsonGetter:public,abstract,interface::java.lang.annotation.Annotation:value:public,abstract:0::java.lang.String::3PP
com.fasterxml.jackson.annotation:JsonIdentityInfo:public,abstract,interface::java.lang.annotation.Annotation:property:public,abstract:0::java.lang.String::3PP
com.fasterxml.jackson.annotation:JsonIdentityInfo:public,abstract,interface::java.lang.annotation.Annotation:generator:public,abstract:0::java.lang.Class::3PP
com.fasterxml.jackson.annotation:JsonIdentityInfo:public,abstract,interface::java.lang.annotation.Annotation:resolver:public,abstract:0::java.lang.Class::3PP
com.fasterxml.jackson.annotation:JsonIdentityInfo:public,abstract,interface::java.lang.annotation.Annotation:scope:public,abstract:0::java.lang.Class::3PP
com.fasterxml.jackson.annotation:JsonIdentityReference:public,abstract,interface::java.lang.annotation.Annotation:alwaysAsId:public,abstract:0::boolean::3PP
com.fasterxml.jackson.annotation:JsonIgnore:public,abstract,interface::java.lang.annotation.Annotation:value:public,abstract:0::boolean::3PP
com.fasterxml.jackson.annotation:JsonIgnoreProperties$Value:public:java.lang.Object:com.fasterxml.jackson.annotation.JacksonAnnotationValue,java.io.Serializable:<init>:protected:5:java.util.Set,boolean,boolean,boolean,boolean:void::3PP
com.fasterxml.jackson.annotation:JsonIgnoreProperties$Value:public:java.lang.Object:com.fasterxml.jackson.annotation.JacksonAnnotationValue,java.io.Serializable:from:public,static:1:com.fasterxml.jackson.annotation.JsonIgnoreProperties:com.fasterxml.jackson.annotation.JsonIgnoreProperties$Value::3PP
com.fasterxml.jackson.annotation:JsonIgnoreProperties$Value:public:java.lang.Object:com.fasterxml.jackson.annotation.JacksonAnnotationValue,java.io.Serializable:construct:public,static:5:java.util.Set,boolean,boolean,boolean,boolean:com.fasterxml.jackson.annotation.JsonIgnoreProperties$Value::3PP
com.fasterxml.jackson.annotation:JsonIgnoreProperties$Value:public:java.lang.Object:com.fasterxml.jackson.annotation.JacksonAnnotationValue,java.io.Serializable:empty:public,static:0::com.fasterxml.jackson.annotation.JsonIgnoreProperties$Value::3PP
com.fasterxml.jackson.annotation:JsonIgnoreProperties$Value:public:java.lang.Object:com.fasterxml.jackson.annotation.JacksonAnnotationValue,java.io.Serializable:merge:public,static:2:com.fasterxml.jackson.annotation.JsonIgnoreProperties$Value,com.fasterxml.jackson.annotation.JsonIgnoreProperties$Value:com.fasterxml.jackson.annotation.JsonIgnoreProperties$Value::3PP
com.fasterxml.jackson.annotation:JsonIgnoreProperties$Value:public:java.lang.Object:com.fasterxml.jackson.annotation.JacksonAnnotationValue,java.io.Serializable:mergeAll:public,static,transient:1:com.fasterxml.jackson.annotation.JsonIgnoreProperties$Value[]:com.fasterxml.jackson.annotation.JsonIgnoreProperties$Value::3PP
com.fasterxml.jackson.annotation:JsonIgnoreProperties$Value:public:java.lang.Object:com.fasterxml.jackson.annotation.JacksonAnnotationValue,java.io.Serializable:forIgnoredProperties:public,static:1:java.util.Set:com.fasterxml.jackson.annotation.JsonIgnoreProperties$Value::3PP
com.fasterxml.jackson.annotation:JsonIgnoreProperties$Value:public:java.lang.Object:com.fasterxml.jackson.annotation.JacksonAnnotationValue,java.io.Serializable:forIgnoredProperties:public,static,transient:1:java.lang.String[]:com.fasterxml.jackson.annotation.JsonIgnoreProperties$Value::3PP
com.fasterxml.jackson.annotation:JsonIgnoreProperties$Value:public:java.lang.Object:com.fasterxml.jackson.annotation.JacksonAnnotationValue,java.io.Serializable:forIgnoreUnknown:public,static:1:boolean:com.fasterxml.jackson.annotation.JsonIgnoreProperties$Value::3PP
com.fasterxml.jackson.annotation:JsonIgnoreProperties$Value:public:java.lang.Object:com.fasterxml.jackson.annotation.JacksonAnnotationValue,java.io.Serializable:withOverrides:public:1:com.fasterxml.jackson.annotation.JsonIgnoreProperties$Value:com.fasterxml.jackson.annotation.JsonIgnoreProperties$Value::3PP
com.fasterxml.jackson.annotation:JsonIgnoreProperties$Value:public:java.lang.Object:com.fasterxml.jackson.annotation.JacksonAnnotationValue,java.io.Serializable:withIgnored:public:1:java.util.Set:com.fasterxml.jackson.annotation.JsonIgnoreProperties$Value::3PP
com.fasterxml.jackson.annotation:JsonIgnoreProperties$Value:public:java.lang.Object:com.fasterxml.jackson.annotation.JacksonAnnotationValue,java.io.Serializable:withIgnored:public,transient:1:java.lang.String[]:com.fasterxml.jackson.annotation.JsonIgnoreProperties$Value::3PP
com.fasterxml.jackson.annotation:JsonIgnoreProperties$Value:public:java.lang.Object:com.fasterxml.jackson.annotation.JacksonAnnotationValue,java.io.Serializable:withoutIgnored:public:0::com.fasterxml.jackson.annotation.JsonIgnoreProperties$Value::3PP
com.fasterxml.jackson.annotation:JsonIgnoreProperties$Value:public:java.lang.Object:com.fasterxml.jackson.annotation.JacksonAnnotationValue,java.io.Serializable:withIgnoreUnknown:public:0::com.fasterxml.jackson.annotation.JsonIgnoreProperties$Value::3PP
com.fasterxml.jackson.annotation:JsonIgnoreProperties$Value:public:java.lang.Object:com.fasterxml.jackson.annotation.JacksonAnnotationValue,java.io.Serializable:withoutIgnoreUnknown:public:0::com.fasterxml.jackson.annotation.JsonIgnoreProperties$Value::3PP
com.fasterxml.jackson.annotation:JsonIgnoreProperties$Value:public:java.lang.Object:com.fasterxml.jackson.annotation.JacksonAnnotationValue,java.io.Serializable:withAllowGetters:public:0::com.fasterxml.jackson.annotation.JsonIgnoreProperties$Value::3PP
com.fasterxml.jackson.annotation:JsonIgnoreProperties$Value:public:java.lang.Object:com.fasterxml.jackson.annotation.JacksonAnnotationValue,java.io.Serializable:withoutAllowGetters:public:0::com.fasterxml.jackson.annotation.JsonIgnoreProperties$Value::3PP
com.fasterxml.jackson.annotation:JsonIgnoreProperties$Value:public:java.lang.Object:com.fasterxml.jackson.annotation.JacksonAnnotationValue,java.io.Serializable:withAllowSetters:public:0::com.fasterxml.jackson.annotation.JsonIgnoreProperties$Value::3PP
com.fasterxml.jackson.annotation:JsonIgnoreProperties$Value:public:java.lang.Object:com.fasterxml.jackson.annotation.JacksonAnnotationValue,java.io.Serializable:withoutAllowSetters:public:0::com.fasterxml.jackson.annotation.JsonIgnoreProperties$Value::3PP
com.fasterxml.jackson.annotation:JsonIgnoreProperties$Value:public:java.lang.Object:com.fasterxml.jackson.annotation.JacksonAnnotationValue,java.io.Serializable:withMerge:public:0::com.fasterxml.jackson.annotation.JsonIgnoreProperties$Value::3PP
com.fasterxml.jackson.annotation:JsonIgnoreProperties$Value:public:java.lang.Object:com.fasterxml.jackson.annotation.JacksonAnnotationValue,java.io.Serializable:withoutMerge:public:0::com.fasterxml.jackson.annotation.JsonIgnoreProperties$Value::3PP
com.fasterxml.jackson.annotation:JsonIgnoreProperties$Value:public:java.lang.Object:com.fasterxml.jackson.annotation.JacksonAnnotationValue,java.io.Serializable:valueFor:public:0::java.lang.Class::3PP
com.fasterxml.jackson.annotation:JsonIgnoreProperties$Value:public:java.lang.Object:com.fasterxml.jackson.annotation.JacksonAnnotationValue,java.io.Serializable:readResolve:protected:0::java.lang.Object::3PP
com.fasterxml.jackson.annotation:JsonIgnoreProperties$Value:public:java.lang.Object:com.fasterxml.jackson.annotation.JacksonAnnotationValue,java.io.Serializable:getIgnored:public:0::java.util.Set::3PP
com.fasterxml.jackson.annotation:JsonIgnoreProperties$Value:public:java.lang.Object:com.fasterxml.jackson.annotation.JacksonAnnotationValue,java.io.Serializable:findIgnoredForSerialization:public:0::java.util.Set::3PP
com.fasterxml.jackson.annotation:JsonIgnoreProperties$Value:public:java.lang.Object:com.fasterxml.jackson.annotation.JacksonAnnotationValue,java.io.Serializable:findIgnoredForDeserialization:public:0::java.util.Set::3PP
com.fasterxml.jackson.annotation:JsonIgnoreProperties$Value:public:java.lang.Object:com.fasterxml.jackson.annotation.JacksonAnnotationValue,java.io.Serializable:getIgnoreUnknown:public:0::boolean::3PP
com.fasterxml.jackson.annotation:JsonIgnoreProperties$Value:public:java.lang.Object:com.fasterxml.jackson.annotation.JacksonAnnotationValue,java.io.Serializable:getAllowGetters:public:0::boolean::3PP
com.fasterxml.jackson.annotation:JsonIgnoreProperties$Value:public:java.lang.Object:com.fasterxml.jackson.annotation.JacksonAnnotationValue,java.io.Serializable:getAllowSetters:public:0::boolean::3PP
com.fasterxml.jackson.annotation:JsonIgnoreProperties$Value:public:java.lang.Object:com.fasterxml.jackson.annotation.JacksonAnnotationValue,java.io.Serializable:getMerge:public:0::boolean::3PP
com.fasterxml.jackson.annotation:JsonIgnoreProperties$Value:public:java.lang.Object:com.fasterxml.jackson.annotation.JacksonAnnotationValue,java.io.Serializable:toString:public:0::java.lang.String::3PP
com.fasterxml.jackson.annotation:JsonIgnoreProperties$Value:public:java.lang.Object:com.fasterxml.jackson.annotation.JacksonAnnotationValue,java.io.Serializable:hashCode:public:0::int::3PP
com.fasterxml.jackson.annotation:JsonIgnoreProperties$Value:public:java.lang.Object:com.fasterxml.jackson.annotation.JacksonAnnotationValue,java.io.Serializable:equals:public:1:java.lang.Object:boolean::3PP
com.fasterxml.jackson.annotation:JsonIgnoreProperties$Value:public:java.lang.Object:com.fasterxml.jackson.annotation.JacksonAnnotationValue,java.io.Serializable:_equals:private,static:2:com.fasterxml.jackson.annotation.JsonIgnoreProperties$Value,com.fasterxml.jackson.annotation.JsonIgnoreProperties$Value:boolean::3PP
com.fasterxml.jackson.annotation:JsonIgnoreProperties$Value:public:java.lang.Object:com.fasterxml.jackson.annotation.JacksonAnnotationValue,java.io.Serializable:_asSet:private,static:1:java.lang.String[]:java.util.Set::3PP
com.fasterxml.jackson.annotation:JsonIgnoreProperties$Value:public:java.lang.Object:com.fasterxml.jackson.annotation.JacksonAnnotationValue,java.io.Serializable:_merge:private,static:2:java.util.Set,java.util.Set:java.util.Set::3PP
com.fasterxml.jackson.annotation:JsonIgnoreProperties$Value:public:java.lang.Object:com.fasterxml.jackson.annotation.JacksonAnnotationValue,java.io.Serializable:_empty:private,static:5:java.util.Set,boolean,boolean,boolean,boolean:boolean::3PP
com.fasterxml.jackson.annotation:JsonIgnoreProperties$Value:public:java.lang.Object:com.fasterxml.jackson.annotation.JacksonAnnotationValue,java.io.Serializable:<clinit>:static:0::void::3PP
com.fasterxml.jackson.annotation:JsonIgnoreProperties:public,abstract,interface::java.lang.annotation.Annotation:value:public,abstract:0::java.lang.String[]::3PP
com.fasterxml.jackson.annotation:JsonIgnoreProperties:public,abstract,interface::java.lang.annotation.Annotation:ignoreUnknown:public,abstract:0::boolean::3PP
com.fasterxml.jackson.annotation:JsonIgnoreProperties:public,abstract,interface::java.lang.annotation.Annotation:allowGetters:public,abstract:0::boolean::3PP
com.fasterxml.jackson.annotation:JsonIgnoreProperties:public,abstract,interface::java.lang.annotation.Annotation:allowSetters:public,abstract:0::boolean::3PP
com.fasterxml.jackson.annotation:JsonIgnoreType:public,abstract,interface::java.lang.annotation.Annotation:value:public,abstract:0::boolean::3PP
com.fasterxml.jackson.annotation:JsonInclude$Include:public,final:java.lang.Enum::values:public,static:0::com.fasterxml.jackson.annotation.JsonInclude$Include[]::3PP
com.fasterxml.jackson.annotation:JsonInclude$Include:public,final:java.lang.Enum::valueOf:public,static:1:java.lang.String:com.fasterxml.jackson.annotation.JsonInclude$Include::3PP
com.fasterxml.jackson.annotation:JsonInclude$Include:public,final:java.lang.Enum::<init>:private:2:java.lang.String,int:void::3PP
com.fasterxml.jackson.annotation:JsonInclude$Include:public,final:java.lang.Enum::<clinit>:static:0::void::3PP
com.fasterxml.jackson.annotation:JsonInclude$Value:public:java.lang.Object:com.fasterxml.jackson.annotation.JacksonAnnotationValue,java.io.Serializable:<init>:public:1:com.fasterxml.jackson.annotation.JsonInclude:void::3PP
com.fasterxml.jackson.annotation:JsonInclude$Value:public:java.lang.Object:com.fasterxml.jackson.annotation.JacksonAnnotationValue,java.io.Serializable:<init>:protected:4:com.fasterxml.jackson.annotation.JsonInclude$Include,com.fasterxml.jackson.annotation.JsonInclude$Include,java.lang.Class,java.lang.Class:void::3PP
com.fasterxml.jackson.annotation:JsonInclude$Value:public:java.lang.Object:com.fasterxml.jackson.annotation.JacksonAnnotationValue,java.io.Serializable:empty:public,static:0::com.fasterxml.jackson.annotation.JsonInclude$Value::3PP
com.fasterxml.jackson.annotation:JsonInclude$Value:public:java.lang.Object:com.fasterxml.jackson.annotation.JacksonAnnotationValue,java.io.Serializable:merge:public,static:2:com.fasterxml.jackson.annotation.JsonInclude$Value,com.fasterxml.jackson.annotation.JsonInclude$Value:com.fasterxml.jackson.annotation.JsonInclude$Value::3PP
com.fasterxml.jackson.annotation:JsonInclude$Value:public:java.lang.Object:com.fasterxml.jackson.annotation.JacksonAnnotationValue,java.io.Serializable:mergeAll:public,static,transient:1:com.fasterxml.jackson.annotation.JsonInclude$Value[]:com.fasterxml.jackson.annotation.JsonInclude$Value::3PP
com.fasterxml.jackson.annotation:JsonInclude$Value:public:java.lang.Object:com.fasterxml.jackson.annotation.JacksonAnnotationValue,java.io.Serializable:readResolve:protected:0::java.lang.Object::3PP
com.fasterxml.jackson.annotation:JsonInclude$Value:public:java.lang.Object:com.fasterxml.jackson.annotation.JacksonAnnotationValue,java.io.Serializable:withOverrides:public:1:com.fasterxml.jackson.annotation.JsonInclude$Value:com.fasterxml.jackson.annotation.JsonInclude$Value::3PP
com.fasterxml.jackson.annotation:JsonInclude$Value:public:java.lang.Object:com.fasterxml.jackson.annotation.JacksonAnnotationValue,java.io.Serializable:construct:public,static:2:com.fasterxml.jackson.annotation.JsonInclude$Include,com.fasterxml.jackson.annotation.JsonInclude$Include:com.fasterxml.jackson.annotation.JsonInclude$Value::3PP
com.fasterxml.jackson.annotation:JsonInclude$Value:public:java.lang.Object:com.fasterxml.jackson.annotation.JacksonAnnotationValue,java.io.Serializable:construct:public,static:4:com.fasterxml.jackson.annotation.JsonInclude$Include,com.fasterxml.jackson.annotation.JsonInclude$Include,java.lang.Class,java.lang.Class:com.fasterxml.jackson.annotation.JsonInclude$Value::3PP
com.fasterxml.jackson.annotation:JsonInclude$Value:public:java.lang.Object:com.fasterxml.jackson.annotation.JacksonAnnotationValue,java.io.Serializable:from:public,static:1:com.fasterxml.jackson.annotation.JsonInclude:com.fasterxml.jackson.annotation.JsonInclude$Value::3PP
com.fasterxml.jackson.annotation:JsonInclude$Value:public:java.lang.Object:com.fasterxml.jackson.annotation.JacksonAnnotationValue,java.io.Serializable:withValueInclusion:public:1:com.fasterxml.jackson.annotation.JsonInclude$Include:com.fasterxml.jackson.annotation.JsonInclude$Value::3PP
com.fasterxml.jackson.annotation:JsonInclude$Value:public:java.lang.Object:com.fasterxml.jackson.annotation.JacksonAnnotationValue,java.io.Serializable:withValueFilter:public:1:java.lang.Class:com.fasterxml.jackson.annotation.JsonInclude$Value::3PP
com.fasterxml.jackson.annotation:JsonInclude$Value:public:java.lang.Object:com.fasterxml.jackson.annotation.JacksonAnnotationValue,java.io.Serializable:withContentFilter:public:1:java.lang.Class:com.fasterxml.jackson.annotation.JsonInclude$Value::3PP
com.fasterxml.jackson.annotation:JsonInclude$Value:public:java.lang.Object:com.fasterxml.jackson.annotation.JacksonAnnotationValue,java.io.Serializable:withContentInclusion:public:1:com.fasterxml.jackson.annotation.JsonInclude$Include:com.fasterxml.jackson.annotation.JsonInclude$Value::3PP
com.fasterxml.jackson.annotation:JsonInclude$Value:public:java.lang.Object:com.fasterxml.jackson.annotation.JacksonAnnotationValue,java.io.Serializable:valueFor:public:0::java.lang.Class::3PP
com.fasterxml.jackson.annotation:JsonInclude$Value:public:java.lang.Object:com.fasterxml.jackson.annotation.JacksonAnnotationValue,java.io.Serializable:getValueInclusion:public:0::com.fasterxml.jackson.annotation.JsonInclude$Include::3PP
com.fasterxml.jackson.annotation:JsonInclude$Value:public:java.lang.Object:com.fasterxml.jackson.annotation.JacksonAnnotationValue,java.io.Serializable:getContentInclusion:public:0::com.fasterxml.jackson.annotation.JsonInclude$Include::3PP
com.fasterxml.jackson.annotation:JsonInclude$Value:public:java.lang.Object:com.fasterxml.jackson.annotation.JacksonAnnotationValue,java.io.Serializable:getValueFilter:public:0::java.lang.Class::3PP
com.fasterxml.jackson.annotation:JsonInclude$Value:public:java.lang.Object:com.fasterxml.jackson.annotation.JacksonAnnotationValue,java.io.Serializable:getContentFilter:public:0::java.lang.Class::3PP
com.fasterxml.jackson.annotation:JsonInclude$Value:public:java.lang.Object:com.fasterxml.jackson.annotation.JacksonAnnotationValue,java.io.Serializable:toString:public:0::java.lang.String::3PP
com.fasterxml.jackson.annotation:JsonInclude$Value:public:java.lang.Object:com.fasterxml.jackson.annotation.JacksonAnnotationValue,java.io.Serializable:hashCode:public:0::int::3PP
com.fasterxml.jackson.annotation:JsonInclude$Value:public:java.lang.Object:com.fasterxml.jackson.annotation.JacksonAnnotationValue,java.io.Serializable:equals:public:1:java.lang.Object:boolean::3PP
com.fasterxml.jackson.annotation:JsonInclude$Value:public:java.lang.Object:com.fasterxml.jackson.annotation.JacksonAnnotationValue,java.io.Serializable:<clinit>:static:0::void::3PP
com.fasterxml.jackson.annotation:JsonInclude:public,abstract,interface::java.lang.annotation.Annotation:value:public,abstract:0::com.fasterxml.jackson.annotation.JsonInclude$Include::3PP
com.fasterxml.jackson.annotation:JsonInclude:public,abstract,interface::java.lang.annotation.Annotation:content:public,abstract:0::com.fasterxml.jackson.annotation.JsonInclude$Include::3PP
com.fasterxml.jackson.annotation:JsonInclude:public,abstract,interface::java.lang.annotation.Annotation:valueFilter:public,abstract:0::java.lang.Class::3PP
com.fasterxml.jackson.annotation:JsonInclude:public,abstract,interface::java.lang.annotation.Annotation:contentFilter:public,abstract:0::java.lang.Class::3PP
com.fasterxml.jackson.annotation:JsonIncludeProperties$Value:public:java.lang.Object:com.fasterxml.jackson.annotation.JacksonAnnotationValue,java.io.Serializable:<init>:protected:1:java.util.Set:void::3PP
com.fasterxml.jackson.annotation:JsonIncludeProperties$Value:public:java.lang.Object:com.fasterxml.jackson.annotation.JacksonAnnotationValue,java.io.Serializable:from:public,static:1:com.fasterxml.jackson.annotation.JsonIncludeProperties:com.fasterxml.jackson.annotation.JsonIncludeProperties$Value::3PP
com.fasterxml.jackson.annotation:JsonIncludeProperties$Value:public:java.lang.Object:com.fasterxml.jackson.annotation.JacksonAnnotationValue,java.io.Serializable:all:public,static:0::com.fasterxml.jackson.annotation.JsonIncludeProperties$Value::3PP
com.fasterxml.jackson.annotation:JsonIncludeProperties$Value:public:java.lang.Object:com.fasterxml.jackson.annotation.JacksonAnnotationValue,java.io.Serializable:valueFor:public:0::java.lang.Class::3PP
com.fasterxml.jackson.annotation:JsonIncludeProperties$Value:public:java.lang.Object:com.fasterxml.jackson.annotation.JacksonAnnotationValue,java.io.Serializable:getIncluded:public:0::java.util.Set::3PP
com.fasterxml.jackson.annotation:JsonIncludeProperties$Value:public:java.lang.Object:com.fasterxml.jackson.annotation.JacksonAnnotationValue,java.io.Serializable:withOverrides:public:1:com.fasterxml.jackson.annotation.JsonIncludeProperties$Value:com.fasterxml.jackson.annotation.JsonIncludeProperties$Value::3PP
com.fasterxml.jackson.annotation:JsonIncludeProperties$Value:public:java.lang.Object:com.fasterxml.jackson.annotation.JacksonAnnotationValue,java.io.Serializable:toString:public:0::java.lang.String::3PP
com.fasterxml.jackson.annotation:JsonIncludeProperties$Value:public:java.lang.Object:com.fasterxml.jackson.annotation.JacksonAnnotationValue,java.io.Serializable:hashCode:public:0::int::3PP
com.fasterxml.jackson.annotation:JsonIncludeProperties$Value:public:java.lang.Object:com.fasterxml.jackson.annotation.JacksonAnnotationValue,java.io.Serializable:equals:public:1:java.lang.Object:boolean::3PP
com.fasterxml.jackson.annotation:JsonIncludeProperties$Value:public:java.lang.Object:com.fasterxml.jackson.annotation.JacksonAnnotationValue,java.io.Serializable:_equals:private,static:2:java.util.Set,java.util.Set:boolean::3PP
com.fasterxml.jackson.annotation:JsonIncludeProperties$Value:public:java.lang.Object:com.fasterxml.jackson.annotation.JacksonAnnotationValue,java.io.Serializable:_asSet:private,static:1:java.lang.String[]:java.util.Set::3PP
com.fasterxml.jackson.annotation:JsonIncludeProperties$Value:public:java.lang.Object:com.fasterxml.jackson.annotation.JacksonAnnotationValue,java.io.Serializable:<clinit>:static:0::void::3PP
com.fasterxml.jackson.annotation:JsonIncludeProperties:public,abstract,interface::java.lang.annotation.Annotation:value:public,abstract:0::java.lang.String[]::3PP
com.fasterxml.jackson.annotation:JsonKey:public,abstract,interface::java.lang.annotation.Annotation:value:public,abstract:0::boolean::3PP
com.fasterxml.jackson.annotation:JsonManagedReference:public,abstract,interface::java.lang.annotation.Annotation:value:public,abstract:0::java.lang.String::3PP
com.fasterxml.jackson.annotation:JsonMerge:public,abstract,interface::java.lang.annotation.Annotation:value:public,abstract:0::com.fasterxml.jackson.annotation.OptBoolean::3PP
com.fasterxml.jackson.annotation:JsonProperty$Access:public,final:java.lang.Enum::values:public,static:0::com.fasterxml.jackson.annotation.JsonProperty$Access[]::3PP
com.fasterxml.jackson.annotation:JsonProperty$Access:public,final:java.lang.Enum::valueOf:public,static:1:java.lang.String:com.fasterxml.jackson.annotation.JsonProperty$Access::3PP
com.fasterxml.jackson.annotation:JsonProperty$Access:public,final:java.lang.Enum::<init>:private:2:java.lang.String,int:void::3PP
com.fasterxml.jackson.annotation:JsonProperty$Access:public,final:java.lang.Enum::<clinit>:static:0::void::3PP
com.fasterxml.jackson.annotation:JsonProperty:public,abstract,interface::java.lang.annotation.Annotation:value:public,abstract:0::java.lang.String::3PP
com.fasterxml.jackson.annotation:JsonProperty:public,abstract,interface::java.lang.annotation.Annotation:namespace:public,abstract:0::java.lang.String::3PP
com.fasterxml.jackson.annotation:JsonProperty:public,abstract,interface::java.lang.annotation.Annotation:required:public,abstract:0::boolean::3PP
com.fasterxml.jackson.annotation:JsonProperty:public,abstract,interface::java.lang.annotation.Annotation:index:public,abstract:0::int::3PP
com.fasterxml.jackson.annotation:JsonProperty:public,abstract,interface::java.lang.annotation.Annotation:defaultValue:public,abstract:0::java.lang.String::3PP
com.fasterxml.jackson.annotation:JsonProperty:public,abstract,interface::java.lang.annotation.Annotation:access:public,abstract:0::com.fasterxml.jackson.annotation.JsonProperty$Access::3PP
com.fasterxml.jackson.annotation:JsonPropertyDescription:public,abstract,interface::java.lang.annotation.Annotation:value:public,abstract:0::java.lang.String::3PP
com.fasterxml.jackson.annotation:JsonPropertyOrder:public,abstract,interface::java.lang.annotation.Annotation:value:public,abstract:0::java.lang.String[]::3PP
com.fasterxml.jackson.annotation:JsonPropertyOrder:public,abstract,interface::java.lang.annotation.Annotation:alphabetic:public,abstract:0::boolean::3PP
com.fasterxml.jackson.annotation:JsonRawValue:public,abstract,interface::java.lang.annotation.Annotation:value:public,abstract:0::boolean::3PP
com.fasterxml.jackson.annotation:JsonRootName:public,abstract,interface::java.lang.annotation.Annotation:value:public,abstract:0::java.lang.String::3PP
com.fasterxml.jackson.annotation:JsonRootName:public,abstract,interface::java.lang.annotation.Annotation:namespace:public,abstract:0::java.lang.String::3PP
com.fasterxml.jackson.annotation:JsonSetter$Value:public:java.lang.Object:com.fasterxml.jackson.annotation.JacksonAnnotationValue,java.io.Serializable:<init>:protected:2:com.fasterxml.jackson.annotation.Nulls,com.fasterxml.jackson.annotation.Nulls:void::3PP
com.fasterxml.jackson.annotation:JsonSetter$Value:public:java.lang.Object:com.fasterxml.jackson.annotation.JacksonAnnotationValue,java.io.Serializable:valueFor:public:0::java.lang.Class::3PP
com.fasterxml.jackson.annotation:JsonSetter$Value:public:java.lang.Object:com.fasterxml.jackson.annotation.JacksonAnnotationValue,java.io.Serializable:readResolve:protected:0::java.lang.Object::3PP
com.fasterxml.jackson.annotation:JsonSetter$Value:public:java.lang.Object:com.fasterxml.jackson.annotation.JacksonAnnotationValue,java.io.Serializable:from:public,static:1:com.fasterxml.jackson.annotation.JsonSetter:com.fasterxml.jackson.annotation.JsonSetter$Value::3PP
com.fasterxml.jackson.annotation:JsonSetter$Value:public:java.lang.Object:com.fasterxml.jackson.annotation.JacksonAnnotationValue,java.io.Serializable:construct:public,static:2:com.fasterxml.jackson.annotation.Nulls,com.fasterxml.jackson.annotation.Nulls:com.fasterxml.jackson.annotation.JsonSetter$Value::3PP
com.fasterxml.jackson.annotation:JsonSetter$Value:public:java.lang.Object:com.fasterxml.jackson.annotation.JacksonAnnotationValue,java.io.Serializable:empty:public,static:0::com.fasterxml.jackson.annotation.JsonSetter$Value::3PP
com.fasterxml.jackson.annotation:JsonSetter$Value:public:java.lang.Object:com.fasterxml.jackson.annotation.JacksonAnnotationValue,java.io.Serializable:merge:public,static:2:com.fasterxml.jackson.annotation.JsonSetter$Value,com.fasterxml.jackson.annotation.JsonSetter$Value:com.fasterxml.jackson.annotation.JsonSetter$Value::3PP
com.fasterxml.jackson.annotation:JsonSetter$Value:public:java.lang.Object:com.fasterxml.jackson.annotation.JacksonAnnotationValue,java.io.Serializable:forValueNulls:public,static:1:com.fasterxml.jackson.annotation.Nulls:com.fasterxml.jackson.annotation.JsonSetter$Value::3PP
com.fasterxml.jackson.annotation:JsonSetter$Value:public:java.lang.Object:com.fasterxml.jackson.annotation.JacksonAnnotationValue,java.io.Serializable:forValueNulls:public,static:2:com.fasterxml.jackson.annotation.Nulls,com.fasterxml.jackson.annotation.Nulls:com.fasterxml.jackson.annotation.JsonSetter$Value::3PP
com.fasterxml.jackson.annotation:JsonSetter$Value:public:java.lang.Object:com.fasterxml.jackson.annotation.JacksonAnnotationValue,java.io.Serializable:forContentNulls:public,static:1:com.fasterxml.jackson.annotation.Nulls:com.fasterxml.jackson.annotation.JsonSetter$Value::3PP
com.fasterxml.jackson.annotation:JsonSetter$Value:public:java.lang.Object:com.fasterxml.jackson.annotation.JacksonAnnotationValue,java.io.Serializable:withOverrides:public:1:com.fasterxml.jackson.annotation.JsonSetter$Value:com.fasterxml.jackson.annotation.JsonSetter$Value::3PP
com.fasterxml.jackson.annotation:JsonSetter$Value:public:java.lang.Object:com.fasterxml.jackson.annotation.JacksonAnnotationValue,java.io.Serializable:withValueNulls:public:1:com.fasterxml.jackson.annotation.Nulls:com.fasterxml.jackson.annotation.JsonSetter$Value::3PP
com.fasterxml.jackson.annotation:JsonSetter$Value:public:java.lang.Object:com.fasterxml.jackson.annotation.JacksonAnnotationValue,java.io.Serializable:withValueNulls:public:2:com.fasterxml.jackson.annotation.Nulls,com.fasterxml.jackson.annotation.Nulls:com.fasterxml.jackson.annotation.JsonSetter$Value::3PP
com.fasterxml.jackson.annotation:JsonSetter$Value:public:java.lang.Object:com.fasterxml.jackson.annotation.JacksonAnnotationValue,java.io.Serializable:withContentNulls:public:1:com.fasterxml.jackson.annotation.Nulls:com.fasterxml.jackson.annotation.JsonSetter$Value::3PP
com.fasterxml.jackson.annotation:JsonSetter$Value:public:java.lang.Object:com.fasterxml.jackson.annotation.JacksonAnnotationValue,java.io.Serializable:getValueNulls:public:0::com.fasterxml.jackson.annotation.Nulls::3PP
com.fasterxml.jackson.annotation:JsonSetter$Value:public:java.lang.Object:com.fasterxml.jackson.annotation.JacksonAnnotationValue,java.io.Serializable:getContentNulls:public:0::com.fasterxml.jackson.annotation.Nulls::3PP
com.fasterxml.jackson.annotation:JsonSetter$Value:public:java.lang.Object:com.fasterxml.jackson.annotation.JacksonAnnotationValue,java.io.Serializable:nonDefaultValueNulls:public:0::com.fasterxml.jackson.annotation.Nulls::3PP
com.fasterxml.jackson.annotation:JsonSetter$Value:public:java.lang.Object:com.fasterxml.jackson.annotation.JacksonAnnotationValue,java.io.Serializable:nonDefaultContentNulls:public:0::com.fasterxml.jackson.annotation.Nulls::3PP
com.fasterxml.jackson.annotation:JsonSetter$Value:public:java.lang.Object:com.fasterxml.jackson.annotation.JacksonAnnotationValue,java.io.Serializable:toString:public:0::java.lang.String::3PP
com.fasterxml.jackson.annotation:JsonSetter$Value:public:java.lang.Object:com.fasterxml.jackson.annotation.JacksonAnnotationValue,java.io.Serializable:hashCode:public:0::int::3PP
com.fasterxml.jackson.annotation:JsonSetter$Value:public:java.lang.Object:com.fasterxml.jackson.annotation.JacksonAnnotationValue,java.io.Serializable:equals:public:1:java.lang.Object:boolean::3PP
com.fasterxml.jackson.annotation:JsonSetter$Value:public:java.lang.Object:com.fasterxml.jackson.annotation.JacksonAnnotationValue,java.io.Serializable:_empty:private,static:2:com.fasterxml.jackson.annotation.Nulls,com.fasterxml.jackson.annotation.Nulls:boolean::3PP
com.fasterxml.jackson.annotation:JsonSetter$Value:public:java.lang.Object:com.fasterxml.jackson.annotation.JacksonAnnotationValue,java.io.Serializable:<clinit>:static:0::void::3PP
com.fasterxml.jackson.annotation:JsonSetter:public,abstract,interface::java.lang.annotation.Annotation:value:public,abstract:0::java.lang.String::3PP
com.fasterxml.jackson.annotation:JsonSetter:public,abstract,interface::java.lang.annotation.Annotation:nulls:public,abstract:0::com.fasterxml.jackson.annotation.Nulls::3PP
com.fasterxml.jackson.annotation:JsonSetter:public,abstract,interface::java.lang.annotation.Annotation:contentNulls:public,abstract:0::com.fasterxml.jackson.annotation.Nulls::3PP
com.fasterxml.jackson.annotation:JsonSubTypes$Type:public,abstract,interface::java.lang.annotation.Annotation:value:public,abstract:0::java.lang.Class::3PP
com.fasterxml.jackson.annotation:JsonSubTypes$Type:public,abstract,interface::java.lang.annotation.Annotation:name:public,abstract:0::java.lang.String::3PP
com.fasterxml.jackson.annotation:JsonSubTypes$Type:public,abstract,interface::java.lang.annotation.Annotation:names:public,abstract:0::java.lang.String[]::3PP
com.fasterxml.jackson.annotation:JsonSubTypes:public,abstract,interface::java.lang.annotation.Annotation:value:public,abstract:0::com.fasterxml.jackson.annotation.JsonSubTypes$Type[]::3PP
com.fasterxml.jackson.annotation:JsonTypeInfo$As:public,final:java.lang.Enum::values:public,static:0::com.fasterxml.jackson.annotation.JsonTypeInfo$As[]::3PP
com.fasterxml.jackson.annotation:JsonTypeInfo$As:public,final:java.lang.Enum::valueOf:public,static:1:java.lang.String:com.fasterxml.jackson.annotation.JsonTypeInfo$As::3PP
com.fasterxml.jackson.annotation:JsonTypeInfo$As:public,final:java.lang.Enum::<init>:private:2:java.lang.String,int:void::3PP
com.fasterxml.jackson.annotation:JsonTypeInfo$As:public,final:java.lang.Enum::<clinit>:static:0::void::3PP
com.fasterxml.jackson.annotation:JsonTypeInfo$Id:public,final:java.lang.Enum::values:public,static:0::com.fasterxml.jackson.annotation.JsonTypeInfo$Id[]::3PP
com.fasterxml.jackson.annotation:JsonTypeInfo$Id:public,final:java.lang.Enum::valueOf:public,static:1:java.lang.String:com.fasterxml.jackson.annotation.JsonTypeInfo$Id::3PP
com.fasterxml.jackson.annotation:JsonTypeInfo$Id:public,final:java.lang.Enum::<init>:private:3:java.lang.String,int,java.lang.String:void::3PP
com.fasterxml.jackson.annotation:JsonTypeInfo$Id:public,final:java.lang.Enum::getDefaultPropertyName:public:0::java.lang.String::3PP
com.fasterxml.jackson.annotation:JsonTypeInfo$Id:public,final:java.lang.Enum::<clinit>:static:0::void::3PP
com.fasterxml.jackson.annotation:JsonTypeInfo$None:public,abstract:java.lang.Object::<init>:public:0::void::3PP
com.fasterxml.jackson.annotation:JsonTypeInfo:public,abstract,interface::java.lang.annotation.Annotation:use:public,abstract:0::com.fasterxml.jackson.annotation.JsonTypeInfo$Id::3PP
com.fasterxml.jackson.annotation:JsonTypeInfo:public,abstract,interface::java.lang.annotation.Annotation:include:public,abstract:0::com.fasterxml.jackson.annotation.JsonTypeInfo$As::3PP
com.fasterxml.jackson.annotation:JsonTypeInfo:public,abstract,interface::java.lang.annotation.Annotation:property:public,abstract:0::java.lang.String::3PP
com.fasterxml.jackson.annotation:JsonTypeInfo:public,abstract,interface::java.lang.annotation.Annotation:defaultImpl:public,abstract:0::java.lang.Class::3PP
com.fasterxml.jackson.annotation:JsonTypeInfo:public,abstract,interface::java.lang.annotation.Annotation:visible:public,abstract:0::boolean::3PP
com.fasterxml.jackson.annotation:JsonTypeName:public,abstract,interface::java.lang.annotation.Annotation:value:public,abstract:0::java.lang.String::3PP
com.fasterxml.jackson.annotation:JsonUnwrapped:public,abstract,interface::java.lang.annotation.Annotation:enabled:public,abstract:0::boolean::3PP
com.fasterxml.jackson.annotation:JsonUnwrapped:public,abstract,interface::java.lang.annotation.Annotation:prefix:public,abstract:0::java.lang.String::3PP
com.fasterxml.jackson.annotation:JsonUnwrapped:public,abstract,interface::java.lang.annotation.Annotation:suffix:public,abstract:0::java.lang.String::3PP
com.fasterxml.jackson.annotation:JsonValue:public,abstract,interface::java.lang.annotation.Annotation:value:public,abstract:0::boolean::3PP
com.fasterxml.jackson.annotation:JsonView:public,abstract,interface::java.lang.annotation.Annotation:value:public,abstract:0::java.lang.Class[]::3PP
com.fasterxml.jackson.annotation:Nulls:public,final:java.lang.Enum::values:public,static:0::com.fasterxml.jackson.annotation.Nulls[]::3PP
com.fasterxml.jackson.annotation:Nulls:public,final:java.lang.Enum::valueOf:public,static:1:java.lang.String:com.fasterxml.jackson.annotation.Nulls::3PP
com.fasterxml.jackson.annotation:Nulls:public,final:java.lang.Enum::<init>:private:2:java.lang.String,int:void::3PP
com.fasterxml.jackson.annotation:Nulls:public,final:java.lang.Enum::<clinit>:static:0::void::3PP
com.fasterxml.jackson.annotation:ObjectIdGenerator$IdKey:public,final:java.lang.Object:java.io.Serializable:<init>:public:3:java.lang.Class,java.lang.Class,java.lang.Object:void::3PP
com.fasterxml.jackson.annotation:ObjectIdGenerator$IdKey:public,final:java.lang.Object:java.io.Serializable:hashCode:public:0::int::3PP
com.fasterxml.jackson.annotation:ObjectIdGenerator$IdKey:public,final:java.lang.Object:java.io.Serializable:equals:public:1:java.lang.Object:boolean::3PP
com.fasterxml.jackson.annotation:ObjectIdGenerator$IdKey:public,final:java.lang.Object:java.io.Serializable:toString:public:0::java.lang.String::3PP
com.fasterxml.jackson.annotation:ObjectIdGenerator:public,abstract:java.lang.Object:java.io.Serializable:<init>:public:0::void::3PP
com.fasterxml.jackson.annotation:ObjectIdGenerator:public,abstract:java.lang.Object:java.io.Serializable:getScope:public,abstract:0::java.lang.Class::3PP
com.fasterxml.jackson.annotation:ObjectIdGenerator:public,abstract:java.lang.Object:java.io.Serializable:canUseFor:public,abstract:1:com.fasterxml.jackson.annotation.ObjectIdGenerator:boolean::3PP
com.fasterxml.jackson.annotation:ObjectIdGenerator:public,abstract:java.lang.Object:java.io.Serializable:maySerializeAsObject:public:0::boolean::3PP
com.fasterxml.jackson.annotation:ObjectIdGenerator:public,abstract:java.lang.Object:java.io.Serializable:isValidReferencePropertyName:public:2:java.lang.String,java.lang.Object:boolean::3PP
com.fasterxml.jackson.annotation:ObjectIdGenerator:public,abstract:java.lang.Object:java.io.Serializable:forScope:public,abstract:1:java.lang.Class:com.fasterxml.jackson.annotation.ObjectIdGenerator::3PP
com.fasterxml.jackson.annotation:ObjectIdGenerator:public,abstract:java.lang.Object:java.io.Serializable:newForSerialization:public,abstract:1:java.lang.Object:com.fasterxml.jackson.annotation.ObjectIdGenerator::3PP
com.fasterxml.jackson.annotation:ObjectIdGenerator:public,abstract:java.lang.Object:java.io.Serializable:key:public,abstract:1:java.lang.Object:com.fasterxml.jackson.annotation.ObjectIdGenerator$IdKey::3PP
com.fasterxml.jackson.annotation:ObjectIdGenerator:public,abstract:java.lang.Object:java.io.Serializable:generateId:public,abstract:1:java.lang.Object:java.lang.Object::3PP
com.fasterxml.jackson.annotation:ObjectIdGenerators$Base:abstract:com.fasterxml.jackson.annotation.ObjectIdGenerator::<init>:protected:1:java.lang.Class:void::3PP
com.fasterxml.jackson.annotation:ObjectIdGenerators$Base:abstract:com.fasterxml.jackson.annotation.ObjectIdGenerator::getScope:public,final:0::java.lang.Class::3PP
com.fasterxml.jackson.annotation:ObjectIdGenerators$Base:abstract:com.fasterxml.jackson.annotation.ObjectIdGenerator::canUseFor:public:1:com.fasterxml.jackson.annotation.ObjectIdGenerator:boolean::3PP
com.fasterxml.jackson.annotation:ObjectIdGenerators$Base:abstract:com.fasterxml.jackson.annotation.ObjectIdGenerator::generateId:public,abstract:1:java.lang.Object:java.lang.Object::3PP
com.fasterxml.jackson.annotation:ObjectIdGenerators$IntSequenceGenerator:public,final:com.fasterxml.jackson.annotation.ObjectIdGenerators$Base::<init>:public:0::void::3PP
com.fasterxml.jackson.annotation:ObjectIdGenerators$IntSequenceGenerator:public,final:com.fasterxml.jackson.annotation.ObjectIdGenerators$Base::<init>:public:2:java.lang.Class,int:void::3PP
com.fasterxml.jackson.annotation:ObjectIdGenerators$IntSequenceGenerator:public,final:com.fasterxml.jackson.annotation.ObjectIdGenerators$Base::initialValue:protected:0::int::3PP
com.fasterxml.jackson.annotation:ObjectIdGenerators$IntSequenceGenerator:public,final:com.fasterxml.jackson.annotation.ObjectIdGenerators$Base::forScope:public:1:java.lang.Class:com.fasterxml.jackson.annotation.ObjectIdGenerator::3PP
com.fasterxml.jackson.annotation:ObjectIdGenerators$IntSequenceGenerator:public,final:com.fasterxml.jackson.annotation.ObjectIdGenerators$Base::newForSerialization:public:1:java.lang.Object:com.fasterxml.jackson.annotation.ObjectIdGenerator::3PP
com.fasterxml.jackson.annotation:ObjectIdGenerators$IntSequenceGenerator:public,final:com.fasterxml.jackson.annotation.ObjectIdGenerators$Base::key:public:1:java.lang.Object:com.fasterxml.jackson.annotation.ObjectIdGenerator$IdKey::3PP
com.fasterxml.jackson.annotation:ObjectIdGenerators$IntSequenceGenerator:public,final:com.fasterxml.jackson.annotation.ObjectIdGenerators$Base::generateId:public:1:java.lang.Object:java.lang.Integer::3PP
com.fasterxml.jackson.annotation:ObjectIdGenerators$IntSequenceGenerator:public,final:com.fasterxml.jackson.annotation.ObjectIdGenerators$Base::generateId:public,volatile:1:java.lang.Object:java.lang.Object::3PP
com.fasterxml.jackson.annotation:ObjectIdGenerators$IntSequenceGenerator:public,final:com.fasterxml.jackson.annotation.ObjectIdGenerators$Base::canUseFor:public,volatile:1:com.fasterxml.jackson.annotation.ObjectIdGenerator:boolean::3PP
com.fasterxml.jackson.annotation:ObjectIdGenerators$None:public,abstract:com.fasterxml.jackson.annotation.ObjectIdGenerator::<init>:public:0::void::3PP
com.fasterxml.jackson.annotation:ObjectIdGenerators$PropertyGenerator:public,abstract:com.fasterxml.jackson.annotation.ObjectIdGenerators$Base::<init>:protected:1:java.lang.Class:void::3PP
com.fasterxml.jackson.annotation:ObjectIdGenerators$PropertyGenerator:public,abstract:com.fasterxml.jackson.annotation.ObjectIdGenerators$Base::canUseFor:public,volatile:1:com.fasterxml.jackson.annotation.ObjectIdGenerator:boolean::3PP
com.fasterxml.jackson.annotation:ObjectIdGenerators$StringIdGenerator:public,final:com.fasterxml.jackson.annotation.ObjectIdGenerators$Base::<init>:public:0::void::3PP
com.fasterxml.jackson.annotation:ObjectIdGenerators$StringIdGenerator:public,final:com.fasterxml.jackson.annotation.ObjectIdGenerators$Base::<init>:private:1:java.lang.Class:void::3PP
com.fasterxml.jackson.annotation:ObjectIdGenerators$StringIdGenerator:public,final:com.fasterxml.jackson.annotation.ObjectIdGenerators$Base::forScope:public:1:java.lang.Class:com.fasterxml.jackson.annotation.ObjectIdGenerator::3PP
com.fasterxml.jackson.annotation:ObjectIdGenerators$StringIdGenerator:public,final:com.fasterxml.jackson.annotation.ObjectIdGenerators$Base::newForSerialization:public:1:java.lang.Object:com.fasterxml.jackson.annotation.ObjectIdGenerator::3PP
com.fasterxml.jackson.annotation:ObjectIdGenerators$StringIdGenerator:public,final:com.fasterxml.jackson.annotation.ObjectIdGenerators$Base::generateId:public:1:java.lang.Object:java.lang.String::3PP
com.fasterxml.jackson.annotation:ObjectIdGenerators$StringIdGenerator:public,final:com.fasterxml.jackson.annotation.ObjectIdGenerators$Base::key:public:1:java.lang.Object:com.fasterxml.jackson.annotation.ObjectIdGenerator$IdKey::3PP
com.fasterxml.jackson.annotation:ObjectIdGenerators$StringIdGenerator:public,final:com.fasterxml.jackson.annotation.ObjectIdGenerators$Base::canUseFor:public:1:com.fasterxml.jackson.annotation.ObjectIdGenerator:boolean::3PP
com.fasterxml.jackson.annotation:ObjectIdGenerators$StringIdGenerator:public,final:com.fasterxml.jackson.annotation.ObjectIdGenerators$Base::generateId:public,volatile:1:java.lang.Object:java.lang.Object::3PP
com.fasterxml.jackson.annotation:ObjectIdGenerators$UUIDGenerator:public,final:com.fasterxml.jackson.annotation.ObjectIdGenerators$Base::<init>:public:0::void::3PP
com.fasterxml.jackson.annotation:ObjectIdGenerators$UUIDGenerator:public,final:com.fasterxml.jackson.annotation.ObjectIdGenerators$Base::<init>:private:1:java.lang.Class:void::3PP
com.fasterxml.jackson.annotation:ObjectIdGenerators$UUIDGenerator:public,final:com.fasterxml.jackson.annotation.ObjectIdGenerators$Base::forScope:public:1:java.lang.Class:com.fasterxml.jackson.annotation.ObjectIdGenerator::3PP
com.fasterxml.jackson.annotation:ObjectIdGenerators$UUIDGenerator:public,final:com.fasterxml.jackson.annotation.ObjectIdGenerators$Base::newForSerialization:public:1:java.lang.Object:com.fasterxml.jackson.annotation.ObjectIdGenerator::3PP
com.fasterxml.jackson.annotation:ObjectIdGenerators$UUIDGenerator:public,final:com.fasterxml.jackson.annotation.ObjectIdGenerators$Base::generateId:public:1:java.lang.Object:java.util.UUID::3PP
com.fasterxml.jackson.annotation:ObjectIdGenerators$UUIDGenerator:public,final:com.fasterxml.jackson.annotation.ObjectIdGenerators$Base::key:public:1:java.lang.Object:com.fasterxml.jackson.annotation.ObjectIdGenerator$IdKey::3PP
com.fasterxml.jackson.annotation:ObjectIdGenerators$UUIDGenerator:public,final:com.fasterxml.jackson.annotation.ObjectIdGenerators$Base::canUseFor:public:1:com.fasterxml.jackson.annotation.ObjectIdGenerator:boolean::3PP
com.fasterxml.jackson.annotation:ObjectIdGenerators$UUIDGenerator:public,final:com.fasterxml.jackson.annotation.ObjectIdGenerators$Base::generateId:public,volatile:1:java.lang.Object:java.lang.Object::3PP
com.fasterxml.jackson.annotation:ObjectIdGenerators:public:java.lang.Object::<init>:public:0::void::3PP
com.fasterxml.jackson.annotation:ObjectIdResolver:public,abstract,interface:::bindItem:public,abstract:2:com.fasterxml.jackson.annotation.ObjectIdGenerator$IdKey,java.lang.Object:void::3PP
com.fasterxml.jackson.annotation:ObjectIdResolver:public,abstract,interface:::resolveId:public,abstract:1:com.fasterxml.jackson.annotation.ObjectIdGenerator$IdKey:java.lang.Object::3PP
com.fasterxml.jackson.annotation:ObjectIdResolver:public,abstract,interface:::newForDeserialization:public,abstract:1:java.lang.Object:com.fasterxml.jackson.annotation.ObjectIdResolver::3PP
com.fasterxml.jackson.annotation:ObjectIdResolver:public,abstract,interface:::canUseFor:public,abstract:1:com.fasterxml.jackson.annotation.ObjectIdResolver:boolean::3PP
com.fasterxml.jackson.annotation:OptBoolean:public,final:java.lang.Enum::values:public,static:0::com.fasterxml.jackson.annotation.OptBoolean[]::3PP
com.fasterxml.jackson.annotation:OptBoolean:public,final:java.lang.Enum::valueOf:public,static:1:java.lang.String:com.fasterxml.jackson.annotation.OptBoolean::3PP
com.fasterxml.jackson.annotation:OptBoolean:public,final:java.lang.Enum::<init>:private:2:java.lang.String,int:void::3PP
com.fasterxml.jackson.annotation:OptBoolean:public,final:java.lang.Enum::asBoolean:public:0::java.lang.Boolean::3PP
com.fasterxml.jackson.annotation:OptBoolean:public,final:java.lang.Enum::asPrimitive:public:0::boolean::3PP
com.fasterxml.jackson.annotation:OptBoolean:public,final:java.lang.Enum::fromBoolean:public,static:1:java.lang.Boolean:com.fasterxml.jackson.annotation.OptBoolean::3PP
com.fasterxml.jackson.annotation:OptBoolean:public,final:java.lang.Enum::equals:public,static:2:java.lang.Boolean,java.lang.Boolean:boolean::3PP
com.fasterxml.jackson.annotation:OptBoolean:public,final:java.lang.Enum::<clinit>:static:0::void::3PP
com.fasterxml.jackson.annotation:PropertyAccessor:public,final:java.lang.Enum::values:public,static:0::com.fasterxml.jackson.annotation.PropertyAccessor[]::3PP
com.fasterxml.jackson.annotation:PropertyAccessor:public,final:java.lang.Enum::valueOf:public,static:1:java.lang.String:com.fasterxml.jackson.annotation.PropertyAccessor::3PP
com.fasterxml.jackson.annotation:PropertyAccessor:public,final:java.lang.Enum::<init>:private:2:java.lang.String,int:void::3PP
com.fasterxml.jackson.annotation:PropertyAccessor:public,final:java.lang.Enum::creatorEnabled:public:0::boolean::3PP
com.fasterxml.jackson.annotation:PropertyAccessor:public,final:java.lang.Enum::getterEnabled:public:0::boolean::3PP
com.fasterxml.jackson.annotation:PropertyAccessor:public,final:java.lang.Enum::isGetterEnabled:public:0::boolean::3PP
com.fasterxml.jackson.annotation:PropertyAccessor:public,final:java.lang.Enum::setterEnabled:public:0::boolean::3PP
com.fasterxml.jackson.annotation:PropertyAccessor:public,final:java.lang.Enum::fieldEnabled:public:0::boolean::3PP
com.fasterxml.jackson.annotation:PropertyAccessor:public,final:java.lang.Enum::<clinit>:static:0::void::3PP
com.fasterxml.jackson.annotation:SimpleObjectIdResolver:public:java.lang.Object:com.fasterxml.jackson.annotation.ObjectIdResolver:<init>:public:0::void::3PP
com.fasterxml.jackson.annotation:SimpleObjectIdResolver:public:java.lang.Object:com.fasterxml.jackson.annotation.ObjectIdResolver:bindItem:public:2:com.fasterxml.jackson.annotation.ObjectIdGenerator$IdKey,java.lang.Object:void::3PP
com.fasterxml.jackson.annotation:SimpleObjectIdResolver:public:java.lang.Object:com.fasterxml.jackson.annotation.ObjectIdResolver:resolveId:public:1:com.fasterxml.jackson.annotation.ObjectIdGenerator$IdKey:java.lang.Object::3PP
com.fasterxml.jackson.annotation:SimpleObjectIdResolver:public:java.lang.Object:com.fasterxml.jackson.annotation.ObjectIdResolver:canUseFor:public:1:com.fasterxml.jackson.annotation.ObjectIdResolver:boolean::3PP
com.fasterxml.jackson.annotation:SimpleObjectIdResolver:public:java.lang.Object:com.fasterxml.jackson.annotation.ObjectIdResolver:newForDeserialization:public:1:java.lang.Object:com.fasterxml.jackson.annotation.ObjectIdResolver::3PP
