io.netty.channel.unix:Buffer:public,final:java.lang.Object::<init>:private:0::void::3PP
io.netty.channel.unix:Buffer:public,final:java.lang.Object::free:public,static:1:java.nio.ByteBuffer:void::3PP
io.netty.channel.unix:Buffer:public,final:java.lang.Object::allocateDirectWithNativeOrder:public,static:1:int:java.nio.ByteBuffer::3PP
io.netty.channel.unix:Buffer:public,final:java.lang.Object::memoryAddress:public,static:1:java.nio.ByteBuffer:long::3PP
io.netty.channel.unix:Buffer:public,final:java.lang.Object::addressSize:public,static:0::int::3PP
io.netty.channel.unix:Buffer:public,final:java.lang.Object::addressSize0:private,static,native:0::int::3PP
io.netty.channel.unix:Buffer:public,final:java.lang.Object::memoryAddress0:private,static,native:1:java.nio.ByteBuffer:long::3PP
io.netty.channel.unix:Buffer:public,final:java.lang.Object::<clinit>:static:0::void::3PP
io.netty.channel.unix:PreferredDirectByteBufAllocator:public,final:java.lang.Object:io.netty.buffer.ByteBufAllocator:<init>:public:0::void::3PP
io.netty.channel.unix:PreferredDirectByteBufAllocator:public,final:java.lang.Object:io.netty.buffer.ByteBufAllocator:updateAllocator:public:1:io.netty.buffer.ByteBufAllocator:void::3PP
io.netty.channel.unix:PreferredDirectByteBufAllocator:public,final:java.lang.Object:io.netty.buffer.ByteBufAllocator:buffer:public:0::io.netty.buffer.ByteBuf::3PP
io.netty.channel.unix:PreferredDirectByteBufAllocator:public,final:java.lang.Object:io.netty.buffer.ByteBufAllocator:buffer:public:1:int:io.netty.buffer.ByteBuf::3PP
io.netty.channel.unix:PreferredDirectByteBufAllocator:public,final:java.lang.Object:io.netty.buffer.ByteBufAllocator:buffer:public:2:int,int:io.netty.buffer.ByteBuf::3PP
io.netty.channel.unix:PreferredDirectByteBufAllocator:public,final:java.lang.Object:io.netty.buffer.ByteBufAllocator:ioBuffer:public:0::io.netty.buffer.ByteBuf::3PP
io.netty.channel.unix:PreferredDirectByteBufAllocator:public,final:java.lang.Object:io.netty.buffer.ByteBufAllocator:ioBuffer:public:1:int:io.netty.buffer.ByteBuf::3PP
io.netty.channel.unix:PreferredDirectByteBufAllocator:public,final:java.lang.Object:io.netty.buffer.ByteBufAllocator:ioBuffer:public:2:int,int:io.netty.buffer.ByteBuf::3PP
io.netty.channel.unix:PreferredDirectByteBufAllocator:public,final:java.lang.Object:io.netty.buffer.ByteBufAllocator:heapBuffer:public:0::io.netty.buffer.ByteBuf::3PP
io.netty.channel.unix:PreferredDirectByteBufAllocator:public,final:java.lang.Object:io.netty.buffer.ByteBufAllocator:heapBuffer:public:1:int:io.netty.buffer.ByteBuf::3PP
io.netty.channel.unix:PreferredDirectByteBufAllocator:public,final:java.lang.Object:io.netty.buffer.ByteBufAllocator:heapBuffer:public:2:int,int:io.netty.buffer.ByteBuf::3PP
io.netty.channel.unix:PreferredDirectByteBufAllocator:public,final:java.lang.Object:io.netty.buffer.ByteBufAllocator:directBuffer:public:0::io.netty.buffer.ByteBuf::3PP
io.netty.channel.unix:PreferredDirectByteBufAllocator:public,final:java.lang.Object:io.netty.buffer.ByteBufAllocator:directBuffer:public:1:int:io.netty.buffer.ByteBuf::3PP
io.netty.channel.unix:PreferredDirectByteBufAllocator:public,final:java.lang.Object:io.netty.buffer.ByteBufAllocator:directBuffer:public:2:int,int:io.netty.buffer.ByteBuf::3PP
io.netty.channel.unix:PreferredDirectByteBufAllocator:public,final:java.lang.Object:io.netty.buffer.ByteBufAllocator:compositeBuffer:public:0::io.netty.buffer.CompositeByteBuf::3PP
io.netty.channel.unix:PreferredDirectByteBufAllocator:public,final:java.lang.Object:io.netty.buffer.ByteBufAllocator:compositeBuffer:public:1:int:io.netty.buffer.CompositeByteBuf::3PP
io.netty.channel.unix:PreferredDirectByteBufAllocator:public,final:java.lang.Object:io.netty.buffer.ByteBufAllocator:compositeHeapBuffer:public:0::io.netty.buffer.CompositeByteBuf::3PP
io.netty.channel.unix:PreferredDirectByteBufAllocator:public,final:java.lang.Object:io.netty.buffer.ByteBufAllocator:compositeHeapBuffer:public:1:int:io.netty.buffer.CompositeByteBuf::3PP
io.netty.channel.unix:PreferredDirectByteBufAllocator:public,final:java.lang.Object:io.netty.buffer.ByteBufAllocator:compositeDirectBuffer:public:0::io.netty.buffer.CompositeByteBuf::3PP
io.netty.channel.unix:PreferredDirectByteBufAllocator:public,final:java.lang.Object:io.netty.buffer.ByteBufAllocator:compositeDirectBuffer:public:1:int:io.netty.buffer.CompositeByteBuf::3PP
io.netty.channel.unix:PreferredDirectByteBufAllocator:public,final:java.lang.Object:io.netty.buffer.ByteBufAllocator:isDirectBufferPooled:public:0::boolean::3PP
io.netty.channel.unix:PreferredDirectByteBufAllocator:public,final:java.lang.Object:io.netty.buffer.ByteBufAllocator:calculateNewCapacity:public:2:int,int:int::3PP
io.netty.channel.unix:DomainDatagramChannel:public,abstract,interface::io.netty.channel.unix.UnixChannel,io.netty.channel.Channel:config:public,abstract:0::io.netty.channel.unix.DomainDatagramChannelConfig::3PP
io.netty.channel.unix:DomainDatagramChannel:public,abstract,interface::io.netty.channel.unix.UnixChannel,io.netty.channel.Channel:isConnected:public,abstract:0::boolean::3PP
io.netty.channel.unix:DomainDatagramChannel:public,abstract,interface::io.netty.channel.unix.UnixChannel,io.netty.channel.Channel:localAddress:public,abstract:0::io.netty.channel.unix.DomainSocketAddress::3PP
io.netty.channel.unix:DomainDatagramChannel:public,abstract,interface::io.netty.channel.unix.UnixChannel,io.netty.channel.Channel:remoteAddress:public,abstract:0::io.netty.channel.unix.DomainSocketAddress::3PP
io.netty.channel.unix:Unix:public,final:java.lang.Object::registerInternal:public,static,synchronized:1:java.lang.Runnable:void::3PP
io.netty.channel.unix:Unix:public,final:java.lang.Object::isAvailable:public,static:0::boolean::3PP
io.netty.channel.unix:Unix:public,final:java.lang.Object::ensureAvailability:public,static:0::void::3PP
io.netty.channel.unix:Unix:public,final:java.lang.Object::unavailabilityCause:public,static:0::java.lang.Throwable::3PP
io.netty.channel.unix:Unix:public,final:java.lang.Object::<init>:private:0::void::3PP
io.netty.channel.unix:Unix:public,final:java.lang.Object::<clinit>:static:0::void::3PP
io.netty.channel.unix:DomainDatagramSocketAddress:public,final:io.netty.channel.unix.DomainSocketAddress::<init>:public:3:byte[],int,io.netty.channel.unix.DomainDatagramSocketAddress:void::3PP
io.netty.channel.unix:DomainDatagramSocketAddress:public,final:io.netty.channel.unix.DomainSocketAddress::localAddress:public:0::io.netty.channel.unix.DomainDatagramSocketAddress::3PP
io.netty.channel.unix:DomainDatagramSocketAddress:public,final:io.netty.channel.unix.DomainSocketAddress::receivedAmount:public:0::int::3PP
io.netty.channel.unix:LimitsStaticallyReferencedJniMethods:final:java.lang.Object::<init>:private:0::void::3PP
io.netty.channel.unix:LimitsStaticallyReferencedJniMethods:final:java.lang.Object::ssizeMax:static,native:0::long::3PP
io.netty.channel.unix:LimitsStaticallyReferencedJniMethods:final:java.lang.Object::iovMax:static,native:0::int::3PP
io.netty.channel.unix:LimitsStaticallyReferencedJniMethods:final:java.lang.Object::uioMaxIov:static,native:0::int::3PP
io.netty.channel.unix:LimitsStaticallyReferencedJniMethods:final:java.lang.Object::sizeOfjlong:static,native:0::int::3PP
io.netty.channel.unix:LimitsStaticallyReferencedJniMethods:final:java.lang.Object::udsSunPathSize:static,native:0::int::3PP
io.netty.channel.unix:UnixChannelOption:public:io.netty.channel.ChannelOption::<init>:protected:0::void::3PP
io.netty.channel.unix:UnixChannelOption:public:io.netty.channel.ChannelOption::<clinit>:static:0::void::3PP
io.netty.channel.unix:ErrorsStaticallyReferencedJniMethods:final:java.lang.Object::<init>:private:0::void::3PP
io.netty.channel.unix:ErrorsStaticallyReferencedJniMethods:final:java.lang.Object::errnoENOENT:static,native:0::int::3PP
io.netty.channel.unix:ErrorsStaticallyReferencedJniMethods:final:java.lang.Object::errnoEBADF:static,native:0::int::3PP
io.netty.channel.unix:ErrorsStaticallyReferencedJniMethods:final:java.lang.Object::errnoEPIPE:static,native:0::int::3PP
io.netty.channel.unix:ErrorsStaticallyReferencedJniMethods:final:java.lang.Object::errnoECONNRESET:static,native:0::int::3PP
io.netty.channel.unix:ErrorsStaticallyReferencedJniMethods:final:java.lang.Object::errnoENOTCONN:static,native:0::int::3PP
io.netty.channel.unix:ErrorsStaticallyReferencedJniMethods:final:java.lang.Object::errnoEAGAIN:static,native:0::int::3PP
io.netty.channel.unix:ErrorsStaticallyReferencedJniMethods:final:java.lang.Object::errnoEWOULDBLOCK:static,native:0::int::3PP
io.netty.channel.unix:ErrorsStaticallyReferencedJniMethods:final:java.lang.Object::errnoEINPROGRESS:static,native:0::int::3PP
io.netty.channel.unix:ErrorsStaticallyReferencedJniMethods:final:java.lang.Object::errorECONNREFUSED:static,native:0::int::3PP
io.netty.channel.unix:ErrorsStaticallyReferencedJniMethods:final:java.lang.Object::errorEISCONN:static,native:0::int::3PP
io.netty.channel.unix:ErrorsStaticallyReferencedJniMethods:final:java.lang.Object::errorEALREADY:static,native:0::int::3PP
io.netty.channel.unix:ErrorsStaticallyReferencedJniMethods:final:java.lang.Object::errorENETUNREACH:static,native:0::int::3PP
io.netty.channel.unix:ErrorsStaticallyReferencedJniMethods:final:java.lang.Object::strError:static,native:1:int:java.lang.String::3PP
io.netty.channel.unix:DomainSocketReadMode:public,final:java.lang.Enum::values:public,static:0::io.netty.channel.unix.DomainSocketReadMode[]::3PP
io.netty.channel.unix:DomainSocketReadMode:public,final:java.lang.Enum::valueOf:public,static:1:java.lang.String:io.netty.channel.unix.DomainSocketReadMode::3PP
io.netty.channel.unix:DomainSocketReadMode:public,final:java.lang.Enum::<init>:private:2:java.lang.String,int:void::3PP
io.netty.channel.unix:DomainSocketReadMode:public,final:java.lang.Enum::<clinit>:static:0::void::3PP
io.netty.channel.unix:IovArray:public,final:java.lang.Object:io.netty.channel.ChannelOutboundBuffer$MessageProcessor:<init>:public:0::void::3PP
io.netty.channel.unix:IovArray:public,final:java.lang.Object:io.netty.channel.ChannelOutboundBuffer$MessageProcessor:<init>:public:1:io.netty.buffer.ByteBuf:void::3PP
io.netty.channel.unix:IovArray:public,final:java.lang.Object:io.netty.channel.ChannelOutboundBuffer$MessageProcessor:clear:public:0::void::3PP
io.netty.channel.unix:IovArray:public,final:java.lang.Object:io.netty.channel.ChannelOutboundBuffer$MessageProcessor:add:public:1:io.netty.buffer.ByteBuf:boolean::3PP
io.netty.channel.unix:IovArray:public,final:java.lang.Object:io.netty.channel.ChannelOutboundBuffer$MessageProcessor:add:public:3:io.netty.buffer.ByteBuf,int,int:boolean::3PP
io.netty.channel.unix:IovArray:public,final:java.lang.Object:io.netty.channel.ChannelOutboundBuffer$MessageProcessor:add:private:3:long,long,int:boolean::3PP
io.netty.channel.unix:IovArray:public,final:java.lang.Object:io.netty.channel.ChannelOutboundBuffer$MessageProcessor:count:public:0::int::3PP
io.netty.channel.unix:IovArray:public,final:java.lang.Object:io.netty.channel.ChannelOutboundBuffer$MessageProcessor:size:public:0::long::3PP
io.netty.channel.unix:IovArray:public,final:java.lang.Object:io.netty.channel.ChannelOutboundBuffer$MessageProcessor:maxBytes:public:1:long:void::3PP
io.netty.channel.unix:IovArray:public,final:java.lang.Object:io.netty.channel.ChannelOutboundBuffer$MessageProcessor:maxBytes:public:0::long::3PP
io.netty.channel.unix:IovArray:public,final:java.lang.Object:io.netty.channel.ChannelOutboundBuffer$MessageProcessor:memoryAddress:public:1:int:long::3PP
io.netty.channel.unix:IovArray:public,final:java.lang.Object:io.netty.channel.ChannelOutboundBuffer$MessageProcessor:release:public:0::void::3PP
io.netty.channel.unix:IovArray:public,final:java.lang.Object:io.netty.channel.ChannelOutboundBuffer$MessageProcessor:processMessage:public:1:java.lang.Object:boolean::3PP
io.netty.channel.unix:IovArray:public,final:java.lang.Object:io.netty.channel.ChannelOutboundBuffer$MessageProcessor:idx:private,static:1:int:int::3PP
io.netty.channel.unix:IovArray:public,final:java.lang.Object:io.netty.channel.ChannelOutboundBuffer$MessageProcessor:<clinit>:static:0::void::3PP
io.netty.channel.unix:Errors$NativeConnectException:final:java.net.ConnectException::<init>::2:java.lang.String,int:void::3PP
io.netty.channel.unix:Errors$NativeConnectException:final:java.net.ConnectException::expectedErr::0::int::3PP
io.netty.channel.unix:Errors$NativeIoException:public,final:java.io.IOException::<init>:public:2:java.lang.String,int:void::3PP
io.netty.channel.unix:Errors$NativeIoException:public,final:java.io.IOException::<init>:public:3:java.lang.String,int,boolean:void::3PP
io.netty.channel.unix:Errors$NativeIoException:public,final:java.io.IOException::expectedErr:public:0::int::3PP
io.netty.channel.unix:Errors$NativeIoException:public,final:java.io.IOException::fillInStackTrace:public,synchronized:0::java.lang.Throwable::3PP
io.netty.channel.unix:FileDescriptor:public:java.lang.Object::<init>:public:1:int:void::3PP
io.netty.channel.unix:FileDescriptor:public:java.lang.Object::intValue:public,final:0::int::3PP
io.netty.channel.unix:FileDescriptor:public:java.lang.Object::markClosed:protected:0::boolean::3PP
io.netty.channel.unix:FileDescriptor:public:java.lang.Object::close:public:0::void::3PP
io.netty.channel.unix:FileDescriptor:public:java.lang.Object::isOpen:public:0::boolean::3PP
io.netty.channel.unix:FileDescriptor:public:java.lang.Object::write:public,final:3:java.nio.ByteBuffer,int,int:int::3PP
io.netty.channel.unix:FileDescriptor:public:java.lang.Object::writeAddress:public,final:3:long,int,int:int::3PP
io.netty.channel.unix:FileDescriptor:public:java.lang.Object::writev:public,final:4:java.nio.ByteBuffer[],int,int,long:long::3PP
io.netty.channel.unix:FileDescriptor:public:java.lang.Object::writevAddresses:public,final:2:long,int:long::3PP
io.netty.channel.unix:FileDescriptor:public:java.lang.Object::read:public,final:3:java.nio.ByteBuffer,int,int:int::3PP
io.netty.channel.unix:FileDescriptor:public:java.lang.Object::readAddress:public,final:3:long,int,int:int::3PP
io.netty.channel.unix:FileDescriptor:public:java.lang.Object::toString:public:0::java.lang.String::3PP
io.netty.channel.unix:FileDescriptor:public:java.lang.Object::equals:public:1:java.lang.Object:boolean::3PP
io.netty.channel.unix:FileDescriptor:public:java.lang.Object::hashCode:public:0::int::3PP
io.netty.channel.unix:FileDescriptor:public:java.lang.Object::from:public,static:1:java.lang.String:io.netty.channel.unix.FileDescriptor::3PP
io.netty.channel.unix:FileDescriptor:public:java.lang.Object::from:public,static:1:java.io.File:io.netty.channel.unix.FileDescriptor::3PP
io.netty.channel.unix:FileDescriptor:public:java.lang.Object::pipe:public,static:0::io.netty.channel.unix.FileDescriptor[]::3PP
io.netty.channel.unix:FileDescriptor:public:java.lang.Object::casState:final:2:int,int:boolean::3PP
io.netty.channel.unix:FileDescriptor:public:java.lang.Object::isClosed:static:1:int:boolean::3PP
io.netty.channel.unix:FileDescriptor:public:java.lang.Object::isInputShutdown:static:1:int:boolean::3PP
io.netty.channel.unix:FileDescriptor:public:java.lang.Object::isOutputShutdown:static:1:int:boolean::3PP
io.netty.channel.unix:FileDescriptor:public:java.lang.Object::inputShutdown:static:1:int:int::3PP
io.netty.channel.unix:FileDescriptor:public:java.lang.Object::outputShutdown:static:1:int:int::3PP
io.netty.channel.unix:FileDescriptor:public:java.lang.Object::open:private,static,native:1:java.lang.String:int::3PP
io.netty.channel.unix:FileDescriptor:public:java.lang.Object::close:private,static,native:1:int:int::3PP
io.netty.channel.unix:FileDescriptor:public:java.lang.Object::write:private,static,native:4:int,java.nio.ByteBuffer,int,int:int::3PP
io.netty.channel.unix:FileDescriptor:public:java.lang.Object::writeAddress:private,static,native:4:int,long,int,int:int::3PP
io.netty.channel.unix:FileDescriptor:public:java.lang.Object::writev:private,static,native:5:int,java.nio.ByteBuffer[],int,int,long:long::3PP
io.netty.channel.unix:FileDescriptor:public:java.lang.Object::writevAddresses:private,static,native:3:int,long,int:long::3PP
io.netty.channel.unix:FileDescriptor:public:java.lang.Object::read:private,static,native:4:int,java.nio.ByteBuffer,int,int:int::3PP
io.netty.channel.unix:FileDescriptor:public:java.lang.Object::readAddress:private,static,native:4:int,long,int,int:int::3PP
io.netty.channel.unix:FileDescriptor:public:java.lang.Object::newPipe:private,static,native:0::long::3PP
io.netty.channel.unix:FileDescriptor:public:java.lang.Object::<clinit>:static:0::void::3PP
io.netty.channel.unix:DatagramSocketAddress:public,final:java.net.InetSocketAddress::<init>::5:byte[],int,int,int,io.netty.channel.unix.DatagramSocketAddress:void::3PP
io.netty.channel.unix:DatagramSocketAddress:public,final:java.net.InetSocketAddress::localAddress:public:0::io.netty.channel.unix.DatagramSocketAddress::3PP
io.netty.channel.unix:DatagramSocketAddress:public,final:java.net.InetSocketAddress::receivedAmount:public:0::int::3PP
io.netty.channel.unix:DatagramSocketAddress:public,final:java.net.InetSocketAddress::newAddress:private,static:2:byte[],int:java.net.InetAddress::3PP
io.netty.channel.unix:DomainSocketChannelConfig:public,abstract,interface::io.netty.channel.ChannelConfig:setMaxMessagesPerRead:public,abstract:1:int:io.netty.channel.unix.DomainSocketChannelConfig::3PP
io.netty.channel.unix:DomainSocketChannelConfig:public,abstract,interface::io.netty.channel.ChannelConfig:setConnectTimeoutMillis:public,abstract:1:int:io.netty.channel.unix.DomainSocketChannelConfig::3PP
io.netty.channel.unix:DomainSocketChannelConfig:public,abstract,interface::io.netty.channel.ChannelConfig:setWriteSpinCount:public,abstract:1:int:io.netty.channel.unix.DomainSocketChannelConfig::3PP
io.netty.channel.unix:DomainSocketChannelConfig:public,abstract,interface::io.netty.channel.ChannelConfig:setAllocator:public,abstract:1:io.netty.buffer.ByteBufAllocator:io.netty.channel.unix.DomainSocketChannelConfig::3PP
io.netty.channel.unix:DomainSocketChannelConfig:public,abstract,interface::io.netty.channel.ChannelConfig:setRecvByteBufAllocator:public,abstract:1:io.netty.channel.RecvByteBufAllocator:io.netty.channel.unix.DomainSocketChannelConfig::3PP
io.netty.channel.unix:DomainSocketChannelConfig:public,abstract,interface::io.netty.channel.ChannelConfig:setAutoRead:public,abstract:1:boolean:io.netty.channel.unix.DomainSocketChannelConfig::3PP
io.netty.channel.unix:DomainSocketChannelConfig:public,abstract,interface::io.netty.channel.ChannelConfig:setAutoClose:public,abstract:1:boolean:io.netty.channel.unix.DomainSocketChannelConfig::3PP
io.netty.channel.unix:DomainSocketChannelConfig:public,abstract,interface::io.netty.channel.ChannelConfig:setWriteBufferHighWaterMark:public,abstract:1:int:io.netty.channel.unix.DomainSocketChannelConfig::3PP
io.netty.channel.unix:DomainSocketChannelConfig:public,abstract,interface::io.netty.channel.ChannelConfig:setWriteBufferLowWaterMark:public,abstract:1:int:io.netty.channel.unix.DomainSocketChannelConfig::3PP
io.netty.channel.unix:DomainSocketChannelConfig:public,abstract,interface::io.netty.channel.ChannelConfig:setWriteBufferWaterMark:public,abstract:1:io.netty.channel.WriteBufferWaterMark:io.netty.channel.unix.DomainSocketChannelConfig::3PP
io.netty.channel.unix:DomainSocketChannelConfig:public,abstract,interface::io.netty.channel.ChannelConfig:setMessageSizeEstimator:public,abstract:1:io.netty.channel.MessageSizeEstimator:io.netty.channel.unix.DomainSocketChannelConfig::3PP
io.netty.channel.unix:DomainSocketChannelConfig:public,abstract,interface::io.netty.channel.ChannelConfig:setReadMode:public,abstract:1:io.netty.channel.unix.DomainSocketReadMode:io.netty.channel.unix.DomainSocketChannelConfig::3PP
io.netty.channel.unix:DomainSocketChannelConfig:public,abstract,interface::io.netty.channel.ChannelConfig:getReadMode:public,abstract:0::io.netty.channel.unix.DomainSocketReadMode::3PP
io.netty.channel.unix:SocketWritableByteChannel:public,abstract:java.lang.Object:java.nio.channels.WritableByteChannel:<init>:protected:1:io.netty.channel.unix.FileDescriptor:void::3PP
io.netty.channel.unix:SocketWritableByteChannel:public,abstract:java.lang.Object:java.nio.channels.WritableByteChannel:write:public,final:1:java.nio.ByteBuffer:int::3PP
io.netty.channel.unix:SocketWritableByteChannel:public,abstract:java.lang.Object:java.nio.channels.WritableByteChannel:isOpen:public,final:0::boolean::3PP
io.netty.channel.unix:SocketWritableByteChannel:public,abstract:java.lang.Object:java.nio.channels.WritableByteChannel:close:public,final:0::void::3PP
io.netty.channel.unix:SocketWritableByteChannel:public,abstract:java.lang.Object:java.nio.channels.WritableByteChannel:alloc:protected,abstract:0::io.netty.buffer.ByteBufAllocator::3PP
io.netty.channel.unix:SegmentedDatagramPacket:public:io.netty.channel.socket.DatagramPacket::<init>:public:3:io.netty.buffer.ByteBuf,int,java.net.InetSocketAddress:void::3PP
io.netty.channel.unix:SegmentedDatagramPacket:public:io.netty.channel.socket.DatagramPacket::<init>:public:4:io.netty.buffer.ByteBuf,int,java.net.InetSocketAddress,java.net.InetSocketAddress:void::3PP
io.netty.channel.unix:SegmentedDatagramPacket:public:io.netty.channel.socket.DatagramPacket::segmentSize:public:0::int::3PP
io.netty.channel.unix:SegmentedDatagramPacket:public:io.netty.channel.socket.DatagramPacket::copy:public:0::io.netty.channel.unix.SegmentedDatagramPacket::3PP
io.netty.channel.unix:SegmentedDatagramPacket:public:io.netty.channel.socket.DatagramPacket::duplicate:public:0::io.netty.channel.unix.SegmentedDatagramPacket::3PP
io.netty.channel.unix:SegmentedDatagramPacket:public:io.netty.channel.socket.DatagramPacket::retainedDuplicate:public:0::io.netty.channel.unix.SegmentedDatagramPacket::3PP
io.netty.channel.unix:SegmentedDatagramPacket:public:io.netty.channel.socket.DatagramPacket::replace:public:1:io.netty.buffer.ByteBuf:io.netty.channel.unix.SegmentedDatagramPacket::3PP
io.netty.channel.unix:SegmentedDatagramPacket:public:io.netty.channel.socket.DatagramPacket::retain:public:0::io.netty.channel.unix.SegmentedDatagramPacket::3PP
io.netty.channel.unix:SegmentedDatagramPacket:public:io.netty.channel.socket.DatagramPacket::retain:public:1:int:io.netty.channel.unix.SegmentedDatagramPacket::3PP
io.netty.channel.unix:SegmentedDatagramPacket:public:io.netty.channel.socket.DatagramPacket::touch:public:0::io.netty.channel.unix.SegmentedDatagramPacket::3PP
io.netty.channel.unix:SegmentedDatagramPacket:public:io.netty.channel.socket.DatagramPacket::touch:public:1:java.lang.Object:io.netty.channel.unix.SegmentedDatagramPacket::3PP
io.netty.channel.unix:SegmentedDatagramPacket:public:io.netty.channel.socket.DatagramPacket::touch:public,volatile:1:java.lang.Object:io.netty.channel.socket.DatagramPacket::3PP
io.netty.channel.unix:SegmentedDatagramPacket:public:io.netty.channel.socket.DatagramPacket::touch:public,volatile:0::io.netty.channel.socket.DatagramPacket::3PP
io.netty.channel.unix:SegmentedDatagramPacket:public:io.netty.channel.socket.DatagramPacket::retain:public,volatile:1:int:io.netty.channel.socket.DatagramPacket::3PP
io.netty.channel.unix:SegmentedDatagramPacket:public:io.netty.channel.socket.DatagramPacket::retain:public,volatile:0::io.netty.channel.socket.DatagramPacket::3PP
io.netty.channel.unix:SegmentedDatagramPacket:public:io.netty.channel.socket.DatagramPacket::replace:public,volatile:1:io.netty.buffer.ByteBuf:io.netty.channel.socket.DatagramPacket::3PP
io.netty.channel.unix:SegmentedDatagramPacket:public:io.netty.channel.socket.DatagramPacket::retainedDuplicate:public,volatile:0::io.netty.channel.socket.DatagramPacket::3PP
io.netty.channel.unix:SegmentedDatagramPacket:public:io.netty.channel.socket.DatagramPacket::duplicate:public,volatile:0::io.netty.channel.socket.DatagramPacket::3PP
io.netty.channel.unix:SegmentedDatagramPacket:public:io.netty.channel.socket.DatagramPacket::copy:public,volatile:0::io.netty.channel.socket.DatagramPacket::3PP
io.netty.channel.unix:SegmentedDatagramPacket:public:io.netty.channel.socket.DatagramPacket::touch:public,volatile:1:java.lang.Object:io.netty.buffer.ByteBufHolder::3PP
io.netty.channel.unix:SegmentedDatagramPacket:public:io.netty.channel.socket.DatagramPacket::touch:public,volatile:0::io.netty.buffer.ByteBufHolder::3PP
io.netty.channel.unix:SegmentedDatagramPacket:public:io.netty.channel.socket.DatagramPacket::retain:public,volatile:1:int:io.netty.buffer.ByteBufHolder::3PP
io.netty.channel.unix:SegmentedDatagramPacket:public:io.netty.channel.socket.DatagramPacket::retain:public,volatile:0::io.netty.buffer.ByteBufHolder::3PP
io.netty.channel.unix:SegmentedDatagramPacket:public:io.netty.channel.socket.DatagramPacket::replace:public,volatile:1:io.netty.buffer.ByteBuf:io.netty.buffer.ByteBufHolder::3PP
io.netty.channel.unix:SegmentedDatagramPacket:public:io.netty.channel.socket.DatagramPacket::retainedDuplicate:public,volatile:0::io.netty.buffer.ByteBufHolder::3PP
io.netty.channel.unix:SegmentedDatagramPacket:public:io.netty.channel.socket.DatagramPacket::duplicate:public,volatile:0::io.netty.buffer.ByteBufHolder::3PP
io.netty.channel.unix:SegmentedDatagramPacket:public:io.netty.channel.socket.DatagramPacket::copy:public,volatile:0::io.netty.buffer.ByteBufHolder::3PP
io.netty.channel.unix:SegmentedDatagramPacket:public:io.netty.channel.socket.DatagramPacket::touch:public,volatile:1:java.lang.Object:io.netty.util.ReferenceCounted::3PP
io.netty.channel.unix:SegmentedDatagramPacket:public:io.netty.channel.socket.DatagramPacket::touch:public,volatile:0::io.netty.util.ReferenceCounted::3PP
io.netty.channel.unix:SegmentedDatagramPacket:public:io.netty.channel.socket.DatagramPacket::retain:public,volatile:1:int:io.netty.util.ReferenceCounted::3PP
io.netty.channel.unix:SegmentedDatagramPacket:public:io.netty.channel.socket.DatagramPacket::retain:public,volatile:0::io.netty.util.ReferenceCounted::3PP
io.netty.channel.unix:SegmentedDatagramPacket:public:io.netty.channel.socket.DatagramPacket::touch:public,volatile:1:java.lang.Object:io.netty.channel.AddressedEnvelope::3PP
io.netty.channel.unix:SegmentedDatagramPacket:public:io.netty.channel.socket.DatagramPacket::touch:public,volatile:0::io.netty.channel.AddressedEnvelope::3PP
io.netty.channel.unix:SegmentedDatagramPacket:public:io.netty.channel.socket.DatagramPacket::retain:public,volatile:1:int:io.netty.channel.AddressedEnvelope::3PP
io.netty.channel.unix:SegmentedDatagramPacket:public:io.netty.channel.socket.DatagramPacket::retain:public,volatile:0::io.netty.channel.AddressedEnvelope::3PP
io.netty.channel.unix:DomainSocketChannel:public,abstract,interface::io.netty.channel.unix.UnixChannel,io.netty.channel.socket.DuplexChannel:remoteAddress:public,abstract:0::io.netty.channel.unix.DomainSocketAddress::3PP
io.netty.channel.unix:DomainSocketChannel:public,abstract,interface::io.netty.channel.unix.UnixChannel,io.netty.channel.socket.DuplexChannel:localAddress:public,abstract:0::io.netty.channel.unix.DomainSocketAddress::3PP
io.netty.channel.unix:DomainSocketChannel:public,abstract,interface::io.netty.channel.unix.UnixChannel,io.netty.channel.socket.DuplexChannel:config:public,abstract:0::io.netty.channel.unix.DomainSocketChannelConfig::3PP
io.netty.channel.unix:Errors:public,final:java.lang.Object::handleConnectErrno:static:2:java.lang.String,int:boolean::3PP
io.netty.channel.unix:Errors:public,final:java.lang.Object::throwConnectException:public,static:2:java.lang.String,int:void::3PP
io.netty.channel.unix:Errors:public,final:java.lang.Object::newConnectException0:private,static:2:java.lang.String,int:java.io.IOException::3PP
io.netty.channel.unix:Errors:public,final:java.lang.Object::newConnectionResetException:public,static:2:java.lang.String,int:io.netty.channel.unix.Errors$NativeIoException::3PP
io.netty.channel.unix:Errors:public,final:java.lang.Object::newIOException:public,static:2:java.lang.String,int:io.netty.channel.unix.Errors$NativeIoException::3PP
io.netty.channel.unix:Errors:public,final:java.lang.Object::ioResult:public,static:4:java.lang.String,int,io.netty.channel.unix.Errors$NativeIoException,java.nio.channels.ClosedChannelException:int::3PP
io.netty.channel.unix:Errors:public,final:java.lang.Object::ioResult:public,static:2:java.lang.String,int:int::3PP
io.netty.channel.unix:Errors:public,final:java.lang.Object::<init>:private:0::void::3PP
io.netty.channel.unix:Errors:public,final:java.lang.Object::access$000:static:0::java.lang.String[]::3PP
io.netty.channel.unix:Errors:public,final:java.lang.Object::<clinit>:static:0::void::3PP
io.netty.channel.unix:NativeInetAddress:public,final:java.lang.Object::newInstance:public,static:1:java.net.InetAddress:io.netty.channel.unix.NativeInetAddress::3PP
io.netty.channel.unix:NativeInetAddress:public,final:java.lang.Object::<init>:public:2:byte[],int:void::3PP
io.netty.channel.unix:NativeInetAddress:public,final:java.lang.Object::<init>:public:1:byte[]:void::3PP
io.netty.channel.unix:NativeInetAddress:public,final:java.lang.Object::address:public:0::byte[]::3PP
io.netty.channel.unix:NativeInetAddress:public,final:java.lang.Object::scopeId:public:0::int::3PP
io.netty.channel.unix:NativeInetAddress:public,final:java.lang.Object::ipv4MappedIpv6Address:public,static:1:byte[]:byte[]::3PP
io.netty.channel.unix:NativeInetAddress:public,final:java.lang.Object::copyIpv4MappedIpv6Address:public,static:2:byte[],byte[]:void::3PP
io.netty.channel.unix:NativeInetAddress:public,final:java.lang.Object::address:public,static:3:byte[],int,int:java.net.InetSocketAddress::3PP
io.netty.channel.unix:NativeInetAddress:public,final:java.lang.Object::decodeInt:static:2:byte[],int:int::3PP
io.netty.channel.unix:NativeInetAddress:public,final:java.lang.Object::<clinit>:static:0::void::3PP
io.netty.channel.unix:Limits:public,final:java.lang.Object::<init>:private:0::void::3PP
io.netty.channel.unix:Limits:public,final:java.lang.Object::<clinit>:static:0::void::3PP
io.netty.channel.unix:UnixChannelUtil:public,final:java.lang.Object::<init>:private:0::void::3PP
io.netty.channel.unix:UnixChannelUtil:public,final:java.lang.Object::isBufferCopyNeededForWrite:public,static:1:io.netty.buffer.ByteBuf:boolean::3PP
io.netty.channel.unix:UnixChannelUtil:public,final:java.lang.Object::isBufferCopyNeededForWrite:static:2:io.netty.buffer.ByteBuf,int:boolean::3PP
io.netty.channel.unix:UnixChannelUtil:public,final:java.lang.Object::computeRemoteAddr:public,static:2:java.net.InetSocketAddress,java.net.InetSocketAddress:java.net.InetSocketAddress::3PP
io.netty.channel.unix:Socket:public:io.netty.channel.unix.FileDescriptor::<init>:public:1:int:void::3PP
io.netty.channel.unix:Socket:public:io.netty.channel.unix.FileDescriptor::useIpv6:private:1:java.net.InetAddress:boolean::3PP
io.netty.channel.unix:Socket:public:io.netty.channel.unix.FileDescriptor::useIpv6:protected,static:2:io.netty.channel.unix.Socket,java.net.InetAddress:boolean::3PP
io.netty.channel.unix:Socket:public:io.netty.channel.unix.FileDescriptor::shutdown:public,final:0::void::3PP
io.netty.channel.unix:Socket:public:io.netty.channel.unix.FileDescriptor::shutdown:public,final:2:boolean,boolean:void::3PP
io.netty.channel.unix:Socket:public:io.netty.channel.unix.FileDescriptor::isShutdown:public,final:0::boolean::3PP
io.netty.channel.unix:Socket:public:io.netty.channel.unix.FileDescriptor::isInputShutdown:public,final:0::boolean::3PP
io.netty.channel.unix:Socket:public:io.netty.channel.unix.FileDescriptor::isOutputShutdown:public,final:0::boolean::3PP
io.netty.channel.unix:Socket:public:io.netty.channel.unix.FileDescriptor::sendTo:public,final:5:java.nio.ByteBuffer,int,int,java.net.InetAddress,int:int::3PP
io.netty.channel.unix:Socket:public:io.netty.channel.unix.FileDescriptor::sendTo:public,final:6:java.nio.ByteBuffer,int,int,java.net.InetAddress,int,boolean:int::3PP
io.netty.channel.unix:Socket:public:io.netty.channel.unix.FileDescriptor::sendToDomainSocket:public,final:4:java.nio.ByteBuffer,int,int,byte[]:int::3PP
io.netty.channel.unix:Socket:public:io.netty.channel.unix.FileDescriptor::sendToAddress:public,final:5:long,int,int,java.net.InetAddress,int:int::3PP
io.netty.channel.unix:Socket:public:io.netty.channel.unix.FileDescriptor::sendToAddress:public,final:6:long,int,int,java.net.InetAddress,int,boolean:int::3PP
io.netty.channel.unix:Socket:public:io.netty.channel.unix.FileDescriptor::sendToAddressDomainSocket:public,final:4:long,int,int,byte[]:int::3PP
io.netty.channel.unix:Socket:public:io.netty.channel.unix.FileDescriptor::sendToAddresses:public,final:4:long,int,java.net.InetAddress,int:int::3PP
io.netty.channel.unix:Socket:public:io.netty.channel.unix.FileDescriptor::sendToAddresses:public,final:5:long,int,java.net.InetAddress,int,boolean:int::3PP
io.netty.channel.unix:Socket:public:io.netty.channel.unix.FileDescriptor::sendToAddressesDomainSocket:public,final:3:long,int,byte[]:int::3PP
io.netty.channel.unix:Socket:public:io.netty.channel.unix.FileDescriptor::recvFrom:public,final:3:java.nio.ByteBuffer,int,int:io.netty.channel.unix.DatagramSocketAddress::3PP
io.netty.channel.unix:Socket:public:io.netty.channel.unix.FileDescriptor::recvFromAddress:public,final:3:long,int,int:io.netty.channel.unix.DatagramSocketAddress::3PP
io.netty.channel.unix:Socket:public:io.netty.channel.unix.FileDescriptor::recvFromDomainSocket:public,final:3:java.nio.ByteBuffer,int,int:io.netty.channel.unix.DomainDatagramSocketAddress::3PP
io.netty.channel.unix:Socket:public:io.netty.channel.unix.FileDescriptor::recvFromAddressDomainSocket:public,final:3:long,int,int:io.netty.channel.unix.DomainDatagramSocketAddress::3PP
io.netty.channel.unix:Socket:public:io.netty.channel.unix.FileDescriptor::recvFd:public,final:0::int::3PP
io.netty.channel.unix:Socket:public:io.netty.channel.unix.FileDescriptor::sendFd:public,final:1:int:int::3PP
io.netty.channel.unix:Socket:public:io.netty.channel.unix.FileDescriptor::connect:public,final:1:java.net.SocketAddress:boolean::3PP
io.netty.channel.unix:Socket:public:io.netty.channel.unix.FileDescriptor::finishConnect:public,final:0::boolean::3PP
io.netty.channel.unix:Socket:public:io.netty.channel.unix.FileDescriptor::disconnect:public,final:0::void::3PP
io.netty.channel.unix:Socket:public:io.netty.channel.unix.FileDescriptor::bind:public,final:1:java.net.SocketAddress:void::3PP
io.netty.channel.unix:Socket:public:io.netty.channel.unix.FileDescriptor::listen:public,final:1:int:void::3PP
io.netty.channel.unix:Socket:public:io.netty.channel.unix.FileDescriptor::accept:public,final:1:byte[]:int::3PP
io.netty.channel.unix:Socket:public:io.netty.channel.unix.FileDescriptor::remoteAddress:public,final:0::java.net.InetSocketAddress::3PP
io.netty.channel.unix:Socket:public:io.netty.channel.unix.FileDescriptor::localAddress:public,final:0::java.net.InetSocketAddress::3PP
io.netty.channel.unix:Socket:public:io.netty.channel.unix.FileDescriptor::getReceiveBufferSize:public,final:0::int::3PP
io.netty.channel.unix:Socket:public:io.netty.channel.unix.FileDescriptor::getSendBufferSize:public,final:0::int::3PP
io.netty.channel.unix:Socket:public:io.netty.channel.unix.FileDescriptor::isKeepAlive:public,final:0::boolean::3PP
io.netty.channel.unix:Socket:public:io.netty.channel.unix.FileDescriptor::isTcpNoDelay:public,final:0::boolean::3PP
io.netty.channel.unix:Socket:public:io.netty.channel.unix.FileDescriptor::isReuseAddress:public,final:0::boolean::3PP
io.netty.channel.unix:Socket:public:io.netty.channel.unix.FileDescriptor::isReusePort:public,final:0::boolean::3PP
io.netty.channel.unix:Socket:public:io.netty.channel.unix.FileDescriptor::isBroadcast:public,final:0::boolean::3PP
io.netty.channel.unix:Socket:public:io.netty.channel.unix.FileDescriptor::getSoLinger:public,final:0::int::3PP
io.netty.channel.unix:Socket:public:io.netty.channel.unix.FileDescriptor::getSoError:public,final:0::int::3PP
io.netty.channel.unix:Socket:public:io.netty.channel.unix.FileDescriptor::getTrafficClass:public,final:0::int::3PP
io.netty.channel.unix:Socket:public:io.netty.channel.unix.FileDescriptor::setKeepAlive:public,final:1:boolean:void::3PP
io.netty.channel.unix:Socket:public:io.netty.channel.unix.FileDescriptor::setReceiveBufferSize:public,final:1:int:void::3PP
io.netty.channel.unix:Socket:public:io.netty.channel.unix.FileDescriptor::setSendBufferSize:public,final:1:int:void::3PP
io.netty.channel.unix:Socket:public:io.netty.channel.unix.FileDescriptor::setTcpNoDelay:public,final:1:boolean:void::3PP
io.netty.channel.unix:Socket:public:io.netty.channel.unix.FileDescriptor::setSoLinger:public,final:1:int:void::3PP
io.netty.channel.unix:Socket:public:io.netty.channel.unix.FileDescriptor::setReuseAddress:public,final:1:boolean:void::3PP
io.netty.channel.unix:Socket:public:io.netty.channel.unix.FileDescriptor::setReusePort:public,final:1:boolean:void::3PP
io.netty.channel.unix:Socket:public:io.netty.channel.unix.FileDescriptor::setBroadcast:public,final:1:boolean:void::3PP
io.netty.channel.unix:Socket:public:io.netty.channel.unix.FileDescriptor::setTrafficClass:public,final:1:int:void::3PP
io.netty.channel.unix:Socket:public:io.netty.channel.unix.FileDescriptor::isIPv6Preferred:public,static:0::boolean::3PP
io.netty.channel.unix:Socket:public:io.netty.channel.unix.FileDescriptor::isIPv6Preferred0:private,static,native:1:boolean:boolean::3PP
io.netty.channel.unix:Socket:public:io.netty.channel.unix.FileDescriptor::isIPv6:private,static,native:1:int:boolean::3PP
io.netty.channel.unix:Socket:public:io.netty.channel.unix.FileDescriptor::toString:public:0::java.lang.String::3PP
io.netty.channel.unix:Socket:public:io.netty.channel.unix.FileDescriptor::newSocketStream:public,static:0::io.netty.channel.unix.Socket::3PP
io.netty.channel.unix:Socket:public:io.netty.channel.unix.FileDescriptor::newSocketDgram:public,static:0::io.netty.channel.unix.Socket::3PP
io.netty.channel.unix:Socket:public:io.netty.channel.unix.FileDescriptor::newSocketDomain:public,static:0::io.netty.channel.unix.Socket::3PP
io.netty.channel.unix:Socket:public:io.netty.channel.unix.FileDescriptor::newSocketDomainDgram:public,static:0::io.netty.channel.unix.Socket::3PP
io.netty.channel.unix:Socket:public:io.netty.channel.unix.FileDescriptor::initialize:public,static:0::void::3PP
io.netty.channel.unix:Socket:public:io.netty.channel.unix.FileDescriptor::newSocketStream0:protected,static:0::int::3PP
io.netty.channel.unix:Socket:public:io.netty.channel.unix.FileDescriptor::newSocketStream0:protected,static:1:boolean:int::3PP
io.netty.channel.unix:Socket:public:io.netty.channel.unix.FileDescriptor::newSocketDgram0:protected,static:0::int::3PP
io.netty.channel.unix:Socket:public:io.netty.channel.unix.FileDescriptor::newSocketDgram0:protected,static:1:boolean:int::3PP
io.netty.channel.unix:Socket:public:io.netty.channel.unix.FileDescriptor::newSocketDomain0:protected,static:0::int::3PP
io.netty.channel.unix:Socket:public:io.netty.channel.unix.FileDescriptor::newSocketDomainDgram0:protected,static:0::int::3PP
io.netty.channel.unix:Socket:public:io.netty.channel.unix.FileDescriptor::shutdown:private,static,native:3:int,boolean,boolean:int::3PP
io.netty.channel.unix:Socket:public:io.netty.channel.unix.FileDescriptor::connect:private,static,native:5:int,boolean,byte[],int,int:int::3PP
io.netty.channel.unix:Socket:public:io.netty.channel.unix.FileDescriptor::connectDomainSocket:private,static,native:2:int,byte[]:int::3PP
io.netty.channel.unix:Socket:public:io.netty.channel.unix.FileDescriptor::finishConnect:private,static,native:1:int:int::3PP
io.netty.channel.unix:Socket:public:io.netty.channel.unix.FileDescriptor::disconnect:private,static,native:2:int,boolean:int::3PP
io.netty.channel.unix:Socket:public:io.netty.channel.unix.FileDescriptor::bind:private,static,native:5:int,boolean,byte[],int,int:int::3PP
io.netty.channel.unix:Socket:public:io.netty.channel.unix.FileDescriptor::bindDomainSocket:private,static,native:2:int,byte[]:int::3PP
io.netty.channel.unix:Socket:public:io.netty.channel.unix.FileDescriptor::listen:private,static,native:2:int,int:int::3PP
io.netty.channel.unix:Socket:public:io.netty.channel.unix.FileDescriptor::accept:private,static,native:2:int,byte[]:int::3PP
io.netty.channel.unix:Socket:public:io.netty.channel.unix.FileDescriptor::remoteAddress:private,static,native:1:int:byte[]::3PP
io.netty.channel.unix:Socket:public:io.netty.channel.unix.FileDescriptor::localAddress:private,static,native:1:int:byte[]::3PP
io.netty.channel.unix:Socket:public:io.netty.channel.unix.FileDescriptor::sendTo:private,static,native:9:int,boolean,java.nio.ByteBuffer,int,int,byte[],int,int,int:int::3PP
io.netty.channel.unix:Socket:public:io.netty.channel.unix.FileDescriptor::sendToAddress:private,static,native:9:int,boolean,long,int,int,byte[],int,int,int:int::3PP
io.netty.channel.unix:Socket:public:io.netty.channel.unix.FileDescriptor::sendToAddresses:private,static,native:8:int,boolean,long,int,byte[],int,int,int:int::3PP
io.netty.channel.unix:Socket:public:io.netty.channel.unix.FileDescriptor::sendToDomainSocket:private,static,native:5:int,java.nio.ByteBuffer,int,int,byte[]:int::3PP
io.netty.channel.unix:Socket:public:io.netty.channel.unix.FileDescriptor::sendToAddressDomainSocket:private,static,native:5:int,long,int,int,byte[]:int::3PP
io.netty.channel.unix:Socket:public:io.netty.channel.unix.FileDescriptor::sendToAddressesDomainSocket:private,static,native:4:int,long,int,byte[]:int::3PP
io.netty.channel.unix:Socket:public:io.netty.channel.unix.FileDescriptor::recvFrom:private,static,native:4:int,java.nio.ByteBuffer,int,int:io.netty.channel.unix.DatagramSocketAddress::3PP
io.netty.channel.unix:Socket:public:io.netty.channel.unix.FileDescriptor::recvFromAddress:private,static,native:4:int,long,int,int:io.netty.channel.unix.DatagramSocketAddress::3PP
io.netty.channel.unix:Socket:public:io.netty.channel.unix.FileDescriptor::recvFromDomainSocket:private,static,native:4:int,java.nio.ByteBuffer,int,int:io.netty.channel.unix.DomainDatagramSocketAddress::3PP
io.netty.channel.unix:Socket:public:io.netty.channel.unix.FileDescriptor::recvFromAddressDomainSocket:private,static,native:4:int,long,int,int:io.netty.channel.unix.DomainDatagramSocketAddress::3PP
io.netty.channel.unix:Socket:public:io.netty.channel.unix.FileDescriptor::recvFd:private,static,native:1:int:int::3PP
io.netty.channel.unix:Socket:public:io.netty.channel.unix.FileDescriptor::sendFd:private,static,native:2:int,int:int::3PP
io.netty.channel.unix:Socket:public:io.netty.channel.unix.FileDescriptor::msgFastopen:private,static,native:0::int::3PP
io.netty.channel.unix:Socket:public:io.netty.channel.unix.FileDescriptor::newSocketStreamFd:private,static,native:1:boolean:int::3PP
io.netty.channel.unix:Socket:public:io.netty.channel.unix.FileDescriptor::newSocketDgramFd:private,static,native:1:boolean:int::3PP
io.netty.channel.unix:Socket:public:io.netty.channel.unix.FileDescriptor::newSocketDomainFd:private,static,native:0::int::3PP
io.netty.channel.unix:Socket:public:io.netty.channel.unix.FileDescriptor::newSocketDomainDgramFd:private,static,native:0::int::3PP
io.netty.channel.unix:Socket:public:io.netty.channel.unix.FileDescriptor::isReuseAddress:private,static,native:1:int:int::3PP
io.netty.channel.unix:Socket:public:io.netty.channel.unix.FileDescriptor::isReusePort:private,static,native:1:int:int::3PP
io.netty.channel.unix:Socket:public:io.netty.channel.unix.FileDescriptor::getReceiveBufferSize:private,static,native:1:int:int::3PP
io.netty.channel.unix:Socket:public:io.netty.channel.unix.FileDescriptor::getSendBufferSize:private,static,native:1:int:int::3PP
io.netty.channel.unix:Socket:public:io.netty.channel.unix.FileDescriptor::isKeepAlive:private,static,native:1:int:int::3PP
io.netty.channel.unix:Socket:public:io.netty.channel.unix.FileDescriptor::isTcpNoDelay:private,static,native:1:int:int::3PP
io.netty.channel.unix:Socket:public:io.netty.channel.unix.FileDescriptor::isBroadcast:private,static,native:1:int:int::3PP
io.netty.channel.unix:Socket:public:io.netty.channel.unix.FileDescriptor::getSoLinger:private,static,native:1:int:int::3PP
io.netty.channel.unix:Socket:public:io.netty.channel.unix.FileDescriptor::getSoError:private,static,native:1:int:int::3PP
io.netty.channel.unix:Socket:public:io.netty.channel.unix.FileDescriptor::getTrafficClass:private,static,native:2:int,boolean:int::3PP
io.netty.channel.unix:Socket:public:io.netty.channel.unix.FileDescriptor::setReuseAddress:private,static,native:2:int,int:void::3PP
io.netty.channel.unix:Socket:public:io.netty.channel.unix.FileDescriptor::setReusePort:private,static,native:2:int,int:void::3PP
io.netty.channel.unix:Socket:public:io.netty.channel.unix.FileDescriptor::setKeepAlive:private,static,native:2:int,int:void::3PP
io.netty.channel.unix:Socket:public:io.netty.channel.unix.FileDescriptor::setReceiveBufferSize:private,static,native:2:int,int:void::3PP
io.netty.channel.unix:Socket:public:io.netty.channel.unix.FileDescriptor::setSendBufferSize:private,static,native:2:int,int:void::3PP
io.netty.channel.unix:Socket:public:io.netty.channel.unix.FileDescriptor::setTcpNoDelay:private,static,native:2:int,int:void::3PP
io.netty.channel.unix:Socket:public:io.netty.channel.unix.FileDescriptor::setSoLinger:private,static,native:2:int,int:void::3PP
io.netty.channel.unix:Socket:public:io.netty.channel.unix.FileDescriptor::setBroadcast:private,static,native:2:int,int:void::3PP
io.netty.channel.unix:Socket:public:io.netty.channel.unix.FileDescriptor::setTrafficClass:private,static,native:3:int,boolean,int:void::3PP
io.netty.channel.unix:PeerCredentials:public,final:java.lang.Object::<init>:transient:3:int,int,int[]:void::3PP
io.netty.channel.unix:PeerCredentials:public,final:java.lang.Object::pid:public:0::int::3PP
io.netty.channel.unix:PeerCredentials:public,final:java.lang.Object::uid:public:0::int::3PP
io.netty.channel.unix:PeerCredentials:public,final:java.lang.Object::gids:public:0::int[]::3PP
io.netty.channel.unix:PeerCredentials:public,final:java.lang.Object::toString:public:0::java.lang.String::3PP
io.netty.channel.unix:DomainDatagramPacket:public,final:io.netty.channel.DefaultAddressedEnvelope:io.netty.buffer.ByteBufHolder:<init>:public:2:io.netty.buffer.ByteBuf,io.netty.channel.unix.DomainSocketAddress:void::3PP
io.netty.channel.unix:DomainDatagramPacket:public,final:io.netty.channel.DefaultAddressedEnvelope:io.netty.buffer.ByteBufHolder:<init>:public:3:io.netty.buffer.ByteBuf,io.netty.channel.unix.DomainSocketAddress,io.netty.channel.unix.DomainSocketAddress:void::3PP
io.netty.channel.unix:DomainDatagramPacket:public,final:io.netty.channel.DefaultAddressedEnvelope:io.netty.buffer.ByteBufHolder:copy:public:0::io.netty.channel.unix.DomainDatagramPacket::3PP
io.netty.channel.unix:DomainDatagramPacket:public,final:io.netty.channel.DefaultAddressedEnvelope:io.netty.buffer.ByteBufHolder:duplicate:public:0::io.netty.channel.unix.DomainDatagramPacket::3PP
io.netty.channel.unix:DomainDatagramPacket:public,final:io.netty.channel.DefaultAddressedEnvelope:io.netty.buffer.ByteBufHolder:replace:public:1:io.netty.buffer.ByteBuf:io.netty.channel.unix.DomainDatagramPacket::3PP
io.netty.channel.unix:DomainDatagramPacket:public,final:io.netty.channel.DefaultAddressedEnvelope:io.netty.buffer.ByteBufHolder:retain:public:0::io.netty.channel.unix.DomainDatagramPacket::3PP
io.netty.channel.unix:DomainDatagramPacket:public,final:io.netty.channel.DefaultAddressedEnvelope:io.netty.buffer.ByteBufHolder:retain:public:1:int:io.netty.channel.unix.DomainDatagramPacket::3PP
io.netty.channel.unix:DomainDatagramPacket:public,final:io.netty.channel.DefaultAddressedEnvelope:io.netty.buffer.ByteBufHolder:retainedDuplicate:public:0::io.netty.channel.unix.DomainDatagramPacket::3PP
io.netty.channel.unix:DomainDatagramPacket:public,final:io.netty.channel.DefaultAddressedEnvelope:io.netty.buffer.ByteBufHolder:touch:public:0::io.netty.channel.unix.DomainDatagramPacket::3PP
io.netty.channel.unix:DomainDatagramPacket:public,final:io.netty.channel.DefaultAddressedEnvelope:io.netty.buffer.ByteBufHolder:touch:public:1:java.lang.Object:io.netty.channel.unix.DomainDatagramPacket::3PP
io.netty.channel.unix:DomainDatagramPacket:public,final:io.netty.channel.DefaultAddressedEnvelope:io.netty.buffer.ByteBufHolder:touch:public,volatile:1:java.lang.Object:io.netty.channel.AddressedEnvelope::3PP
io.netty.channel.unix:DomainDatagramPacket:public,final:io.netty.channel.DefaultAddressedEnvelope:io.netty.buffer.ByteBufHolder:touch:public,volatile:0::io.netty.channel.AddressedEnvelope::3PP
io.netty.channel.unix:DomainDatagramPacket:public,final:io.netty.channel.DefaultAddressedEnvelope:io.netty.buffer.ByteBufHolder:retain:public,volatile:1:int:io.netty.channel.AddressedEnvelope::3PP
io.netty.channel.unix:DomainDatagramPacket:public,final:io.netty.channel.DefaultAddressedEnvelope:io.netty.buffer.ByteBufHolder:retain:public,volatile:0::io.netty.channel.AddressedEnvelope::3PP
io.netty.channel.unix:DomainDatagramPacket:public,final:io.netty.channel.DefaultAddressedEnvelope:io.netty.buffer.ByteBufHolder:touch:public,volatile:1:java.lang.Object:io.netty.util.ReferenceCounted::3PP
io.netty.channel.unix:DomainDatagramPacket:public,final:io.netty.channel.DefaultAddressedEnvelope:io.netty.buffer.ByteBufHolder:touch:public,volatile:0::io.netty.util.ReferenceCounted::3PP
io.netty.channel.unix:DomainDatagramPacket:public,final:io.netty.channel.DefaultAddressedEnvelope:io.netty.buffer.ByteBufHolder:retain:public,volatile:1:int:io.netty.util.ReferenceCounted::3PP
io.netty.channel.unix:DomainDatagramPacket:public,final:io.netty.channel.DefaultAddressedEnvelope:io.netty.buffer.ByteBufHolder:retain:public,volatile:0::io.netty.util.ReferenceCounted::3PP
io.netty.channel.unix:DomainDatagramPacket:public,final:io.netty.channel.DefaultAddressedEnvelope:io.netty.buffer.ByteBufHolder:touch:public,volatile:1:java.lang.Object:io.netty.buffer.ByteBufHolder::3PP
io.netty.channel.unix:DomainDatagramPacket:public,final:io.netty.channel.DefaultAddressedEnvelope:io.netty.buffer.ByteBufHolder:touch:public,volatile:0::io.netty.buffer.ByteBufHolder::3PP
io.netty.channel.unix:DomainDatagramPacket:public,final:io.netty.channel.DefaultAddressedEnvelope:io.netty.buffer.ByteBufHolder:retain:public,volatile:1:int:io.netty.buffer.ByteBufHolder::3PP
io.netty.channel.unix:DomainDatagramPacket:public,final:io.netty.channel.DefaultAddressedEnvelope:io.netty.buffer.ByteBufHolder:retain:public,volatile:0::io.netty.buffer.ByteBufHolder::3PP
io.netty.channel.unix:DomainDatagramPacket:public,final:io.netty.channel.DefaultAddressedEnvelope:io.netty.buffer.ByteBufHolder:replace:public,volatile:1:io.netty.buffer.ByteBuf:io.netty.buffer.ByteBufHolder::3PP
io.netty.channel.unix:DomainDatagramPacket:public,final:io.netty.channel.DefaultAddressedEnvelope:io.netty.buffer.ByteBufHolder:retainedDuplicate:public,volatile:0::io.netty.buffer.ByteBufHolder::3PP
io.netty.channel.unix:DomainDatagramPacket:public,final:io.netty.channel.DefaultAddressedEnvelope:io.netty.buffer.ByteBufHolder:duplicate:public,volatile:0::io.netty.buffer.ByteBufHolder::3PP
io.netty.channel.unix:DomainDatagramPacket:public,final:io.netty.channel.DefaultAddressedEnvelope:io.netty.buffer.ByteBufHolder:copy:public,volatile:0::io.netty.buffer.ByteBufHolder::3PP
io.netty.channel.unix:DomainDatagramPacket:public,final:io.netty.channel.DefaultAddressedEnvelope:io.netty.buffer.ByteBufHolder:content:public,volatile:0::io.netty.buffer.ByteBuf::3PP
io.netty.channel.unix:UnixChannel:public,abstract,interface::io.netty.channel.Channel:fd:public,abstract:0::io.netty.channel.unix.FileDescriptor::3PP
io.netty.channel.unix:ServerDomainSocketChannel:public,abstract,interface::io.netty.channel.ServerChannel,io.netty.channel.unix.UnixChannel:remoteAddress:public,abstract:0::io.netty.channel.unix.DomainSocketAddress::3PP
io.netty.channel.unix:ServerDomainSocketChannel:public,abstract,interface::io.netty.channel.ServerChannel,io.netty.channel.unix.UnixChannel:localAddress:public,abstract:0::io.netty.channel.unix.DomainSocketAddress::3PP
io.netty.channel.unix:DomainSocketAddress:public:java.net.SocketAddress::<init>:public:1:java.lang.String:void::3PP
io.netty.channel.unix:DomainSocketAddress:public:java.net.SocketAddress::<init>:public:1:java.io.File:void::3PP
io.netty.channel.unix:DomainSocketAddress:public:java.net.SocketAddress::path:public:0::java.lang.String::3PP
io.netty.channel.unix:DomainSocketAddress:public:java.net.SocketAddress::toString:public:0::java.lang.String::3PP
io.netty.channel.unix:DomainSocketAddress:public:java.net.SocketAddress::equals:public:1:java.lang.Object:boolean::3PP
io.netty.channel.unix:DomainSocketAddress:public:java.net.SocketAddress::hashCode:public:0::int::3PP
io.netty.channel.unix:DomainDatagramChannelConfig:public,abstract,interface::io.netty.channel.ChannelConfig:setAllocator:public,abstract:1:io.netty.buffer.ByteBufAllocator:io.netty.channel.unix.DomainDatagramChannelConfig::3PP
io.netty.channel.unix:DomainDatagramChannelConfig:public,abstract,interface::io.netty.channel.ChannelConfig:setAutoClose:public,abstract:1:boolean:io.netty.channel.unix.DomainDatagramChannelConfig::3PP
io.netty.channel.unix:DomainDatagramChannelConfig:public,abstract,interface::io.netty.channel.ChannelConfig:setAutoRead:public,abstract:1:boolean:io.netty.channel.unix.DomainDatagramChannelConfig::3PP
io.netty.channel.unix:DomainDatagramChannelConfig:public,abstract,interface::io.netty.channel.ChannelConfig:setConnectTimeoutMillis:public,abstract:1:int:io.netty.channel.unix.DomainDatagramChannelConfig::3PP
io.netty.channel.unix:DomainDatagramChannelConfig:public,abstract,interface::io.netty.channel.ChannelConfig:setMaxMessagesPerRead:public,abstract:1:int:io.netty.channel.unix.DomainDatagramChannelConfig::3PP
io.netty.channel.unix:DomainDatagramChannelConfig:public,abstract,interface::io.netty.channel.ChannelConfig:setMessageSizeEstimator:public,abstract:1:io.netty.channel.MessageSizeEstimator:io.netty.channel.unix.DomainDatagramChannelConfig::3PP
io.netty.channel.unix:DomainDatagramChannelConfig:public,abstract,interface::io.netty.channel.ChannelConfig:setRecvByteBufAllocator:public,abstract:1:io.netty.channel.RecvByteBufAllocator:io.netty.channel.unix.DomainDatagramChannelConfig::3PP
io.netty.channel.unix:DomainDatagramChannelConfig:public,abstract,interface::io.netty.channel.ChannelConfig:setSendBufferSize:public,abstract:1:int:io.netty.channel.unix.DomainDatagramChannelConfig::3PP
io.netty.channel.unix:DomainDatagramChannelConfig:public,abstract,interface::io.netty.channel.ChannelConfig:getSendBufferSize:public,abstract:0::int::3PP
io.netty.channel.unix:DomainDatagramChannelConfig:public,abstract,interface::io.netty.channel.ChannelConfig:setWriteBufferWaterMark:public,abstract:1:io.netty.channel.WriteBufferWaterMark:io.netty.channel.unix.DomainDatagramChannelConfig::3PP
io.netty.channel.unix:DomainDatagramChannelConfig:public,abstract,interface::io.netty.channel.ChannelConfig:setWriteSpinCount:public,abstract:1:int:io.netty.channel.unix.DomainDatagramChannelConfig::3PP
