com.neovisionaries.ws.client:Address::java.lang.Object::<init>::2:java.lang.String,int:void::3PP
com.neovisionaries.ws.client:Address::java.lang.Object::toInetSocketAddress::0::java.net.InetSocketAddress::3PP
com.neovisionaries.ws.client:Address::java.lang.Object::toString:public:0::java.lang.String::3PP
com.neovisionaries.ws.client:Base64::java.lang.Object::<init>::0::void::3PP
com.neovisionaries.ws.client:Base64::java.lang.Object::encode:public,static:1:java.lang.String:java.lang.String::3PP
com.neovisionaries.ws.client:Base64::java.lang.Object::encode:public,static:1:byte[]:java.lang.String::3PP
com.neovisionaries.ws.client:Base64::java.lang.Object::extractBits:private,static:2:byte[],int:int::3PP
com.neovisionaries.ws.client:Base64::java.lang.Object::<clinit>:static:0::void::3PP
com.neovisionaries.ws.client:ByteArray::java.lang.Object::<init>:public:1:int:void::3PP
com.neovisionaries.ws.client:ByteArray::java.lang.Object::<init>:public:1:byte[]:void::3PP
com.neovisionaries.ws.client:ByteArray::java.lang.Object::length:public:0::int::3PP
com.neovisionaries.ws.client:ByteArray::java.lang.Object::get:public:1:int:byte::3PP
com.neovisionaries.ws.client:ByteArray::java.lang.Object::expandBuffer:private:1:int:void::3PP
com.neovisionaries.ws.client:ByteArray::java.lang.Object::put:public:1:int:void::3PP
com.neovisionaries.ws.client:ByteArray::java.lang.Object::put:public:1:byte[]:void::3PP
com.neovisionaries.ws.client:ByteArray::java.lang.Object::put:public:3:byte[],int,int:void::3PP
com.neovisionaries.ws.client:ByteArray::java.lang.Object::put:public:3:com.neovisionaries.ws.client.ByteArray,int,int:void::3PP
com.neovisionaries.ws.client:ByteArray::java.lang.Object::toBytes:public:0::byte[]::3PP
com.neovisionaries.ws.client:ByteArray::java.lang.Object::toBytes:public:1:int:byte[]::3PP
com.neovisionaries.ws.client:ByteArray::java.lang.Object::toBytes:public:2:int,int:byte[]::3PP
com.neovisionaries.ws.client:ByteArray::java.lang.Object::clear:public:0::void::3PP
com.neovisionaries.ws.client:ByteArray::java.lang.Object::shrink:public:1:int:void::3PP
com.neovisionaries.ws.client:ByteArray::java.lang.Object::getBit:public:1:int:boolean::3PP
com.neovisionaries.ws.client:ByteArray::java.lang.Object::getBits:public:2:int,int:int::3PP
com.neovisionaries.ws.client:ByteArray::java.lang.Object::getHuffmanBits:public:2:int,int:int::3PP
com.neovisionaries.ws.client:ByteArray::java.lang.Object::readBit:public:1:int[]:boolean::3PP
com.neovisionaries.ws.client:ByteArray::java.lang.Object::readBits:public:2:int[],int:int::3PP
com.neovisionaries.ws.client:ByteArray::java.lang.Object::setBit:public:2:int,boolean:void::3PP
com.neovisionaries.ws.client:ByteArray::java.lang.Object::clearBit:public:1:int:void::3PP
com.neovisionaries.ws.client:ConnectThread::java.lang.Thread::<init>:public:1:com.neovisionaries.ws.client.WebSocket:void::3PP
com.neovisionaries.ws.client:ConnectThread::java.lang.Thread::run:public:0::void::3PP
com.neovisionaries.ws.client:ConnectThread::java.lang.Thread::handleError:private:1:com.neovisionaries.ws.client.WebSocketException:void::3PP
com.neovisionaries.ws.client:Connectable::java.lang.Object:java.util.concurrent.Callable:<init>:public:1:com.neovisionaries.ws.client.WebSocket:void::3PP
com.neovisionaries.ws.client:Connectable::java.lang.Object:java.util.concurrent.Callable:call:public:0::com.neovisionaries.ws.client.WebSocket::3PP
com.neovisionaries.ws.client:Connectable::java.lang.Object:java.util.concurrent.Callable:call:public,volatile:0::java.lang.Object::3PP
com.neovisionaries.ws.client:CounterPayloadGenerator::java.lang.Object:com.neovisionaries.ws.client.PayloadGenerator:<init>::0::void::3PP
com.neovisionaries.ws.client:CounterPayloadGenerator::java.lang.Object:com.neovisionaries.ws.client.PayloadGenerator:generate:public:0::byte[]::3PP
com.neovisionaries.ws.client:CounterPayloadGenerator::java.lang.Object:com.neovisionaries.ws.client.PayloadGenerator:increment:private:0::long::3PP
com.neovisionaries.ws.client:DeflateCompressor::java.lang.Object::<init>::0::void::3PP
com.neovisionaries.ws.client:DeflateCompressor::java.lang.Object::compress:public,static:1:byte[]:byte[]::3PP
com.neovisionaries.ws.client:DeflateCompressor::java.lang.Object::createDeflater:private,static:0::java.util.zip.Deflater::3PP
com.neovisionaries.ws.client:DeflateDecompressor::java.lang.Object::<init>::0::void::3PP
com.neovisionaries.ws.client:DeflateDecompressor::java.lang.Object::decompress:public,static:2:com.neovisionaries.ws.client.ByteArray,com.neovisionaries.ws.client.ByteArray:void::3PP
com.neovisionaries.ws.client:DeflateDecompressor::java.lang.Object::decompress:private,static:3:com.neovisionaries.ws.client.ByteArray,int,com.neovisionaries.ws.client.ByteArray:void::3PP
com.neovisionaries.ws.client:DeflateDecompressor::java.lang.Object::inflateBlock:private,static:3:com.neovisionaries.ws.client.ByteArray,int[],com.neovisionaries.ws.client.ByteArray:boolean::3PP
com.neovisionaries.ws.client:DeflateDecompressor::java.lang.Object::inflatePlainBlock:private,static:3:com.neovisionaries.ws.client.ByteArray,int[],com.neovisionaries.ws.client.ByteArray:void::3PP
com.neovisionaries.ws.client:DeflateDecompressor::java.lang.Object::inflateFixedBlock:private,static:3:com.neovisionaries.ws.client.ByteArray,int[],com.neovisionaries.ws.client.ByteArray:void::3PP
com.neovisionaries.ws.client:DeflateDecompressor::java.lang.Object::inflateDynamicBlock:private,static:3:com.neovisionaries.ws.client.ByteArray,int[],com.neovisionaries.ws.client.ByteArray:void::3PP
com.neovisionaries.ws.client:DeflateDecompressor::java.lang.Object::inflateData:private,static:5:com.neovisionaries.ws.client.ByteArray,int[],com.neovisionaries.ws.client.ByteArray,com.neovisionaries.ws.client.Huffman,com.neovisionaries.ws.client.Huffman:void::3PP
com.neovisionaries.ws.client:DeflateDecompressor::java.lang.Object::duplicate:private,static:3:int,int,com.neovisionaries.ws.client.ByteArray:void::3PP
com.neovisionaries.ws.client:DeflateUtil::java.lang.Object::<init>::0::void::3PP
com.neovisionaries.ws.client:DeflateUtil::java.lang.Object::readDynamicTables:public,static:3:com.neovisionaries.ws.client.ByteArray,int[],com.neovisionaries.ws.client.Huffman[]:void::3PP
com.neovisionaries.ws.client:DeflateUtil::java.lang.Object::readCodeLengths:private,static:4:com.neovisionaries.ws.client.ByteArray,int[],int[],com.neovisionaries.ws.client.Huffman:void::3PP
com.neovisionaries.ws.client:DeflateUtil::java.lang.Object::codeLengthOrderToIndex:private,static:1:int:int::3PP
com.neovisionaries.ws.client:DeflateUtil::java.lang.Object::readLength:public,static:3:com.neovisionaries.ws.client.ByteArray,int[],int:int::3PP
com.neovisionaries.ws.client:DeflateUtil::java.lang.Object::readDistance:public,static:3:com.neovisionaries.ws.client.ByteArray,int[],com.neovisionaries.ws.client.Huffman:int::3PP
com.neovisionaries.ws.client:DeflateUtil::java.lang.Object::<clinit>:static:0::void::3PP
com.neovisionaries.ws.client:FixedDistanceHuffman::com.neovisionaries.ws.client.Huffman::<init>:private:0::void::3PP
com.neovisionaries.ws.client:FixedDistanceHuffman::com.neovisionaries.ws.client.Huffman::buildCodeLensFromSym:private,static:0::int[]::3PP
com.neovisionaries.ws.client:FixedDistanceHuffman::com.neovisionaries.ws.client.Huffman::getInstance:public,static:0::com.neovisionaries.ws.client.FixedDistanceHuffman::3PP
com.neovisionaries.ws.client:FixedDistanceHuffman::com.neovisionaries.ws.client.Huffman::<clinit>:static:0::void::3PP
com.neovisionaries.ws.client:FixedLiteralLengthHuffman::com.neovisionaries.ws.client.Huffman::<init>:private:0::void::3PP
com.neovisionaries.ws.client:FixedLiteralLengthHuffman::com.neovisionaries.ws.client.Huffman::buildCodeLensFromSym:private,static:0::int[]::3PP
com.neovisionaries.ws.client:FixedLiteralLengthHuffman::com.neovisionaries.ws.client.Huffman::getInstance:public,static:0::com.neovisionaries.ws.client.FixedLiteralLengthHuffman::3PP
com.neovisionaries.ws.client:FixedLiteralLengthHuffman::com.neovisionaries.ws.client.Huffman::<clinit>:static:0::void::3PP
com.neovisionaries.ws.client:FormatException::java.lang.Exception::<init>:public:1:java.lang.String:void::3PP
com.neovisionaries.ws.client:HandshakeBuilder::java.lang.Object::<init>:public:4:boolean,java.lang.String,java.lang.String,java.lang.String:void::3PP
com.neovisionaries.ws.client:HandshakeBuilder::java.lang.Object::<init>:public:1:com.neovisionaries.ws.client.HandshakeBuilder:void::3PP
com.neovisionaries.ws.client:HandshakeBuilder::java.lang.Object::addProtocol:public:1:java.lang.String:void::3PP
com.neovisionaries.ws.client:HandshakeBuilder::java.lang.Object::removeProtocol:public:1:java.lang.String:void::3PP
com.neovisionaries.ws.client:HandshakeBuilder::java.lang.Object::clearProtocols:public:0::void::3PP
com.neovisionaries.ws.client:HandshakeBuilder::java.lang.Object::isValidProtocol:private,static:1:java.lang.String:boolean::3PP
com.neovisionaries.ws.client:HandshakeBuilder::java.lang.Object::containsProtocol:public:1:java.lang.String:boolean::3PP
com.neovisionaries.ws.client:HandshakeBuilder::java.lang.Object::addExtension:public:1:com.neovisionaries.ws.client.WebSocketExtension:void::3PP
com.neovisionaries.ws.client:HandshakeBuilder::java.lang.Object::addExtension:public:1:java.lang.String:void::3PP
com.neovisionaries.ws.client:HandshakeBuilder::java.lang.Object::removeExtension:public:1:com.neovisionaries.ws.client.WebSocketExtension:void::3PP
com.neovisionaries.ws.client:HandshakeBuilder::java.lang.Object::removeExtensions:public:1:java.lang.String:void::3PP
com.neovisionaries.ws.client:HandshakeBuilder::java.lang.Object::clearExtensions:public:0::void::3PP
com.neovisionaries.ws.client:HandshakeBuilder::java.lang.Object::containsExtension:public:1:com.neovisionaries.ws.client.WebSocketExtension:boolean::3PP
com.neovisionaries.ws.client:HandshakeBuilder::java.lang.Object::containsExtension:public:1:java.lang.String:boolean::3PP
com.neovisionaries.ws.client:HandshakeBuilder::java.lang.Object::addHeader:public:2:java.lang.String,java.lang.String:void::3PP
com.neovisionaries.ws.client:HandshakeBuilder::java.lang.Object::removeHeaders:public:1:java.lang.String:void::3PP
com.neovisionaries.ws.client:HandshakeBuilder::java.lang.Object::clearHeaders:public:0::void::3PP
com.neovisionaries.ws.client:HandshakeBuilder::java.lang.Object::setUserInfo:public:1:java.lang.String:void::3PP
com.neovisionaries.ws.client:HandshakeBuilder::java.lang.Object::setUserInfo:public:2:java.lang.String,java.lang.String:void::3PP
com.neovisionaries.ws.client:HandshakeBuilder::java.lang.Object::clearUserInfo:public:0::void::3PP
com.neovisionaries.ws.client:HandshakeBuilder::java.lang.Object::getURI:public:0::java.net.URI::3PP
com.neovisionaries.ws.client:HandshakeBuilder::java.lang.Object::setKey:public:1:java.lang.String:void::3PP
com.neovisionaries.ws.client:HandshakeBuilder::java.lang.Object::buildRequestLine:public:0::java.lang.String::3PP
com.neovisionaries.ws.client:HandshakeBuilder::java.lang.Object::buildHeaders:public:0::java.util.List::3PP
com.neovisionaries.ws.client:HandshakeBuilder::java.lang.Object::build:public,static:2:java.lang.String,java.util.List:java.lang.String::3PP
com.neovisionaries.ws.client:HandshakeBuilder::java.lang.Object::copyProtocols:private,static:1:java.util.Set:java.util.Set::3PP
com.neovisionaries.ws.client:HandshakeBuilder::java.lang.Object::copyExtensions:private,static:1:java.util.List:java.util.List::3PP
com.neovisionaries.ws.client:HandshakeBuilder::java.lang.Object::copyHeaders:private,static:1:java.util.List:java.util.List::3PP
com.neovisionaries.ws.client:HandshakeBuilder::java.lang.Object::copyHeader:private,static:1:java.lang.String[]:java.lang.String[]::3PP
com.neovisionaries.ws.client:HandshakeBuilder::java.lang.Object::<clinit>:static:0::void::3PP
com.neovisionaries.ws.client:HandshakeReader::java.lang.Object::<init>:public:1:com.neovisionaries.ws.client.WebSocket:void::3PP
com.neovisionaries.ws.client:HandshakeReader::java.lang.Object::readHandshake:public:2:com.neovisionaries.ws.client.WebSocketInputStream,java.lang.String:java.util.Map::3PP
com.neovisionaries.ws.client:HandshakeReader::java.lang.Object::readStatusLine:private:1:com.neovisionaries.ws.client.WebSocketInputStream:com.neovisionaries.ws.client.StatusLine::3PP
com.neovisionaries.ws.client:HandshakeReader::java.lang.Object::readHttpHeaders:private:1:com.neovisionaries.ws.client.WebSocketInputStream:java.util.Map::3PP
com.neovisionaries.ws.client:HandshakeReader::java.lang.Object::parseHttpHeader:private:2:java.util.Map,java.lang.String:void::3PP
com.neovisionaries.ws.client:HandshakeReader::java.lang.Object::validateStatusLine:private:3:com.neovisionaries.ws.client.StatusLine,java.util.Map,com.neovisionaries.ws.client.WebSocketInputStream:void::3PP
com.neovisionaries.ws.client:HandshakeReader::java.lang.Object::readBody:private:2:java.util.Map,com.neovisionaries.ws.client.WebSocketInputStream:byte[]::3PP
com.neovisionaries.ws.client:HandshakeReader::java.lang.Object::getContentLength:private:1:java.util.Map:int::3PP
com.neovisionaries.ws.client:HandshakeReader::java.lang.Object::validateUpgrade:private:2:com.neovisionaries.ws.client.StatusLine,java.util.Map:void::3PP
com.neovisionaries.ws.client:HandshakeReader::java.lang.Object::validateConnection:private:2:com.neovisionaries.ws.client.StatusLine,java.util.Map:void::3PP
com.neovisionaries.ws.client:HandshakeReader::java.lang.Object::validateAccept:private:3:com.neovisionaries.ws.client.StatusLine,java.util.Map,java.lang.String:void::3PP
com.neovisionaries.ws.client:HandshakeReader::java.lang.Object::validateExtensions:private:2:com.neovisionaries.ws.client.StatusLine,java.util.Map:void::3PP
com.neovisionaries.ws.client:HandshakeReader::java.lang.Object::validateExtensionCombination:private:3:com.neovisionaries.ws.client.StatusLine,java.util.Map,java.util.List:void::3PP
com.neovisionaries.ws.client:HandshakeReader::java.lang.Object::validateProtocol:private:2:com.neovisionaries.ws.client.StatusLine,java.util.Map:void::3PP
com.neovisionaries.ws.client:Huffman::java.lang.Object::<init>:public:1:int[]:void::3PP
com.neovisionaries.ws.client:Huffman::java.lang.Object::createIntArray:private,static:2:int,int:int[]::3PP
com.neovisionaries.ws.client:Huffman::java.lang.Object::createCountsFromCodeLen:private,static:2:int[],int:int[]::3PP
com.neovisionaries.ws.client:Huffman::java.lang.Object::createMaxCodeValsFromCodeLen:private,static:3:int[],int,java.lang.Object[]:int[]::3PP
com.neovisionaries.ws.client:Huffman::java.lang.Object::createSymsFromCodeVal:private,static:3:int[],int[],int:int[]::3PP
com.neovisionaries.ws.client:Huffman::java.lang.Object::readSym:public:2:com.neovisionaries.ws.client.ByteArray,int[]:int::3PP
com.neovisionaries.ws.client:InsufficientDataException::com.neovisionaries.ws.client.WebSocketException::<init>:public:2:int,int:void::3PP
com.neovisionaries.ws.client:InsufficientDataException::com.neovisionaries.ws.client.WebSocketException::getRequestedByteCount:public:0::int::3PP
com.neovisionaries.ws.client:InsufficientDataException::com.neovisionaries.ws.client.WebSocketException::getReadByteCount:public:0::int::3PP
com.neovisionaries.ws.client:ListenerManager::java.lang.Object::<init>:public:1:com.neovisionaries.ws.client.WebSocket:void::3PP
com.neovisionaries.ws.client:ListenerManager::java.lang.Object::getListeners:public:0::java.util.List::3PP
com.neovisionaries.ws.client:ListenerManager::java.lang.Object::addListener:public:1:com.neovisionaries.ws.client.WebSocketListener:void::3PP
com.neovisionaries.ws.client:ListenerManager::java.lang.Object::addListeners:public:1:java.util.List:void::3PP
com.neovisionaries.ws.client:ListenerManager::java.lang.Object::removeListener:public:1:com.neovisionaries.ws.client.WebSocketListener:void::3PP
com.neovisionaries.ws.client:ListenerManager::java.lang.Object::removeListeners:public:1:java.util.List:void::3PP
com.neovisionaries.ws.client:ListenerManager::java.lang.Object::clearListeners:public:0::void::3PP
com.neovisionaries.ws.client:ListenerManager::java.lang.Object::getSynchronizedListeners:private:0::java.util.List::3PP
com.neovisionaries.ws.client:ListenerManager::java.lang.Object::callOnStateChanged:public:1:com.neovisionaries.ws.client.WebSocketState:void::3PP
com.neovisionaries.ws.client:ListenerManager::java.lang.Object::callOnConnected:public:1:java.util.Map:void::3PP
com.neovisionaries.ws.client:ListenerManager::java.lang.Object::callOnConnectError:public:1:com.neovisionaries.ws.client.WebSocketException:void::3PP
com.neovisionaries.ws.client:ListenerManager::java.lang.Object::callOnDisconnected:public:3:com.neovisionaries.ws.client.WebSocketFrame,com.neovisionaries.ws.client.WebSocketFrame,boolean:void::3PP
com.neovisionaries.ws.client:ListenerManager::java.lang.Object::callOnFrame:public:1:com.neovisionaries.ws.client.WebSocketFrame:void::3PP
com.neovisionaries.ws.client:ListenerManager::java.lang.Object::callOnContinuationFrame:public:1:com.neovisionaries.ws.client.WebSocketFrame:void::3PP
com.neovisionaries.ws.client:ListenerManager::java.lang.Object::callOnTextFrame:public:1:com.neovisionaries.ws.client.WebSocketFrame:void::3PP
com.neovisionaries.ws.client:ListenerManager::java.lang.Object::callOnBinaryFrame:public:1:com.neovisionaries.ws.client.WebSocketFrame:void::3PP
com.neovisionaries.ws.client:ListenerManager::java.lang.Object::callOnCloseFrame:public:1:com.neovisionaries.ws.client.WebSocketFrame:void::3PP
com.neovisionaries.ws.client:ListenerManager::java.lang.Object::callOnPingFrame:public:1:com.neovisionaries.ws.client.WebSocketFrame:void::3PP
com.neovisionaries.ws.client:ListenerManager::java.lang.Object::callOnPongFrame:public:1:com.neovisionaries.ws.client.WebSocketFrame:void::3PP
com.neovisionaries.ws.client:ListenerManager::java.lang.Object::callOnTextMessage:public:1:java.lang.String:void::3PP
com.neovisionaries.ws.client:ListenerManager::java.lang.Object::callOnBinaryMessage:public:1:byte[]:void::3PP
com.neovisionaries.ws.client:ListenerManager::java.lang.Object::callOnSendingFrame:public:1:com.neovisionaries.ws.client.WebSocketFrame:void::3PP
com.neovisionaries.ws.client:ListenerManager::java.lang.Object::callOnFrameSent:public:1:com.neovisionaries.ws.client.WebSocketFrame:void::3PP
com.neovisionaries.ws.client:ListenerManager::java.lang.Object::callOnFrameUnsent:public:1:com.neovisionaries.ws.client.WebSocketFrame:void::3PP
com.neovisionaries.ws.client:ListenerManager::java.lang.Object::callOnError:public:1:com.neovisionaries.ws.client.WebSocketException:void::3PP
com.neovisionaries.ws.client:ListenerManager::java.lang.Object::callOnFrameError:public:2:com.neovisionaries.ws.client.WebSocketException,com.neovisionaries.ws.client.WebSocketFrame:void::3PP
com.neovisionaries.ws.client:ListenerManager::java.lang.Object::callOnMessageError:public:2:com.neovisionaries.ws.client.WebSocketException,java.util.List:void::3PP
com.neovisionaries.ws.client:ListenerManager::java.lang.Object::callOnMessageDecompressionError:public:2:com.neovisionaries.ws.client.WebSocketException,byte[]:void::3PP
com.neovisionaries.ws.client:ListenerManager::java.lang.Object::callOnTextMessageError:public:2:com.neovisionaries.ws.client.WebSocketException,byte[]:void::3PP
com.neovisionaries.ws.client:ListenerManager::java.lang.Object::callOnSendError:public:2:com.neovisionaries.ws.client.WebSocketException,com.neovisionaries.ws.client.WebSocketFrame:void::3PP
com.neovisionaries.ws.client:ListenerManager::java.lang.Object::callOnUnexpectedError:public:1:com.neovisionaries.ws.client.WebSocketException:void::3PP
com.neovisionaries.ws.client:ListenerManager::java.lang.Object::callHandleCallbackError:private:2:com.neovisionaries.ws.client.WebSocketListener,java.lang.Throwable:void::3PP
com.neovisionaries.ws.client:ListenerManager::java.lang.Object::callOnSendingHandshake:public:2:java.lang.String,java.util.List:void::3PP
com.neovisionaries.ws.client:Misc::java.lang.Object::<init>:private:0::void::3PP
com.neovisionaries.ws.client:Misc::java.lang.Object::getBytesUTF8:public,static:1:java.lang.String:byte[]::3PP
com.neovisionaries.ws.client:Misc::java.lang.Object::toStringUTF8:public,static:1:byte[]:java.lang.String::3PP
com.neovisionaries.ws.client:Misc::java.lang.Object::toStringUTF8:public,static:3:byte[],int,int:java.lang.String::3PP
com.neovisionaries.ws.client:Misc::java.lang.Object::nextBytes:public,static:1:byte[]:byte[]::3PP
com.neovisionaries.ws.client:Misc::java.lang.Object::nextBytes:public,static:1:int:byte[]::3PP
com.neovisionaries.ws.client:Misc::java.lang.Object::toOpcodeName:public,static:1:int:java.lang.String::3PP
com.neovisionaries.ws.client:Misc::java.lang.Object::readLine:public,static:2:java.io.InputStream,java.lang.String:java.lang.String::3PP
com.neovisionaries.ws.client:Misc::java.lang.Object::min:public,static:1:int[]:int::3PP
com.neovisionaries.ws.client:Misc::java.lang.Object::max:public,static:1:int[]:int::3PP
com.neovisionaries.ws.client:Misc::java.lang.Object::join:public,static:2:java.util.Collection,java.lang.String:java.lang.String::3PP
com.neovisionaries.ws.client:Misc::java.lang.Object::join:private,static:3:java.lang.StringBuilder,java.util.Collection,java.lang.String:void::3PP
com.neovisionaries.ws.client:Misc::java.lang.Object::extractHost:public,static:1:java.net.URI:java.lang.String::3PP
com.neovisionaries.ws.client:Misc::java.lang.Object::extractHostFromAuthorityPart:static:1:java.lang.String:java.lang.String::3PP
com.neovisionaries.ws.client:Misc::java.lang.Object::extractHostFromEntireUri:static:1:java.lang.String:java.lang.String::3PP
com.neovisionaries.ws.client:Misc::java.lang.Object::<clinit>:static:0::void::3PP
com.neovisionaries.ws.client:NoMoreFrameException::com.neovisionaries.ws.client.WebSocketException::<init>:public:0::void::3PP
com.neovisionaries.ws.client:OpeningHandshakeException:public:com.neovisionaries.ws.client.WebSocketException::<init>::4:com.neovisionaries.ws.client.WebSocketError,java.lang.String,com.neovisionaries.ws.client.StatusLine,java.util.Map:void::3PP
com.neovisionaries.ws.client:OpeningHandshakeException:public:com.neovisionaries.ws.client.WebSocketException::<init>::5:com.neovisionaries.ws.client.WebSocketError,java.lang.String,com.neovisionaries.ws.client.StatusLine,java.util.Map,byte[]:void::3PP
com.neovisionaries.ws.client:OpeningHandshakeException:public:com.neovisionaries.ws.client.WebSocketException::getStatusLine:public:0::com.neovisionaries.ws.client.StatusLine::3PP
com.neovisionaries.ws.client:OpeningHandshakeException:public:com.neovisionaries.ws.client.WebSocketException::getHeaders:public:0::java.util.Map::3PP
com.neovisionaries.ws.client:OpeningHandshakeException:public:com.neovisionaries.ws.client.WebSocketException::getBody:public:0::byte[]::3PP
com.neovisionaries.ws.client:PayloadGenerator:public,abstract,interface:::generate:public,abstract:0::byte[]::3PP
com.neovisionaries.ws.client:PerMessageCompressionExtension:abstract:com.neovisionaries.ws.client.WebSocketExtension::<init>:public:1:java.lang.String:void::3PP
com.neovisionaries.ws.client:PerMessageCompressionExtension:abstract:com.neovisionaries.ws.client.WebSocketExtension::<init>:public:1:com.neovisionaries.ws.client.WebSocketExtension:void::3PP
com.neovisionaries.ws.client:PerMessageCompressionExtension:abstract:com.neovisionaries.ws.client.WebSocketExtension::decompress:protected,abstract:1:byte[]:byte[]::3PP
com.neovisionaries.ws.client:PerMessageCompressionExtension:abstract:com.neovisionaries.ws.client.WebSocketExtension::compress:protected,abstract:1:byte[]:byte[]::3PP
com.neovisionaries.ws.client:PerMessageDeflateExtension::com.neovisionaries.ws.client.PerMessageCompressionExtension::<init>:public:0::void::3PP
com.neovisionaries.ws.client:PerMessageDeflateExtension::com.neovisionaries.ws.client.PerMessageCompressionExtension::<init>:public:1:java.lang.String:void::3PP
com.neovisionaries.ws.client:PerMessageDeflateExtension::com.neovisionaries.ws.client.PerMessageCompressionExtension::validate::0::void::3PP
com.neovisionaries.ws.client:PerMessageDeflateExtension::com.neovisionaries.ws.client.PerMessageCompressionExtension::isServerNoContextTakeover:public:0::boolean::3PP
com.neovisionaries.ws.client:PerMessageDeflateExtension::com.neovisionaries.ws.client.PerMessageCompressionExtension::isClientNoContextTakeover:public:0::boolean::3PP
com.neovisionaries.ws.client:PerMessageDeflateExtension::com.neovisionaries.ws.client.PerMessageCompressionExtension::getServerWindowSize:public:0::int::3PP
com.neovisionaries.ws.client:PerMessageDeflateExtension::com.neovisionaries.ws.client.PerMessageCompressionExtension::getClientWindowSize:public:0::int::3PP
com.neovisionaries.ws.client:PerMessageDeflateExtension::com.neovisionaries.ws.client.PerMessageCompressionExtension::validateParameter:private:2:java.lang.String,java.lang.String:void::3PP
com.neovisionaries.ws.client:PerMessageDeflateExtension::com.neovisionaries.ws.client.PerMessageCompressionExtension::computeWindowSize:private:2:java.lang.String,java.lang.String:int::3PP
com.neovisionaries.ws.client:PerMessageDeflateExtension::com.neovisionaries.ws.client.PerMessageCompressionExtension::extractMaxWindowBits:private:2:java.lang.String,java.lang.String:int::3PP
com.neovisionaries.ws.client:PerMessageDeflateExtension::com.neovisionaries.ws.client.PerMessageCompressionExtension::parseMaxWindowBits:private:1:java.lang.String:int::3PP
com.neovisionaries.ws.client:PerMessageDeflateExtension::com.neovisionaries.ws.client.PerMessageCompressionExtension::decompress:protected:1:byte[]:byte[]::3PP
com.neovisionaries.ws.client:PerMessageDeflateExtension::com.neovisionaries.ws.client.PerMessageCompressionExtension::compress:protected:1:byte[]:byte[]::3PP
com.neovisionaries.ws.client:PerMessageDeflateExtension::com.neovisionaries.ws.client.PerMessageCompressionExtension::canCompress:private:1:byte[]:boolean::3PP
com.neovisionaries.ws.client:PerMessageDeflateExtension::com.neovisionaries.ws.client.PerMessageCompressionExtension::adjustCompressedData:private,static:1:byte[]:byte[]::3PP
com.neovisionaries.ws.client:PerMessageDeflateExtension::com.neovisionaries.ws.client.PerMessageCompressionExtension::appendEmptyBlock:private,static:2:com.neovisionaries.ws.client.ByteArray,int[]:void::3PP
com.neovisionaries.ws.client:PerMessageDeflateExtension::com.neovisionaries.ws.client.PerMessageCompressionExtension::skipBlock:private,static:3:com.neovisionaries.ws.client.ByteArray,int[],boolean[]:boolean::3PP
com.neovisionaries.ws.client:PerMessageDeflateExtension::com.neovisionaries.ws.client.PerMessageCompressionExtension::skipPlainBlock:private,static:2:com.neovisionaries.ws.client.ByteArray,int[]:int::3PP
com.neovisionaries.ws.client:PerMessageDeflateExtension::com.neovisionaries.ws.client.PerMessageCompressionExtension::skipFixedBlock:private,static:2:com.neovisionaries.ws.client.ByteArray,int[]:void::3PP
com.neovisionaries.ws.client:PerMessageDeflateExtension::com.neovisionaries.ws.client.PerMessageCompressionExtension::skipDynamicBlock:private,static:2:com.neovisionaries.ws.client.ByteArray,int[]:void::3PP
com.neovisionaries.ws.client:PerMessageDeflateExtension::com.neovisionaries.ws.client.PerMessageCompressionExtension::skipData:private,static:4:com.neovisionaries.ws.client.ByteArray,int[],com.neovisionaries.ws.client.Huffman,com.neovisionaries.ws.client.Huffman:void::3PP
com.neovisionaries.ws.client:PerMessageDeflateExtension::com.neovisionaries.ws.client.PerMessageCompressionExtension::<clinit>:static:0::void::3PP
com.neovisionaries.ws.client:PeriodicalFrameSender$Task:final:java.util.TimerTask::<init>:private:1:com.neovisionaries.ws.client.PeriodicalFrameSender:void::3PP
com.neovisionaries.ws.client:PeriodicalFrameSender$Task:final:java.util.TimerTask::run:public:0::void::3PP
com.neovisionaries.ws.client:PeriodicalFrameSender$Task:final:java.util.TimerTask::<init>::2:com.neovisionaries.ws.client.PeriodicalFrameSender,com.neovisionaries.ws.client.PeriodicalFrameSender$1:void::3PP
com.neovisionaries.ws.client:PeriodicalFrameSender:abstract:java.lang.Object::<init>:public:3:com.neovisionaries.ws.client.WebSocket,java.lang.String,com.neovisionaries.ws.client.PayloadGenerator:void::3PP
com.neovisionaries.ws.client:PeriodicalFrameSender:abstract:java.lang.Object::start:public:0::void::3PP
com.neovisionaries.ws.client:PeriodicalFrameSender:abstract:java.lang.Object::stop:public:0::void::3PP
com.neovisionaries.ws.client:PeriodicalFrameSender:abstract:java.lang.Object::getInterval:public:0::long::3PP
com.neovisionaries.ws.client:PeriodicalFrameSender:abstract:java.lang.Object::setInterval:public:1:long:void::3PP
com.neovisionaries.ws.client:PeriodicalFrameSender:abstract:java.lang.Object::getPayloadGenerator:public:0::com.neovisionaries.ws.client.PayloadGenerator::3PP
com.neovisionaries.ws.client:PeriodicalFrameSender:abstract:java.lang.Object::setPayloadGenerator:public:1:com.neovisionaries.ws.client.PayloadGenerator:void::3PP
com.neovisionaries.ws.client:PeriodicalFrameSender:abstract:java.lang.Object::doTask:private:0::void::3PP
com.neovisionaries.ws.client:PeriodicalFrameSender:abstract:java.lang.Object::createFrame:private:0::com.neovisionaries.ws.client.WebSocketFrame::3PP
com.neovisionaries.ws.client:PeriodicalFrameSender:abstract:java.lang.Object::generatePayload:private:0::byte[]::3PP
com.neovisionaries.ws.client:PeriodicalFrameSender:abstract:java.lang.Object::schedule:private,static:3:java.util.Timer,com.neovisionaries.ws.client.PeriodicalFrameSender$Task,long:boolean::3PP
com.neovisionaries.ws.client:PeriodicalFrameSender:abstract:java.lang.Object::createFrame:protected,abstract:1:byte[]:com.neovisionaries.ws.client.WebSocketFrame::3PP
com.neovisionaries.ws.client:PeriodicalFrameSender:abstract:java.lang.Object::access$100:static:1:com.neovisionaries.ws.client.PeriodicalFrameSender:void::3PP
com.neovisionaries.ws.client:PingSender::com.neovisionaries.ws.client.PeriodicalFrameSender::<init>:public:2:com.neovisionaries.ws.client.WebSocket,com.neovisionaries.ws.client.PayloadGenerator:void::3PP
com.neovisionaries.ws.client:PingSender::com.neovisionaries.ws.client.PeriodicalFrameSender::createFrame:protected:1:byte[]:com.neovisionaries.ws.client.WebSocketFrame::3PP
com.neovisionaries.ws.client:PongSender::com.neovisionaries.ws.client.PeriodicalFrameSender::<init>:public:2:com.neovisionaries.ws.client.WebSocket,com.neovisionaries.ws.client.PayloadGenerator:void::3PP
com.neovisionaries.ws.client:PongSender::com.neovisionaries.ws.client.PeriodicalFrameSender::createFrame:protected:1:byte[]:com.neovisionaries.ws.client.WebSocketFrame::3PP
com.neovisionaries.ws.client:ProxyHandshaker::java.lang.Object::<init>:public:4:java.net.Socket,java.lang.String,int,com.neovisionaries.ws.client.ProxySettings:void::3PP
com.neovisionaries.ws.client:ProxyHandshaker::java.lang.Object::perform:public:0::void::3PP
com.neovisionaries.ws.client:ProxyHandshaker::java.lang.Object::sendRequest:private:0::void::3PP
com.neovisionaries.ws.client:ProxyHandshaker::java.lang.Object::buildRequest:private:0::java.lang.String::3PP
com.neovisionaries.ws.client:ProxyHandshaker::java.lang.Object::addHeaders:private:1:java.lang.StringBuilder:void::3PP
com.neovisionaries.ws.client:ProxyHandshaker::java.lang.Object::addProxyAuthorization:private:1:java.lang.StringBuilder:void::3PP
com.neovisionaries.ws.client:ProxyHandshaker::java.lang.Object::receiveResponse:private:0::void::3PP
com.neovisionaries.ws.client:ProxyHandshaker::java.lang.Object::readStatusLine:private:1:java.io.InputStream:void::3PP
com.neovisionaries.ws.client:ProxyHandshaker::java.lang.Object::skipHeaders:private:1:java.io.InputStream:void::3PP
com.neovisionaries.ws.client:ProxySettings:public:java.lang.Object::<init>::1:com.neovisionaries.ws.client.WebSocketFactory:void::3PP
com.neovisionaries.ws.client:ProxySettings:public:java.lang.Object::getWebSocketFactory:public:0::com.neovisionaries.ws.client.WebSocketFactory::3PP
com.neovisionaries.ws.client:ProxySettings:public:java.lang.Object::reset:public:0::com.neovisionaries.ws.client.ProxySettings::3PP
com.neovisionaries.ws.client:ProxySettings:public:java.lang.Object::isSecure:public:0::boolean::3PP
com.neovisionaries.ws.client:ProxySettings:public:java.lang.Object::setSecure:public:1:boolean:com.neovisionaries.ws.client.ProxySettings::3PP
com.neovisionaries.ws.client:ProxySettings:public:java.lang.Object::getHost:public:0::java.lang.String::3PP
com.neovisionaries.ws.client:ProxySettings:public:java.lang.Object::setHost:public:1:java.lang.String:com.neovisionaries.ws.client.ProxySettings::3PP
com.neovisionaries.ws.client:ProxySettings:public:java.lang.Object::getPort:public:0::int::3PP
com.neovisionaries.ws.client:ProxySettings:public:java.lang.Object::setPort:public:1:int:com.neovisionaries.ws.client.ProxySettings::3PP
com.neovisionaries.ws.client:ProxySettings:public:java.lang.Object::getId:public:0::java.lang.String::3PP
com.neovisionaries.ws.client:ProxySettings:public:java.lang.Object::setId:public:1:java.lang.String:com.neovisionaries.ws.client.ProxySettings::3PP
com.neovisionaries.ws.client:ProxySettings:public:java.lang.Object::getPassword:public:0::java.lang.String::3PP
com.neovisionaries.ws.client:ProxySettings:public:java.lang.Object::setPassword:public:1:java.lang.String:com.neovisionaries.ws.client.ProxySettings::3PP
com.neovisionaries.ws.client:ProxySettings:public:java.lang.Object::setCredentials:public:2:java.lang.String,java.lang.String:com.neovisionaries.ws.client.ProxySettings::3PP
com.neovisionaries.ws.client:ProxySettings:public:java.lang.Object::setServer:public:1:java.lang.String:com.neovisionaries.ws.client.ProxySettings::3PP
com.neovisionaries.ws.client:ProxySettings:public:java.lang.Object::setServer:public:1:java.net.URL:com.neovisionaries.ws.client.ProxySettings::3PP
com.neovisionaries.ws.client:ProxySettings:public:java.lang.Object::setServer:public:1:java.net.URI:com.neovisionaries.ws.client.ProxySettings::3PP
com.neovisionaries.ws.client:ProxySettings:public:java.lang.Object::setServer:private:4:java.lang.String,java.lang.String,java.lang.String,int:com.neovisionaries.ws.client.ProxySettings::3PP
com.neovisionaries.ws.client:ProxySettings:public:java.lang.Object::setByScheme:private:1:java.lang.String:void::3PP
com.neovisionaries.ws.client:ProxySettings:public:java.lang.Object::setByUserInfo:private:1:java.lang.String:void::3PP
com.neovisionaries.ws.client:ProxySettings:public:java.lang.Object::getHeaders:public:0::java.util.Map::3PP
com.neovisionaries.ws.client:ProxySettings:public:java.lang.Object::addHeader:public:2:java.lang.String,java.lang.String:com.neovisionaries.ws.client.ProxySettings::3PP
com.neovisionaries.ws.client:ProxySettings:public:java.lang.Object::getSocketFactory:public:0::javax.net.SocketFactory::3PP
com.neovisionaries.ws.client:ProxySettings:public:java.lang.Object::setSocketFactory:public:1:javax.net.SocketFactory:com.neovisionaries.ws.client.ProxySettings::3PP
com.neovisionaries.ws.client:ProxySettings:public:java.lang.Object::getSSLSocketFactory:public:0::javax.net.ssl.SSLSocketFactory::3PP
com.neovisionaries.ws.client:ProxySettings:public:java.lang.Object::setSSLSocketFactory:public:1:javax.net.ssl.SSLSocketFactory:com.neovisionaries.ws.client.ProxySettings::3PP
com.neovisionaries.ws.client:ProxySettings:public:java.lang.Object::getSSLContext:public:0::javax.net.ssl.SSLContext::3PP
com.neovisionaries.ws.client:ProxySettings:public:java.lang.Object::setSSLContext:public:1:javax.net.ssl.SSLContext:com.neovisionaries.ws.client.ProxySettings::3PP
com.neovisionaries.ws.client:ProxySettings:public:java.lang.Object::selectSocketFactory::0::javax.net.SocketFactory::3PP
com.neovisionaries.ws.client:ReadingThread$1::java.lang.Object::<clinit>:static:0::void::3PP
com.neovisionaries.ws.client:ReadingThread$CloseTask::java.util.TimerTask::<init>:private:1:com.neovisionaries.ws.client.ReadingThread:void::3PP
com.neovisionaries.ws.client:ReadingThread$CloseTask::java.util.TimerTask::run:public:0::void::3PP
com.neovisionaries.ws.client:ReadingThread$CloseTask::java.util.TimerTask::<init>::2:com.neovisionaries.ws.client.ReadingThread,com.neovisionaries.ws.client.ReadingThread$1:void::3PP
com.neovisionaries.ws.client:ReadingThread::java.lang.Thread::<init>:public:1:com.neovisionaries.ws.client.WebSocket:void::3PP
com.neovisionaries.ws.client:ReadingThread::java.lang.Thread::run:public:0::void::3PP
com.neovisionaries.ws.client:ReadingThread::java.lang.Thread::main:private:0::void::3PP
com.neovisionaries.ws.client:ReadingThread::java.lang.Thread::requestStop::1:long:void::3PP
com.neovisionaries.ws.client:ReadingThread::java.lang.Thread::callOnFrame:private:1:com.neovisionaries.ws.client.WebSocketFrame:void::3PP
com.neovisionaries.ws.client:ReadingThread::java.lang.Thread::callOnContinuationFrame:private:1:com.neovisionaries.ws.client.WebSocketFrame:void::3PP
com.neovisionaries.ws.client:ReadingThread::java.lang.Thread::callOnTextFrame:private:1:com.neovisionaries.ws.client.WebSocketFrame:void::3PP
com.neovisionaries.ws.client:ReadingThread::java.lang.Thread::callOnBinaryFrame:private:1:com.neovisionaries.ws.client.WebSocketFrame:void::3PP
com.neovisionaries.ws.client:ReadingThread::java.lang.Thread::callOnCloseFrame:private:1:com.neovisionaries.ws.client.WebSocketFrame:void::3PP
com.neovisionaries.ws.client:ReadingThread::java.lang.Thread::callOnPingFrame:private:1:com.neovisionaries.ws.client.WebSocketFrame:void::3PP
com.neovisionaries.ws.client:ReadingThread::java.lang.Thread::callOnPongFrame:private:1:com.neovisionaries.ws.client.WebSocketFrame:void::3PP
com.neovisionaries.ws.client:ReadingThread::java.lang.Thread::callOnTextMessage:private:1:byte[]:void::3PP
com.neovisionaries.ws.client:ReadingThread::java.lang.Thread::callOnTextMessage:private:1:java.lang.String:void::3PP
com.neovisionaries.ws.client:ReadingThread::java.lang.Thread::callOnBinaryMessage:private:1:byte[]:void::3PP
com.neovisionaries.ws.client:ReadingThread::java.lang.Thread::callOnError:private:1:com.neovisionaries.ws.client.WebSocketException:void::3PP
com.neovisionaries.ws.client:ReadingThread::java.lang.Thread::callOnFrameError:private:2:com.neovisionaries.ws.client.WebSocketException,com.neovisionaries.ws.client.WebSocketFrame:void::3PP
com.neovisionaries.ws.client:ReadingThread::java.lang.Thread::callOnMessageError:private:2:com.neovisionaries.ws.client.WebSocketException,java.util.List:void::3PP
com.neovisionaries.ws.client:ReadingThread::java.lang.Thread::callOnMessageDecompressionError:private:2:com.neovisionaries.ws.client.WebSocketException,byte[]:void::3PP
com.neovisionaries.ws.client:ReadingThread::java.lang.Thread::callOnTextMessageError:private:2:com.neovisionaries.ws.client.WebSocketException,byte[]:void::3PP
com.neovisionaries.ws.client:ReadingThread::java.lang.Thread::readFrame:private:0::com.neovisionaries.ws.client.WebSocketFrame::3PP
com.neovisionaries.ws.client:ReadingThread::java.lang.Thread::verifyFrame:private:1:com.neovisionaries.ws.client.WebSocketFrame:void::3PP
com.neovisionaries.ws.client:ReadingThread::java.lang.Thread::verifyReservedBits:private:1:com.neovisionaries.ws.client.WebSocketFrame:void::3PP
com.neovisionaries.ws.client:ReadingThread::java.lang.Thread::verifyReservedBit1:private:1:com.neovisionaries.ws.client.WebSocketFrame:void::3PP
com.neovisionaries.ws.client:ReadingThread::java.lang.Thread::verifyReservedBit1ForPMCE:private:1:com.neovisionaries.ws.client.WebSocketFrame:boolean::3PP
com.neovisionaries.ws.client:ReadingThread::java.lang.Thread::verifyReservedBit2:private:1:com.neovisionaries.ws.client.WebSocketFrame:void::3PP
com.neovisionaries.ws.client:ReadingThread::java.lang.Thread::verifyReservedBit3:private:1:com.neovisionaries.ws.client.WebSocketFrame:void::3PP
com.neovisionaries.ws.client:ReadingThread::java.lang.Thread::verifyFrameOpcode:private:1:com.neovisionaries.ws.client.WebSocketFrame:void::3PP
com.neovisionaries.ws.client:ReadingThread::java.lang.Thread::verifyFrameMask:private:1:com.neovisionaries.ws.client.WebSocketFrame:void::3PP
com.neovisionaries.ws.client:ReadingThread::java.lang.Thread::verifyFrameFragmentation:private:1:com.neovisionaries.ws.client.WebSocketFrame:void::3PP
com.neovisionaries.ws.client:ReadingThread::java.lang.Thread::verifyFrameSize:private:1:com.neovisionaries.ws.client.WebSocketFrame:void::3PP
com.neovisionaries.ws.client:ReadingThread::java.lang.Thread::createCloseFrame:private:1:com.neovisionaries.ws.client.WebSocketException:com.neovisionaries.ws.client.WebSocketFrame::3PP
com.neovisionaries.ws.client:ReadingThread::java.lang.Thread::handleFrame:private:1:com.neovisionaries.ws.client.WebSocketFrame:boolean::3PP
com.neovisionaries.ws.client:ReadingThread::java.lang.Thread::handleContinuationFrame:private:1:com.neovisionaries.ws.client.WebSocketFrame:boolean::3PP
com.neovisionaries.ws.client:ReadingThread::java.lang.Thread::getMessage:private:1:java.util.List:byte[]::3PP
com.neovisionaries.ws.client:ReadingThread::java.lang.Thread::concatenatePayloads:private:1:java.util.List:byte[]::3PP
com.neovisionaries.ws.client:ReadingThread::java.lang.Thread::getMessage:private:1:com.neovisionaries.ws.client.WebSocketFrame:byte[]::3PP
com.neovisionaries.ws.client:ReadingThread::java.lang.Thread::decompress:private:1:byte[]:byte[]::3PP
com.neovisionaries.ws.client:ReadingThread::java.lang.Thread::handleTextFrame:private:1:com.neovisionaries.ws.client.WebSocketFrame:boolean::3PP
com.neovisionaries.ws.client:ReadingThread::java.lang.Thread::handleBinaryFrame:private:1:com.neovisionaries.ws.client.WebSocketFrame:boolean::3PP
com.neovisionaries.ws.client:ReadingThread::java.lang.Thread::handleCloseFrame:private:1:com.neovisionaries.ws.client.WebSocketFrame:boolean::3PP
com.neovisionaries.ws.client:ReadingThread::java.lang.Thread::handlePingFrame:private:1:com.neovisionaries.ws.client.WebSocketFrame:boolean::3PP
com.neovisionaries.ws.client:ReadingThread::java.lang.Thread::handlePongFrame:private:1:com.neovisionaries.ws.client.WebSocketFrame:boolean::3PP
com.neovisionaries.ws.client:ReadingThread::java.lang.Thread::waitForCloseFrame:private:0::void::3PP
com.neovisionaries.ws.client:ReadingThread::java.lang.Thread::notifyFinished:private:0::void::3PP
com.neovisionaries.ws.client:ReadingThread::java.lang.Thread::scheduleClose:private:0::void::3PP
com.neovisionaries.ws.client:ReadingThread::java.lang.Thread::scheduleCloseTask:private:0::void::3PP
com.neovisionaries.ws.client:ReadingThread::java.lang.Thread::cancelClose:private:0::void::3PP
com.neovisionaries.ws.client:ReadingThread::java.lang.Thread::cancelCloseTask:private:0::void::3PP
com.neovisionaries.ws.client:ReadingThread::java.lang.Thread::access$100:static:1:com.neovisionaries.ws.client.ReadingThread:com.neovisionaries.ws.client.WebSocket::3PP
com.neovisionaries.ws.client:SocketConnector::java.lang.Object::<init>::3:java.net.Socket,com.neovisionaries.ws.client.Address,int:void::3PP
com.neovisionaries.ws.client:SocketConnector::java.lang.Object::<init>::7:java.net.Socket,com.neovisionaries.ws.client.Address,int,com.neovisionaries.ws.client.ProxyHandshaker,javax.net.ssl.SSLSocketFactory,java.lang.String,int:void::3PP
com.neovisionaries.ws.client:SocketConnector::java.lang.Object::getSocket:public:0::java.net.Socket::3PP
com.neovisionaries.ws.client:SocketConnector::java.lang.Object::getConnectionTimeout:public:0::int::3PP
com.neovisionaries.ws.client:SocketConnector::java.lang.Object::connect:public:0::void::3PP
com.neovisionaries.ws.client:SocketConnector::java.lang.Object::doConnect:private:0::void::3PP
com.neovisionaries.ws.client:SocketConnector::java.lang.Object::handshake:private:0::void::3PP
com.neovisionaries.ws.client:SocketConnector::java.lang.Object::closeSilently::0::void::3PP
com.neovisionaries.ws.client:SocketFactorySettings::java.lang.Object::<init>::0::void::3PP
com.neovisionaries.ws.client:SocketFactorySettings::java.lang.Object::getSocketFactory:public:0::javax.net.SocketFactory::3PP
com.neovisionaries.ws.client:SocketFactorySettings::java.lang.Object::setSocketFactory:public:1:javax.net.SocketFactory:void::3PP
com.neovisionaries.ws.client:SocketFactorySettings::java.lang.Object::getSSLSocketFactory:public:0::javax.net.ssl.SSLSocketFactory::3PP
com.neovisionaries.ws.client:SocketFactorySettings::java.lang.Object::setSSLSocketFactory:public:1:javax.net.ssl.SSLSocketFactory:void::3PP
com.neovisionaries.ws.client:SocketFactorySettings::java.lang.Object::getSSLContext:public:0::javax.net.ssl.SSLContext::3PP
com.neovisionaries.ws.client:SocketFactorySettings::java.lang.Object::setSSLContext:public:1:javax.net.ssl.SSLContext:void::3PP
com.neovisionaries.ws.client:SocketFactorySettings::java.lang.Object::selectSocketFactory:public:1:boolean:javax.net.SocketFactory::3PP
com.neovisionaries.ws.client:StateManager$CloseInitiator:final:java.lang.Enum::values:public,static:0::com.neovisionaries.ws.client.StateManager$CloseInitiator[]::3PP
com.neovisionaries.ws.client:StateManager$CloseInitiator:final:java.lang.Enum::valueOf:public,static:1:java.lang.String:com.neovisionaries.ws.client.StateManager$CloseInitiator::3PP
com.neovisionaries.ws.client:StateManager$CloseInitiator:final:java.lang.Enum::<init>:private:2:java.lang.String,int:void::3PP
com.neovisionaries.ws.client:StateManager$CloseInitiator:final:java.lang.Enum::<clinit>:static:0::void::3PP
com.neovisionaries.ws.client:StateManager::java.lang.Object::<init>:public:0::void::3PP
com.neovisionaries.ws.client:StateManager::java.lang.Object::getState:public:0::com.neovisionaries.ws.client.WebSocketState::3PP
com.neovisionaries.ws.client:StateManager::java.lang.Object::setState:public:1:com.neovisionaries.ws.client.WebSocketState:void::3PP
com.neovisionaries.ws.client:StateManager::java.lang.Object::changeToClosing:public:1:com.neovisionaries.ws.client.StateManager$CloseInitiator:void::3PP
com.neovisionaries.ws.client:StateManager::java.lang.Object::getClosedByServer:public:0::boolean::3PP
com.neovisionaries.ws.client:StatusLine:public:java.lang.Object::<init>::1:java.lang.String:void::3PP
com.neovisionaries.ws.client:StatusLine:public:java.lang.Object::getHttpVersion:public:0::java.lang.String::3PP
com.neovisionaries.ws.client:StatusLine:public:java.lang.Object::getStatusCode:public:0::int::3PP
com.neovisionaries.ws.client:StatusLine:public:java.lang.Object::getReasonPhrase:public:0::java.lang.String::3PP
com.neovisionaries.ws.client:StatusLine:public:java.lang.Object::toString:public:0::java.lang.String::3PP
com.neovisionaries.ws.client:Token::java.lang.Object::<init>::0::void::3PP
com.neovisionaries.ws.client:Token::java.lang.Object::isValid:public,static:1:java.lang.String:boolean::3PP
com.neovisionaries.ws.client:Token::java.lang.Object::isSeparator:public,static:1:char:boolean::3PP
com.neovisionaries.ws.client:Token::java.lang.Object::unquote:public,static:1:java.lang.String:java.lang.String::3PP
com.neovisionaries.ws.client:Token::java.lang.Object::unescape:public,static:1:java.lang.String:java.lang.String::3PP
com.neovisionaries.ws.client:WebSocket$1::java.lang.Thread::<init>::1:com.neovisionaries.ws.client.WebSocket:void::3PP
com.neovisionaries.ws.client:WebSocket$1::java.lang.Thread::run:public:0::void::3PP
com.neovisionaries.ws.client:WebSocket$2::java.lang.Object::<clinit>:static:0::void::3PP
com.neovisionaries.ws.client:WebSocket:public:java.lang.Object::<init>::6:com.neovisionaries.ws.client.WebSocketFactory,boolean,java.lang.String,java.lang.String,java.lang.String,com.neovisionaries.ws.client.SocketConnector:void::3PP
com.neovisionaries.ws.client:WebSocket:public:java.lang.Object::recreate:public:0::com.neovisionaries.ws.client.WebSocket::3PP
com.neovisionaries.ws.client:WebSocket:public:java.lang.Object::recreate:public:1:int:com.neovisionaries.ws.client.WebSocket::3PP
com.neovisionaries.ws.client:WebSocket:public:java.lang.Object::finalize:protected:0::void::3PP
com.neovisionaries.ws.client:WebSocket:public:java.lang.Object::getState:public:0::com.neovisionaries.ws.client.WebSocketState::3PP
com.neovisionaries.ws.client:WebSocket:public:java.lang.Object::isOpen:public:0::boolean::3PP
com.neovisionaries.ws.client:WebSocket:public:java.lang.Object::isInState:private:1:com.neovisionaries.ws.client.WebSocketState:boolean::3PP
com.neovisionaries.ws.client:WebSocket:public:java.lang.Object::addProtocol:public:1:java.lang.String:com.neovisionaries.ws.client.WebSocket::3PP
com.neovisionaries.ws.client:WebSocket:public:java.lang.Object::removeProtocol:public:1:java.lang.String:com.neovisionaries.ws.client.WebSocket::3PP
com.neovisionaries.ws.client:WebSocket:public:java.lang.Object::clearProtocols:public:0::com.neovisionaries.ws.client.WebSocket::3PP
com.neovisionaries.ws.client:WebSocket:public:java.lang.Object::addExtension:public:1:com.neovisionaries.ws.client.WebSocketExtension:com.neovisionaries.ws.client.WebSocket::3PP
com.neovisionaries.ws.client:WebSocket:public:java.lang.Object::addExtension:public:1:java.lang.String:com.neovisionaries.ws.client.WebSocket::3PP
com.neovisionaries.ws.client:WebSocket:public:java.lang.Object::removeExtension:public:1:com.neovisionaries.ws.client.WebSocketExtension:com.neovisionaries.ws.client.WebSocket::3PP
com.neovisionaries.ws.client:WebSocket:public:java.lang.Object::removeExtensions:public:1:java.lang.String:com.neovisionaries.ws.client.WebSocket::3PP
com.neovisionaries.ws.client:WebSocket:public:java.lang.Object::clearExtensions:public:0::com.neovisionaries.ws.client.WebSocket::3PP
com.neovisionaries.ws.client:WebSocket:public:java.lang.Object::addHeader:public:2:java.lang.String,java.lang.String:com.neovisionaries.ws.client.WebSocket::3PP
com.neovisionaries.ws.client:WebSocket:public:java.lang.Object::removeHeaders:public:1:java.lang.String:com.neovisionaries.ws.client.WebSocket::3PP
com.neovisionaries.ws.client:WebSocket:public:java.lang.Object::clearHeaders:public:0::com.neovisionaries.ws.client.WebSocket::3PP
com.neovisionaries.ws.client:WebSocket:public:java.lang.Object::setUserInfo:public:1:java.lang.String:com.neovisionaries.ws.client.WebSocket::3PP
com.neovisionaries.ws.client:WebSocket:public:java.lang.Object::setUserInfo:public:2:java.lang.String,java.lang.String:com.neovisionaries.ws.client.WebSocket::3PP
com.neovisionaries.ws.client:WebSocket:public:java.lang.Object::clearUserInfo:public:0::com.neovisionaries.ws.client.WebSocket::3PP
com.neovisionaries.ws.client:WebSocket:public:java.lang.Object::isExtended:public:0::boolean::3PP
com.neovisionaries.ws.client:WebSocket:public:java.lang.Object::setExtended:public:1:boolean:com.neovisionaries.ws.client.WebSocket::3PP
com.neovisionaries.ws.client:WebSocket:public:java.lang.Object::isAutoFlush:public:0::boolean::3PP
com.neovisionaries.ws.client:WebSocket:public:java.lang.Object::setAutoFlush:public:1:boolean:com.neovisionaries.ws.client.WebSocket::3PP
com.neovisionaries.ws.client:WebSocket:public:java.lang.Object::isMissingCloseFrameAllowed:public:0::boolean::3PP
com.neovisionaries.ws.client:WebSocket:public:java.lang.Object::setMissingCloseFrameAllowed:public:1:boolean:com.neovisionaries.ws.client.WebSocket::3PP
com.neovisionaries.ws.client:WebSocket:public:java.lang.Object::flush:public:0::com.neovisionaries.ws.client.WebSocket::3PP
com.neovisionaries.ws.client:WebSocket:public:java.lang.Object::getFrameQueueSize:public:0::int::3PP
com.neovisionaries.ws.client:WebSocket:public:java.lang.Object::setFrameQueueSize:public:1:int:com.neovisionaries.ws.client.WebSocket::3PP
com.neovisionaries.ws.client:WebSocket:public:java.lang.Object::getMaxPayloadSize:public:0::int::3PP
com.neovisionaries.ws.client:WebSocket:public:java.lang.Object::setMaxPayloadSize:public:1:int:com.neovisionaries.ws.client.WebSocket::3PP
com.neovisionaries.ws.client:WebSocket:public:java.lang.Object::getPingInterval:public:0::long::3PP
com.neovisionaries.ws.client:WebSocket:public:java.lang.Object::setPingInterval:public:1:long:com.neovisionaries.ws.client.WebSocket::3PP
com.neovisionaries.ws.client:WebSocket:public:java.lang.Object::getPongInterval:public:0::long::3PP
com.neovisionaries.ws.client:WebSocket:public:java.lang.Object::setPongInterval:public:1:long:com.neovisionaries.ws.client.WebSocket::3PP
com.neovisionaries.ws.client:WebSocket:public:java.lang.Object::getPingPayloadGenerator:public:0::com.neovisionaries.ws.client.PayloadGenerator::3PP
com.neovisionaries.ws.client:WebSocket:public:java.lang.Object::setPingPayloadGenerator:public:1:com.neovisionaries.ws.client.PayloadGenerator:com.neovisionaries.ws.client.WebSocket::3PP
com.neovisionaries.ws.client:WebSocket:public:java.lang.Object::getPongPayloadGenerator:public:0::com.neovisionaries.ws.client.PayloadGenerator::3PP
com.neovisionaries.ws.client:WebSocket:public:java.lang.Object::setPongPayloadGenerator:public:1:com.neovisionaries.ws.client.PayloadGenerator:com.neovisionaries.ws.client.WebSocket::3PP
com.neovisionaries.ws.client:WebSocket:public:java.lang.Object::addListener:public:1:com.neovisionaries.ws.client.WebSocketListener:com.neovisionaries.ws.client.WebSocket::3PP
com.neovisionaries.ws.client:WebSocket:public:java.lang.Object::addListeners:public:1:java.util.List:com.neovisionaries.ws.client.WebSocket::3PP
com.neovisionaries.ws.client:WebSocket:public:java.lang.Object::removeListener:public:1:com.neovisionaries.ws.client.WebSocketListener:com.neovisionaries.ws.client.WebSocket::3PP
com.neovisionaries.ws.client:WebSocket:public:java.lang.Object::removeListeners:public:1:java.util.List:com.neovisionaries.ws.client.WebSocket::3PP
com.neovisionaries.ws.client:WebSocket:public:java.lang.Object::clearListeners:public:0::com.neovisionaries.ws.client.WebSocket::3PP
com.neovisionaries.ws.client:WebSocket:public:java.lang.Object::getSocket:public:0::java.net.Socket::3PP
com.neovisionaries.ws.client:WebSocket:public:java.lang.Object::getURI:public:0::java.net.URI::3PP
com.neovisionaries.ws.client:WebSocket:public:java.lang.Object::connect:public:0::com.neovisionaries.ws.client.WebSocket::3PP
com.neovisionaries.ws.client:WebSocket:public:java.lang.Object::connect:public:1:java.util.concurrent.ExecutorService:java.util.concurrent.Future::3PP
com.neovisionaries.ws.client:WebSocket:public:java.lang.Object::connectable:public:0::java.util.concurrent.Callable::3PP
com.neovisionaries.ws.client:WebSocket:public:java.lang.Object::connectAsynchronously:public:0::com.neovisionaries.ws.client.WebSocket::3PP
com.neovisionaries.ws.client:WebSocket:public:java.lang.Object::disconnect:public:0::com.neovisionaries.ws.client.WebSocket::3PP
com.neovisionaries.ws.client:WebSocket:public:java.lang.Object::disconnect:public:1:int:com.neovisionaries.ws.client.WebSocket::3PP
com.neovisionaries.ws.client:WebSocket:public:java.lang.Object::disconnect:public:1:java.lang.String:com.neovisionaries.ws.client.WebSocket::3PP
com.neovisionaries.ws.client:WebSocket:public:java.lang.Object::disconnect:public:2:int,java.lang.String:com.neovisionaries.ws.client.WebSocket::3PP
com.neovisionaries.ws.client:WebSocket:public:java.lang.Object::disconnect:public:3:int,java.lang.String,long:com.neovisionaries.ws.client.WebSocket::3PP
com.neovisionaries.ws.client:WebSocket:public:java.lang.Object::getAgreedExtensions:public:0::java.util.List::3PP
com.neovisionaries.ws.client:WebSocket:public:java.lang.Object::getAgreedProtocol:public:0::java.lang.String::3PP
com.neovisionaries.ws.client:WebSocket:public:java.lang.Object::sendFrame:public:1:com.neovisionaries.ws.client.WebSocketFrame:com.neovisionaries.ws.client.WebSocket::3PP
com.neovisionaries.ws.client:WebSocket:public:java.lang.Object::splitIfNecessary:private:1:com.neovisionaries.ws.client.WebSocketFrame:java.util.List::3PP
com.neovisionaries.ws.client:WebSocket:public:java.lang.Object::sendContinuation:public:0::com.neovisionaries.ws.client.WebSocket::3PP
com.neovisionaries.ws.client:WebSocket:public:java.lang.Object::sendContinuation:public:1:boolean:com.neovisionaries.ws.client.WebSocket::3PP
com.neovisionaries.ws.client:WebSocket:public:java.lang.Object::sendContinuation:public:1:java.lang.String:com.neovisionaries.ws.client.WebSocket::3PP
com.neovisionaries.ws.client:WebSocket:public:java.lang.Object::sendContinuation:public:2:java.lang.String,boolean:com.neovisionaries.ws.client.WebSocket::3PP
com.neovisionaries.ws.client:WebSocket:public:java.lang.Object::sendContinuation:public:1:byte[]:com.neovisionaries.ws.client.WebSocket::3PP
com.neovisionaries.ws.client:WebSocket:public:java.lang.Object::sendContinuation:public:2:byte[],boolean:com.neovisionaries.ws.client.WebSocket::3PP
com.neovisionaries.ws.client:WebSocket:public:java.lang.Object::sendText:public:1:java.lang.String:com.neovisionaries.ws.client.WebSocket::3PP
com.neovisionaries.ws.client:WebSocket:public:java.lang.Object::sendText:public:2:java.lang.String,boolean:com.neovisionaries.ws.client.WebSocket::3PP
com.neovisionaries.ws.client:WebSocket:public:java.lang.Object::sendBinary:public:1:byte[]:com.neovisionaries.ws.client.WebSocket::3PP
com.neovisionaries.ws.client:WebSocket:public:java.lang.Object::sendBinary:public:2:byte[],boolean:com.neovisionaries.ws.client.WebSocket::3PP
com.neovisionaries.ws.client:WebSocket:public:java.lang.Object::sendClose:public:0::com.neovisionaries.ws.client.WebSocket::3PP
com.neovisionaries.ws.client:WebSocket:public:java.lang.Object::sendClose:public:1:int:com.neovisionaries.ws.client.WebSocket::3PP
com.neovisionaries.ws.client:WebSocket:public:java.lang.Object::sendClose:public:2:int,java.lang.String:com.neovisionaries.ws.client.WebSocket::3PP
com.neovisionaries.ws.client:WebSocket:public:java.lang.Object::sendPing:public:0::com.neovisionaries.ws.client.WebSocket::3PP
com.neovisionaries.ws.client:WebSocket:public:java.lang.Object::sendPing:public:1:byte[]:com.neovisionaries.ws.client.WebSocket::3PP
com.neovisionaries.ws.client:WebSocket:public:java.lang.Object::sendPing:public:1:java.lang.String:com.neovisionaries.ws.client.WebSocket::3PP
com.neovisionaries.ws.client:WebSocket:public:java.lang.Object::sendPong:public:0::com.neovisionaries.ws.client.WebSocket::3PP
com.neovisionaries.ws.client:WebSocket:public:java.lang.Object::sendPong:public:1:byte[]:com.neovisionaries.ws.client.WebSocket::3PP
com.neovisionaries.ws.client:WebSocket:public:java.lang.Object::sendPong:public:1:java.lang.String:com.neovisionaries.ws.client.WebSocket::3PP
com.neovisionaries.ws.client:WebSocket:public:java.lang.Object::changeStateOnConnect:private:0::void::3PP
com.neovisionaries.ws.client:WebSocket:public:java.lang.Object::shakeHands:private:0::java.util.Map::3PP
com.neovisionaries.ws.client:WebSocket:public:java.lang.Object::openInputStream:private:1:java.net.Socket:com.neovisionaries.ws.client.WebSocketInputStream::3PP
com.neovisionaries.ws.client:WebSocket:public:java.lang.Object::openOutputStream:private:1:java.net.Socket:com.neovisionaries.ws.client.WebSocketOutputStream::3PP
com.neovisionaries.ws.client:WebSocket:public:java.lang.Object::generateWebSocketKey:private,static:0::java.lang.String::3PP
com.neovisionaries.ws.client:WebSocket:public:java.lang.Object::writeHandshake:private:2:com.neovisionaries.ws.client.WebSocketOutputStream,java.lang.String:void::3PP
com.neovisionaries.ws.client:WebSocket:public:java.lang.Object::readHandshake:private:2:com.neovisionaries.ws.client.WebSocketInputStream,java.lang.String:java.util.Map::3PP
com.neovisionaries.ws.client:WebSocket:public:java.lang.Object::startThreads:private:0::void::3PP
com.neovisionaries.ws.client:WebSocket:public:java.lang.Object::stopThreads:private:1:long:void::3PP
com.neovisionaries.ws.client:WebSocket:public:java.lang.Object::getInput::0::com.neovisionaries.ws.client.WebSocketInputStream::3PP
com.neovisionaries.ws.client:WebSocket:public:java.lang.Object::getOutput::0::com.neovisionaries.ws.client.WebSocketOutputStream::3PP
com.neovisionaries.ws.client:WebSocket:public:java.lang.Object::getStateManager::0::com.neovisionaries.ws.client.StateManager::3PP
com.neovisionaries.ws.client:WebSocket:public:java.lang.Object::getListenerManager::0::com.neovisionaries.ws.client.ListenerManager::3PP
com.neovisionaries.ws.client:WebSocket:public:java.lang.Object::getHandshakeBuilder::0::com.neovisionaries.ws.client.HandshakeBuilder::3PP
com.neovisionaries.ws.client:WebSocket:public:java.lang.Object::setAgreedExtensions::1:java.util.List:void::3PP
com.neovisionaries.ws.client:WebSocket:public:java.lang.Object::setAgreedProtocol::1:java.lang.String:void::3PP
com.neovisionaries.ws.client:WebSocket:public:java.lang.Object::onReadingThreadStarted::0::void::3PP
com.neovisionaries.ws.client:WebSocket:public:java.lang.Object::onWritingThreadStarted::0::void::3PP
com.neovisionaries.ws.client:WebSocket:public:java.lang.Object::callOnConnectedIfNotYet:private:0::void::3PP
com.neovisionaries.ws.client:WebSocket:public:java.lang.Object::onThreadsStarted:private:0::void::3PP
com.neovisionaries.ws.client:WebSocket:public:java.lang.Object::onReadingThreadFinished::1:com.neovisionaries.ws.client.WebSocketFrame:void::3PP
com.neovisionaries.ws.client:WebSocket:public:java.lang.Object::onWritingThreadFinished::1:com.neovisionaries.ws.client.WebSocketFrame:void::3PP
com.neovisionaries.ws.client:WebSocket:public:java.lang.Object::onThreadsFinished:private:0::void::3PP
com.neovisionaries.ws.client:WebSocket:public:java.lang.Object::finish:private:0::void::3PP
com.neovisionaries.ws.client:WebSocket:public:java.lang.Object::finishAsynchronously:private:0::void::3PP
com.neovisionaries.ws.client:WebSocket:public:java.lang.Object::findAgreedPerMessageCompressionExtension:private:0::com.neovisionaries.ws.client.PerMessageCompressionExtension::3PP
com.neovisionaries.ws.client:WebSocket:public:java.lang.Object::getPerMessageCompressionExtension::0::com.neovisionaries.ws.client.PerMessageCompressionExtension::3PP
com.neovisionaries.ws.client:WebSocket:public:java.lang.Object::access$000:static:1:com.neovisionaries.ws.client.WebSocket:void::3PP
com.neovisionaries.ws.client:WebSocketAdapter:public:java.lang.Object:com.neovisionaries.ws.client.WebSocketListener:<init>:public:0::void::3PP
com.neovisionaries.ws.client:WebSocketAdapter:public:java.lang.Object:com.neovisionaries.ws.client.WebSocketListener:onStateChanged:public:2:com.neovisionaries.ws.client.WebSocket,com.neovisionaries.ws.client.WebSocketState:void::3PP
com.neovisionaries.ws.client:WebSocketAdapter:public:java.lang.Object:com.neovisionaries.ws.client.WebSocketListener:onConnected:public:2:com.neovisionaries.ws.client.WebSocket,java.util.Map:void::3PP
com.neovisionaries.ws.client:WebSocketAdapter:public:java.lang.Object:com.neovisionaries.ws.client.WebSocketListener:onConnectError:public:2:com.neovisionaries.ws.client.WebSocket,com.neovisionaries.ws.client.WebSocketException:void::3PP
com.neovisionaries.ws.client:WebSocketAdapter:public:java.lang.Object:com.neovisionaries.ws.client.WebSocketListener:onDisconnected:public:4:com.neovisionaries.ws.client.WebSocket,com.neovisionaries.ws.client.WebSocketFrame,com.neovisionaries.ws.client.WebSocketFrame,boolean:void::3PP
com.neovisionaries.ws.client:WebSocketAdapter:public:java.lang.Object:com.neovisionaries.ws.client.WebSocketListener:onFrame:public:2:com.neovisionaries.ws.client.WebSocket,com.neovisionaries.ws.client.WebSocketFrame:void::3PP
com.neovisionaries.ws.client:WebSocketAdapter:public:java.lang.Object:com.neovisionaries.ws.client.WebSocketListener:onContinuationFrame:public:2:com.neovisionaries.ws.client.WebSocket,com.neovisionaries.ws.client.WebSocketFrame:void::3PP
com.neovisionaries.ws.client:WebSocketAdapter:public:java.lang.Object:com.neovisionaries.ws.client.WebSocketListener:onTextFrame:public:2:com.neovisionaries.ws.client.WebSocket,com.neovisionaries.ws.client.WebSocketFrame:void::3PP
com.neovisionaries.ws.client:WebSocketAdapter:public:java.lang.Object:com.neovisionaries.ws.client.WebSocketListener:onBinaryFrame:public:2:com.neovisionaries.ws.client.WebSocket,com.neovisionaries.ws.client.WebSocketFrame:void::3PP
com.neovisionaries.ws.client:WebSocketAdapter:public:java.lang.Object:com.neovisionaries.ws.client.WebSocketListener:onCloseFrame:public:2:com.neovisionaries.ws.client.WebSocket,com.neovisionaries.ws.client.WebSocketFrame:void::3PP
com.neovisionaries.ws.client:WebSocketAdapter:public:java.lang.Object:com.neovisionaries.ws.client.WebSocketListener:onPingFrame:public:2:com.neovisionaries.ws.client.WebSocket,com.neovisionaries.ws.client.WebSocketFrame:void::3PP
com.neovisionaries.ws.client:WebSocketAdapter:public:java.lang.Object:com.neovisionaries.ws.client.WebSocketListener:onPongFrame:public:2:com.neovisionaries.ws.client.WebSocket,com.neovisionaries.ws.client.WebSocketFrame:void::3PP
com.neovisionaries.ws.client:WebSocketAdapter:public:java.lang.Object:com.neovisionaries.ws.client.WebSocketListener:onTextMessage:public:2:com.neovisionaries.ws.client.WebSocket,java.lang.String:void::3PP
com.neovisionaries.ws.client:WebSocketAdapter:public:java.lang.Object:com.neovisionaries.ws.client.WebSocketListener:onBinaryMessage:public:2:com.neovisionaries.ws.client.WebSocket,byte[]:void::3PP
com.neovisionaries.ws.client:WebSocketAdapter:public:java.lang.Object:com.neovisionaries.ws.client.WebSocketListener:onSendingFrame:public:2:com.neovisionaries.ws.client.WebSocket,com.neovisionaries.ws.client.WebSocketFrame:void::3PP
com.neovisionaries.ws.client:WebSocketAdapter:public:java.lang.Object:com.neovisionaries.ws.client.WebSocketListener:onFrameSent:public:2:com.neovisionaries.ws.client.WebSocket,com.neovisionaries.ws.client.WebSocketFrame:void::3PP
com.neovisionaries.ws.client:WebSocketAdapter:public:java.lang.Object:com.neovisionaries.ws.client.WebSocketListener:onFrameUnsent:public:2:com.neovisionaries.ws.client.WebSocket,com.neovisionaries.ws.client.WebSocketFrame:void::3PP
com.neovisionaries.ws.client:WebSocketAdapter:public:java.lang.Object:com.neovisionaries.ws.client.WebSocketListener:onError:public:2:com.neovisionaries.ws.client.WebSocket,com.neovisionaries.ws.client.WebSocketException:void::3PP
com.neovisionaries.ws.client:WebSocketAdapter:public:java.lang.Object:com.neovisionaries.ws.client.WebSocketListener:onFrameError:public:3:com.neovisionaries.ws.client.WebSocket,com.neovisionaries.ws.client.WebSocketException,com.neovisionaries.ws.client.WebSocketFrame:void::3PP
com.neovisionaries.ws.client:WebSocketAdapter:public:java.lang.Object:com.neovisionaries.ws.client.WebSocketListener:onMessageError:public:3:com.neovisionaries.ws.client.WebSocket,com.neovisionaries.ws.client.WebSocketException,java.util.List:void::3PP
com.neovisionaries.ws.client:WebSocketAdapter:public:java.lang.Object:com.neovisionaries.ws.client.WebSocketListener:onMessageDecompressionError:public:3:com.neovisionaries.ws.client.WebSocket,com.neovisionaries.ws.client.WebSocketException,byte[]:void::3PP
com.neovisionaries.ws.client:WebSocketAdapter:public:java.lang.Object:com.neovisionaries.ws.client.WebSocketListener:onTextMessageError:public:3:com.neovisionaries.ws.client.WebSocket,com.neovisionaries.ws.client.WebSocketException,byte[]:void::3PP
com.neovisionaries.ws.client:WebSocketAdapter:public:java.lang.Object:com.neovisionaries.ws.client.WebSocketListener:onSendError:public:3:com.neovisionaries.ws.client.WebSocket,com.neovisionaries.ws.client.WebSocketException,com.neovisionaries.ws.client.WebSocketFrame:void::3PP
com.neovisionaries.ws.client:WebSocketAdapter:public:java.lang.Object:com.neovisionaries.ws.client.WebSocketListener:onUnexpectedError:public:2:com.neovisionaries.ws.client.WebSocket,com.neovisionaries.ws.client.WebSocketException:void::3PP
com.neovisionaries.ws.client:WebSocketAdapter:public:java.lang.Object:com.neovisionaries.ws.client.WebSocketListener:handleCallbackError:public:2:com.neovisionaries.ws.client.WebSocket,java.lang.Throwable:void::3PP
com.neovisionaries.ws.client:WebSocketAdapter:public:java.lang.Object:com.neovisionaries.ws.client.WebSocketListener:onSendingHandshake:public:3:com.neovisionaries.ws.client.WebSocket,java.lang.String,java.util.List:void::3PP
com.neovisionaries.ws.client:WebSocketCloseCode:public:java.lang.Object::<init>:private:0::void::3PP
com.neovisionaries.ws.client:WebSocketError:public,final:java.lang.Enum::values:public,static:0::com.neovisionaries.ws.client.WebSocketError[]::3PP
com.neovisionaries.ws.client:WebSocketError:public,final:java.lang.Enum::valueOf:public,static:1:java.lang.String:com.neovisionaries.ws.client.WebSocketError::3PP
com.neovisionaries.ws.client:WebSocketError:public,final:java.lang.Enum::<init>:private:2:java.lang.String,int:void::3PP
com.neovisionaries.ws.client:WebSocketError:public,final:java.lang.Enum::<clinit>:static:0::void::3PP
com.neovisionaries.ws.client:WebSocketException:public:java.lang.Exception::<init>:public:1:com.neovisionaries.ws.client.WebSocketError:void::3PP
com.neovisionaries.ws.client:WebSocketException:public:java.lang.Exception::<init>:public:2:com.neovisionaries.ws.client.WebSocketError,java.lang.String:void::3PP
com.neovisionaries.ws.client:WebSocketException:public:java.lang.Exception::<init>:public:2:com.neovisionaries.ws.client.WebSocketError,java.lang.Throwable:void::3PP
com.neovisionaries.ws.client:WebSocketException:public:java.lang.Exception::<init>:public:3:com.neovisionaries.ws.client.WebSocketError,java.lang.String,java.lang.Throwable:void::3PP
com.neovisionaries.ws.client:WebSocketException:public:java.lang.Exception::getError:public:0::com.neovisionaries.ws.client.WebSocketError::3PP
com.neovisionaries.ws.client:WebSocketExtension:public:java.lang.Object::<init>:public:1:java.lang.String:void::3PP
com.neovisionaries.ws.client:WebSocketExtension:public:java.lang.Object::<init>:public:1:com.neovisionaries.ws.client.WebSocketExtension:void::3PP
com.neovisionaries.ws.client:WebSocketExtension:public:java.lang.Object::getName:public:0::java.lang.String::3PP
com.neovisionaries.ws.client:WebSocketExtension:public:java.lang.Object::getParameters:public:0::java.util.Map::3PP
com.neovisionaries.ws.client:WebSocketExtension:public:java.lang.Object::containsParameter:public:1:java.lang.String:boolean::3PP
com.neovisionaries.ws.client:WebSocketExtension:public:java.lang.Object::getParameter:public:1:java.lang.String:java.lang.String::3PP
com.neovisionaries.ws.client:WebSocketExtension:public:java.lang.Object::setParameter:public:2:java.lang.String,java.lang.String:com.neovisionaries.ws.client.WebSocketExtension::3PP
com.neovisionaries.ws.client:WebSocketExtension:public:java.lang.Object::toString:public:0::java.lang.String::3PP
com.neovisionaries.ws.client:WebSocketExtension:public:java.lang.Object::validate::0::void::3PP
com.neovisionaries.ws.client:WebSocketExtension:public:java.lang.Object::parse:public,static:1:java.lang.String:com.neovisionaries.ws.client.WebSocketExtension::3PP
com.neovisionaries.ws.client:WebSocketExtension:public:java.lang.Object::extractValue:private,static:1:java.lang.String[]:java.lang.String::3PP
com.neovisionaries.ws.client:WebSocketExtension:public:java.lang.Object::createInstance:private,static:1:java.lang.String:com.neovisionaries.ws.client.WebSocketExtension::3PP
com.neovisionaries.ws.client:WebSocketFactory:public:java.lang.Object::<init>:public:0::void::3PP
com.neovisionaries.ws.client:WebSocketFactory:public:java.lang.Object::getSocketFactory:public:0::javax.net.SocketFactory::3PP
com.neovisionaries.ws.client:WebSocketFactory:public:java.lang.Object::setSocketFactory:public:1:javax.net.SocketFactory:com.neovisionaries.ws.client.WebSocketFactory::3PP
com.neovisionaries.ws.client:WebSocketFactory:public:java.lang.Object::getSSLSocketFactory:public:0::javax.net.ssl.SSLSocketFactory::3PP
com.neovisionaries.ws.client:WebSocketFactory:public:java.lang.Object::setSSLSocketFactory:public:1:javax.net.ssl.SSLSocketFactory:com.neovisionaries.ws.client.WebSocketFactory::3PP
com.neovisionaries.ws.client:WebSocketFactory:public:java.lang.Object::getSSLContext:public:0::javax.net.ssl.SSLContext::3PP
com.neovisionaries.ws.client:WebSocketFactory:public:java.lang.Object::setSSLContext:public:1:javax.net.ssl.SSLContext:com.neovisionaries.ws.client.WebSocketFactory::3PP
com.neovisionaries.ws.client:WebSocketFactory:public:java.lang.Object::getProxySettings:public:0::com.neovisionaries.ws.client.ProxySettings::3PP
com.neovisionaries.ws.client:WebSocketFactory:public:java.lang.Object::getConnectionTimeout:public:0::int::3PP
com.neovisionaries.ws.client:WebSocketFactory:public:java.lang.Object::setConnectionTimeout:public:1:int:com.neovisionaries.ws.client.WebSocketFactory::3PP
com.neovisionaries.ws.client:WebSocketFactory:public:java.lang.Object::createSocket:public:1:java.lang.String:com.neovisionaries.ws.client.WebSocket::3PP
com.neovisionaries.ws.client:WebSocketFactory:public:java.lang.Object::createSocket:public:2:java.lang.String,int:com.neovisionaries.ws.client.WebSocket::3PP
com.neovisionaries.ws.client:WebSocketFactory:public:java.lang.Object::createSocket:public:1:java.net.URL:com.neovisionaries.ws.client.WebSocket::3PP
com.neovisionaries.ws.client:WebSocketFactory:public:java.lang.Object::createSocket:public:2:java.net.URL,int:com.neovisionaries.ws.client.WebSocket::3PP
com.neovisionaries.ws.client:WebSocketFactory:public:java.lang.Object::createSocket:public:1:java.net.URI:com.neovisionaries.ws.client.WebSocket::3PP
com.neovisionaries.ws.client:WebSocketFactory:public:java.lang.Object::createSocket:public:2:java.net.URI,int:com.neovisionaries.ws.client.WebSocket::3PP
com.neovisionaries.ws.client:WebSocketFactory:public:java.lang.Object::createSocket:private:7:java.lang.String,java.lang.String,java.lang.String,int,java.lang.String,java.lang.String,int:com.neovisionaries.ws.client.WebSocket::3PP
com.neovisionaries.ws.client:WebSocketFactory:public:java.lang.Object::isSecureConnectionRequired:private,static:1:java.lang.String:boolean::3PP
com.neovisionaries.ws.client:WebSocketFactory:public:java.lang.Object::determinePath:private,static:1:java.lang.String:java.lang.String::3PP
com.neovisionaries.ws.client:WebSocketFactory:public:java.lang.Object::createRawSocket:private:4:java.lang.String,int,boolean,int:com.neovisionaries.ws.client.SocketConnector::3PP
com.neovisionaries.ws.client:WebSocketFactory:public:java.lang.Object::createProxiedRawSocket:private:4:java.lang.String,int,boolean,int:com.neovisionaries.ws.client.SocketConnector::3PP
com.neovisionaries.ws.client:WebSocketFactory:public:java.lang.Object::createDirectRawSocket:private:4:java.lang.String,int,boolean,int:com.neovisionaries.ws.client.SocketConnector::3PP
com.neovisionaries.ws.client:WebSocketFactory:public:java.lang.Object::determinePort:private,static:2:int,boolean:int::3PP
com.neovisionaries.ws.client:WebSocketFactory:public:java.lang.Object::createWebSocket:private:7:boolean,java.lang.String,java.lang.String,int,java.lang.String,java.lang.String,com.neovisionaries.ws.client.SocketConnector:com.neovisionaries.ws.client.WebSocket::3PP
com.neovisionaries.ws.client:WebSocketFrame:public:java.lang.Object::<init>:public:0::void::3PP
com.neovisionaries.ws.client:WebSocketFrame:public:java.lang.Object::getFin:public:0::boolean::3PP
com.neovisionaries.ws.client:WebSocketFrame:public:java.lang.Object::setFin:public:1:boolean:com.neovisionaries.ws.client.WebSocketFrame::3PP
com.neovisionaries.ws.client:WebSocketFrame:public:java.lang.Object::getRsv1:public:0::boolean::3PP
com.neovisionaries.ws.client:WebSocketFrame:public:java.lang.Object::setRsv1:public:1:boolean:com.neovisionaries.ws.client.WebSocketFrame::3PP
com.neovisionaries.ws.client:WebSocketFrame:public:java.lang.Object::getRsv2:public:0::boolean::3PP
com.neovisionaries.ws.client:WebSocketFrame:public:java.lang.Object::setRsv2:public:1:boolean:com.neovisionaries.ws.client.WebSocketFrame::3PP
com.neovisionaries.ws.client:WebSocketFrame:public:java.lang.Object::getRsv3:public:0::boolean::3PP
com.neovisionaries.ws.client:WebSocketFrame:public:java.lang.Object::setRsv3:public:1:boolean:com.neovisionaries.ws.client.WebSocketFrame::3PP
com.neovisionaries.ws.client:WebSocketFrame:public:java.lang.Object::getOpcode:public:0::int::3PP
com.neovisionaries.ws.client:WebSocketFrame:public:java.lang.Object::setOpcode:public:1:int:com.neovisionaries.ws.client.WebSocketFrame::3PP
com.neovisionaries.ws.client:WebSocketFrame:public:java.lang.Object::isContinuationFrame:public:0::boolean::3PP
com.neovisionaries.ws.client:WebSocketFrame:public:java.lang.Object::isTextFrame:public:0::boolean::3PP
com.neovisionaries.ws.client:WebSocketFrame:public:java.lang.Object::isBinaryFrame:public:0::boolean::3PP
com.neovisionaries.ws.client:WebSocketFrame:public:java.lang.Object::isCloseFrame:public:0::boolean::3PP
com.neovisionaries.ws.client:WebSocketFrame:public:java.lang.Object::isPingFrame:public:0::boolean::3PP
com.neovisionaries.ws.client:WebSocketFrame:public:java.lang.Object::isPongFrame:public:0::boolean::3PP
com.neovisionaries.ws.client:WebSocketFrame:public:java.lang.Object::isDataFrame:public:0::boolean::3PP
com.neovisionaries.ws.client:WebSocketFrame:public:java.lang.Object::isControlFrame:public:0::boolean::3PP
com.neovisionaries.ws.client:WebSocketFrame:public:java.lang.Object::getMask::0::boolean::3PP
com.neovisionaries.ws.client:WebSocketFrame:public:java.lang.Object::setMask::1:boolean:com.neovisionaries.ws.client.WebSocketFrame::3PP
com.neovisionaries.ws.client:WebSocketFrame:public:java.lang.Object::hasPayload:public:0::boolean::3PP
com.neovisionaries.ws.client:WebSocketFrame:public:java.lang.Object::getPayloadLength:public:0::int::3PP
com.neovisionaries.ws.client:WebSocketFrame:public:java.lang.Object::getPayload:public:0::byte[]::3PP
com.neovisionaries.ws.client:WebSocketFrame:public:java.lang.Object::getPayloadText:public:0::java.lang.String::3PP
com.neovisionaries.ws.client:WebSocketFrame:public:java.lang.Object::setPayload:public:1:byte[]:com.neovisionaries.ws.client.WebSocketFrame::3PP
com.neovisionaries.ws.client:WebSocketFrame:public:java.lang.Object::setPayload:public:1:java.lang.String:com.neovisionaries.ws.client.WebSocketFrame::3PP
com.neovisionaries.ws.client:WebSocketFrame:public:java.lang.Object::setCloseFramePayload:public:2:int,java.lang.String:com.neovisionaries.ws.client.WebSocketFrame::3PP
com.neovisionaries.ws.client:WebSocketFrame:public:java.lang.Object::getCloseCode:public:0::int::3PP
com.neovisionaries.ws.client:WebSocketFrame:public:java.lang.Object::getCloseReason:public:0::java.lang.String::3PP
com.neovisionaries.ws.client:WebSocketFrame:public:java.lang.Object::toString:public:0::java.lang.String::3PP
com.neovisionaries.ws.client:WebSocketFrame:public:java.lang.Object::appendPayloadCommon:private:1:java.lang.StringBuilder:boolean::3PP
com.neovisionaries.ws.client:WebSocketFrame:public:java.lang.Object::appendPayloadText:private:1:java.lang.StringBuilder:void::3PP
com.neovisionaries.ws.client:WebSocketFrame:public:java.lang.Object::appendPayloadClose:private:1:java.lang.StringBuilder:void::3PP
com.neovisionaries.ws.client:WebSocketFrame:public:java.lang.Object::appendPayloadBinary:private:1:java.lang.StringBuilder:void::3PP
com.neovisionaries.ws.client:WebSocketFrame:public:java.lang.Object::createContinuationFrame:public,static:0::com.neovisionaries.ws.client.WebSocketFrame::3PP
com.neovisionaries.ws.client:WebSocketFrame:public:java.lang.Object::createContinuationFrame:public,static:1:byte[]:com.neovisionaries.ws.client.WebSocketFrame::3PP
com.neovisionaries.ws.client:WebSocketFrame:public:java.lang.Object::createContinuationFrame:public,static:1:java.lang.String:com.neovisionaries.ws.client.WebSocketFrame::3PP
com.neovisionaries.ws.client:WebSocketFrame:public:java.lang.Object::createTextFrame:public,static:1:java.lang.String:com.neovisionaries.ws.client.WebSocketFrame::3PP
com.neovisionaries.ws.client:WebSocketFrame:public:java.lang.Object::createBinaryFrame:public,static:1:byte[]:com.neovisionaries.ws.client.WebSocketFrame::3PP
com.neovisionaries.ws.client:WebSocketFrame:public:java.lang.Object::createCloseFrame:public,static:0::com.neovisionaries.ws.client.WebSocketFrame::3PP
com.neovisionaries.ws.client:WebSocketFrame:public:java.lang.Object::createCloseFrame:public,static:1:int:com.neovisionaries.ws.client.WebSocketFrame::3PP
com.neovisionaries.ws.client:WebSocketFrame:public:java.lang.Object::createCloseFrame:public,static:2:int,java.lang.String:com.neovisionaries.ws.client.WebSocketFrame::3PP
com.neovisionaries.ws.client:WebSocketFrame:public:java.lang.Object::createPingFrame:public,static:0::com.neovisionaries.ws.client.WebSocketFrame::3PP
com.neovisionaries.ws.client:WebSocketFrame:public:java.lang.Object::createPingFrame:public,static:1:byte[]:com.neovisionaries.ws.client.WebSocketFrame::3PP
com.neovisionaries.ws.client:WebSocketFrame:public:java.lang.Object::createPingFrame:public,static:1:java.lang.String:com.neovisionaries.ws.client.WebSocketFrame::3PP
com.neovisionaries.ws.client:WebSocketFrame:public:java.lang.Object::createPongFrame:public,static:0::com.neovisionaries.ws.client.WebSocketFrame::3PP
com.neovisionaries.ws.client:WebSocketFrame:public:java.lang.Object::createPongFrame:public,static:1:byte[]:com.neovisionaries.ws.client.WebSocketFrame::3PP
com.neovisionaries.ws.client:WebSocketFrame:public:java.lang.Object::createPongFrame:public,static:1:java.lang.String:com.neovisionaries.ws.client.WebSocketFrame::3PP
com.neovisionaries.ws.client:WebSocketFrame:public:java.lang.Object::mask:static:2:byte[],byte[]:byte[]::3PP
com.neovisionaries.ws.client:WebSocketFrame:public:java.lang.Object::compressFrame:static:2:com.neovisionaries.ws.client.WebSocketFrame,com.neovisionaries.ws.client.PerMessageCompressionExtension:com.neovisionaries.ws.client.WebSocketFrame::3PP
com.neovisionaries.ws.client:WebSocketFrame:public:java.lang.Object::compress:private,static:2:byte[],com.neovisionaries.ws.client.PerMessageCompressionExtension:byte[]::3PP
com.neovisionaries.ws.client:WebSocketFrame:public:java.lang.Object::splitIfNecessary:static:3:com.neovisionaries.ws.client.WebSocketFrame,int,com.neovisionaries.ws.client.PerMessageCompressionExtension:java.util.List::3PP
com.neovisionaries.ws.client:WebSocketFrame:public:java.lang.Object::split:private,static:2:com.neovisionaries.ws.client.WebSocketFrame,int:java.util.List::3PP
com.neovisionaries.ws.client:WebSocketInputStream::java.io.FilterInputStream::<init>:public:1:java.io.InputStream:void::3PP
com.neovisionaries.ws.client:WebSocketInputStream::java.io.FilterInputStream::readLine:public:0::java.lang.String::3PP
com.neovisionaries.ws.client:WebSocketInputStream::java.io.FilterInputStream::readFrame:public:0::com.neovisionaries.ws.client.WebSocketFrame::3PP
com.neovisionaries.ws.client:WebSocketInputStream::java.io.FilterInputStream::readBytes::2:byte[],int:void::3PP
com.neovisionaries.ws.client:WebSocketInputStream::java.io.FilterInputStream::skipQuietly:private:1:long:void::3PP
com.neovisionaries.ws.client:WebSocketInputStream::java.io.FilterInputStream::readPayload:private:3:long,boolean,byte[]:byte[]::3PP
com.neovisionaries.ws.client:WebSocketListener:public,abstract,interface:::onStateChanged:public,abstract:2:com.neovisionaries.ws.client.WebSocket,com.neovisionaries.ws.client.WebSocketState:void::3PP
com.neovisionaries.ws.client:WebSocketListener:public,abstract,interface:::onConnected:public,abstract:2:com.neovisionaries.ws.client.WebSocket,java.util.Map:void::3PP
com.neovisionaries.ws.client:WebSocketListener:public,abstract,interface:::onConnectError:public,abstract:2:com.neovisionaries.ws.client.WebSocket,com.neovisionaries.ws.client.WebSocketException:void::3PP
com.neovisionaries.ws.client:WebSocketListener:public,abstract,interface:::onDisconnected:public,abstract:4:com.neovisionaries.ws.client.WebSocket,com.neovisionaries.ws.client.WebSocketFrame,com.neovisionaries.ws.client.WebSocketFrame,boolean:void::3PP
com.neovisionaries.ws.client:WebSocketListener:public,abstract,interface:::onFrame:public,abstract:2:com.neovisionaries.ws.client.WebSocket,com.neovisionaries.ws.client.WebSocketFrame:void::3PP
com.neovisionaries.ws.client:WebSocketListener:public,abstract,interface:::onContinuationFrame:public,abstract:2:com.neovisionaries.ws.client.WebSocket,com.neovisionaries.ws.client.WebSocketFrame:void::3PP
com.neovisionaries.ws.client:WebSocketListener:public,abstract,interface:::onTextFrame:public,abstract:2:com.neovisionaries.ws.client.WebSocket,com.neovisionaries.ws.client.WebSocketFrame:void::3PP
com.neovisionaries.ws.client:WebSocketListener:public,abstract,interface:::onBinaryFrame:public,abstract:2:com.neovisionaries.ws.client.WebSocket,com.neovisionaries.ws.client.WebSocketFrame:void::3PP
com.neovisionaries.ws.client:WebSocketListener:public,abstract,interface:::onCloseFrame:public,abstract:2:com.neovisionaries.ws.client.WebSocket,com.neovisionaries.ws.client.WebSocketFrame:void::3PP
com.neovisionaries.ws.client:WebSocketListener:public,abstract,interface:::onPingFrame:public,abstract:2:com.neovisionaries.ws.client.WebSocket,com.neovisionaries.ws.client.WebSocketFrame:void::3PP
com.neovisionaries.ws.client:WebSocketListener:public,abstract,interface:::onPongFrame:public,abstract:2:com.neovisionaries.ws.client.WebSocket,com.neovisionaries.ws.client.WebSocketFrame:void::3PP
com.neovisionaries.ws.client:WebSocketListener:public,abstract,interface:::onTextMessage:public,abstract:2:com.neovisionaries.ws.client.WebSocket,java.lang.String:void::3PP
com.neovisionaries.ws.client:WebSocketListener:public,abstract,interface:::onBinaryMessage:public,abstract:2:com.neovisionaries.ws.client.WebSocket,byte[]:void::3PP
com.neovisionaries.ws.client:WebSocketListener:public,abstract,interface:::onSendingFrame:public,abstract:2:com.neovisionaries.ws.client.WebSocket,com.neovisionaries.ws.client.WebSocketFrame:void::3PP
com.neovisionaries.ws.client:WebSocketListener:public,abstract,interface:::onFrameSent:public,abstract:2:com.neovisionaries.ws.client.WebSocket,com.neovisionaries.ws.client.WebSocketFrame:void::3PP
com.neovisionaries.ws.client:WebSocketListener:public,abstract,interface:::onFrameUnsent:public,abstract:2:com.neovisionaries.ws.client.WebSocket,com.neovisionaries.ws.client.WebSocketFrame:void::3PP
com.neovisionaries.ws.client:WebSocketListener:public,abstract,interface:::onError:public,abstract:2:com.neovisionaries.ws.client.WebSocket,com.neovisionaries.ws.client.WebSocketException:void::3PP
com.neovisionaries.ws.client:WebSocketListener:public,abstract,interface:::onFrameError:public,abstract:3:com.neovisionaries.ws.client.WebSocket,com.neovisionaries.ws.client.WebSocketException,com.neovisionaries.ws.client.WebSocketFrame:void::3PP
com.neovisionaries.ws.client:WebSocketListener:public,abstract,interface:::onMessageError:public,abstract:3:com.neovisionaries.ws.client.WebSocket,com.neovisionaries.ws.client.WebSocketException,java.util.List:void::3PP
com.neovisionaries.ws.client:WebSocketListener:public,abstract,interface:::onMessageDecompressionError:public,abstract:3:com.neovisionaries.ws.client.WebSocket,com.neovisionaries.ws.client.WebSocketException,byte[]:void::3PP
com.neovisionaries.ws.client:WebSocketListener:public,abstract,interface:::onTextMessageError:public,abstract:3:com.neovisionaries.ws.client.WebSocket,com.neovisionaries.ws.client.WebSocketException,byte[]:void::3PP
com.neovisionaries.ws.client:WebSocketListener:public,abstract,interface:::onSendError:public,abstract:3:com.neovisionaries.ws.client.WebSocket,com.neovisionaries.ws.client.WebSocketException,com.neovisionaries.ws.client.WebSocketFrame:void::3PP
com.neovisionaries.ws.client:WebSocketListener:public,abstract,interface:::onUnexpectedError:public,abstract:2:com.neovisionaries.ws.client.WebSocket,com.neovisionaries.ws.client.WebSocketException:void::3PP
com.neovisionaries.ws.client:WebSocketListener:public,abstract,interface:::handleCallbackError:public,abstract:2:com.neovisionaries.ws.client.WebSocket,java.lang.Throwable:void::3PP
com.neovisionaries.ws.client:WebSocketListener:public,abstract,interface:::onSendingHandshake:public,abstract:3:com.neovisionaries.ws.client.WebSocket,java.lang.String,java.util.List:void::3PP
com.neovisionaries.ws.client:WebSocketOpcode:public:java.lang.Object::<init>:private:0::void::3PP
com.neovisionaries.ws.client:WebSocketOutputStream::java.io.FilterOutputStream::<init>:public:1:java.io.OutputStream:void::3PP
com.neovisionaries.ws.client:WebSocketOutputStream::java.io.FilterOutputStream::write:public:1:java.lang.String:void::3PP
com.neovisionaries.ws.client:WebSocketOutputStream::java.io.FilterOutputStream::write:public:1:com.neovisionaries.ws.client.WebSocketFrame:void::3PP
com.neovisionaries.ws.client:WebSocketOutputStream::java.io.FilterOutputStream::writeFrame0:private:1:com.neovisionaries.ws.client.WebSocketFrame:void::3PP
com.neovisionaries.ws.client:WebSocketOutputStream::java.io.FilterOutputStream::writeFrame1:private:1:com.neovisionaries.ws.client.WebSocketFrame:void::3PP
com.neovisionaries.ws.client:WebSocketOutputStream::java.io.FilterOutputStream::writeFrameExtendedPayloadLength:private:1:com.neovisionaries.ws.client.WebSocketFrame:void::3PP
com.neovisionaries.ws.client:WebSocketOutputStream::java.io.FilterOutputStream::writeFramePayload:private:2:com.neovisionaries.ws.client.WebSocketFrame,byte[]:void::3PP
com.neovisionaries.ws.client:WebSocketState:public,final:java.lang.Enum::values:public,static:0::com.neovisionaries.ws.client.WebSocketState[]::3PP
com.neovisionaries.ws.client:WebSocketState:public,final:java.lang.Enum::valueOf:public,static:1:java.lang.String:com.neovisionaries.ws.client.WebSocketState::3PP
com.neovisionaries.ws.client:WebSocketState:public,final:java.lang.Enum::<init>:private:2:java.lang.String,int:void::3PP
com.neovisionaries.ws.client:WebSocketState:public,final:java.lang.Enum::<clinit>:static:0::void::3PP
com.neovisionaries.ws.client:WritingThread::java.lang.Thread::<init>:public:1:com.neovisionaries.ws.client.WebSocket:void::3PP
com.neovisionaries.ws.client:WritingThread::java.lang.Thread::run:public:0::void::3PP
com.neovisionaries.ws.client:WritingThread::java.lang.Thread::main:private:0::void::3PP
com.neovisionaries.ws.client:WritingThread::java.lang.Thread::requestStop:public:0::void::3PP
com.neovisionaries.ws.client:WritingThread::java.lang.Thread::queueFrame:public:1:com.neovisionaries.ws.client.WebSocketFrame:boolean::3PP
com.neovisionaries.ws.client:WritingThread::java.lang.Thread::isHighPriorityFrame:private,static:1:com.neovisionaries.ws.client.WebSocketFrame:boolean::3PP
com.neovisionaries.ws.client:WritingThread::java.lang.Thread::addHighPriorityFrame:private:1:com.neovisionaries.ws.client.WebSocketFrame:void::3PP
com.neovisionaries.ws.client:WritingThread::java.lang.Thread::queueFlush:public:0::void::3PP
com.neovisionaries.ws.client:WritingThread::java.lang.Thread::flushIgnoreError:private:0::void::3PP
com.neovisionaries.ws.client:WritingThread::java.lang.Thread::flush:private:0::void::3PP
com.neovisionaries.ws.client:WritingThread::java.lang.Thread::waitForFrames:private:0::int::3PP
com.neovisionaries.ws.client:WritingThread::java.lang.Thread::sendFrames:private:1:boolean:void::3PP
com.neovisionaries.ws.client:WritingThread::java.lang.Thread::isFlushNeeded:private:1:boolean:boolean::3PP
com.neovisionaries.ws.client:WritingThread::java.lang.Thread::flushIfLongInterval:private:1:long:long::3PP
com.neovisionaries.ws.client:WritingThread::java.lang.Thread::doFlush:private:0::void::3PP
com.neovisionaries.ws.client:WritingThread::java.lang.Thread::sendFrame:private:1:com.neovisionaries.ws.client.WebSocketFrame:void::3PP
com.neovisionaries.ws.client:WritingThread::java.lang.Thread::changeToClosing:private:0::void::3PP
com.neovisionaries.ws.client:WritingThread::java.lang.Thread::notifyFinished:private:0::void::3PP
