play.api.libs.functional:InvariantFunctorExtractor$:public,final:java.lang.Object:scala.Serializable:<clinit>:public,static:0::void::3PP
play.api.libs.functional:InvariantFunctorExtractor$:public,final:java.lang.Object:scala.Serializable:toString:public,final:0::java.lang.String::3PP
play.api.libs.functional:InvariantFunctorExtractor$:public,final:java.lang.Object:scala.Serializable:apply:public:1:play.api.libs.functional.InvariantFunctor:play.api.libs.functional.InvariantFunctorExtractor::3PP
play.api.libs.functional:InvariantFunctorExtractor$:public,final:java.lang.Object:scala.Serializable:unapply:public:1:play.api.libs.functional.InvariantFunctorExtractor:scala.Option::3PP
play.api.libs.functional:InvariantFunctorExtractor$:public,final:java.lang.Object:scala.Serializable:readResolve:private:0::java.lang.Object::3PP
play.api.libs.functional:InvariantFunctorExtractor$:public,final:java.lang.Object:scala.Serializable:<init>:private:0::void::3PP
play.api.libs.functional:ContravariantFunctorExtractor:public:java.lang.Object:play.api.libs.functional.VariantExtractor,scala.Product,scala.Serializable:unapply:public,static:1:play.api.libs.functional.ContravariantFunctorExtractor:scala.Option::3PP
play.api.libs.functional:ContravariantFunctorExtractor:public:java.lang.Object:play.api.libs.functional.VariantExtractor,scala.Product,scala.Serializable:apply:public,static:1:play.api.libs.functional.ContravariantFunctor:play.api.libs.functional.ContravariantFunctorExtractor::3PP
play.api.libs.functional:ContravariantFunctorExtractor:public:java.lang.Object:play.api.libs.functional.VariantExtractor,scala.Product,scala.Serializable:ContraVariantFunctor:public:0::play.api.libs.functional.ContravariantFunctor::3PP
play.api.libs.functional:ContravariantFunctorExtractor:public:java.lang.Object:play.api.libs.functional.VariantExtractor,scala.Product,scala.Serializable:copy:public:1:play.api.libs.functional.ContravariantFunctor:play.api.libs.functional.ContravariantFunctorExtractor::3PP
play.api.libs.functional:ContravariantFunctorExtractor:public:java.lang.Object:play.api.libs.functional.VariantExtractor,scala.Product,scala.Serializable:copy$default$1:public:0::play.api.libs.functional.ContravariantFunctor::3PP
play.api.libs.functional:ContravariantFunctorExtractor:public:java.lang.Object:play.api.libs.functional.VariantExtractor,scala.Product,scala.Serializable:productPrefix:public:0::java.lang.String::3PP
play.api.libs.functional:ContravariantFunctorExtractor:public:java.lang.Object:play.api.libs.functional.VariantExtractor,scala.Product,scala.Serializable:productArity:public:0::int::3PP
play.api.libs.functional:ContravariantFunctorExtractor:public:java.lang.Object:play.api.libs.functional.VariantExtractor,scala.Product,scala.Serializable:productElement:public:1:int:java.lang.Object::3PP
play.api.libs.functional:ContravariantFunctorExtractor:public:java.lang.Object:play.api.libs.functional.VariantExtractor,scala.Product,scala.Serializable:productIterator:public:0::scala.collection.Iterator::3PP
play.api.libs.functional:ContravariantFunctorExtractor:public:java.lang.Object:play.api.libs.functional.VariantExtractor,scala.Product,scala.Serializable:canEqual:public:1:java.lang.Object:boolean::3PP
play.api.libs.functional:ContravariantFunctorExtractor:public:java.lang.Object:play.api.libs.functional.VariantExtractor,scala.Product,scala.Serializable:hashCode:public:0::int::3PP
play.api.libs.functional:ContravariantFunctorExtractor:public:java.lang.Object:play.api.libs.functional.VariantExtractor,scala.Product,scala.Serializable:toString:public:0::java.lang.String::3PP
play.api.libs.functional:ContravariantFunctorExtractor:public:java.lang.Object:play.api.libs.functional.VariantExtractor,scala.Product,scala.Serializable:equals:public:1:java.lang.Object:boolean::3PP
play.api.libs.functional:ContravariantFunctorExtractor:public:java.lang.Object:play.api.libs.functional.VariantExtractor,scala.Product,scala.Serializable:<init>:public:1:play.api.libs.functional.ContravariantFunctor:void::3PP
play.api.libs.functional:Functor$:public,final:java.lang.Object::<clinit>:public,static:0::void::3PP
play.api.libs.functional:Functor$:public,final:java.lang.Object::functorOption:public:0::play.api.libs.functional.Functor::3PP
play.api.libs.functional:Functor$:public,final:java.lang.Object::<init>:private:0::void::3PP
play.api.libs.functional:FunctionalBuilder$CanBuild4:public:java.lang.Object::$tilde:public:1:java.lang.Object:play.api.libs.functional.FunctionalBuilder$CanBuild5::3PP
play.api.libs.functional:FunctionalBuilder$CanBuild4:public:java.lang.Object::and:public:1:java.lang.Object:play.api.libs.functional.FunctionalBuilder$CanBuild5::3PP
play.api.libs.functional:FunctionalBuilder$CanBuild4:public:java.lang.Object::apply:public:2:scala.Function4,play.api.libs.functional.Functor:java.lang.Object::3PP
play.api.libs.functional:FunctionalBuilder$CanBuild4:public:java.lang.Object::apply:public:2:scala.Function1,play.api.libs.functional.ContravariantFunctor:java.lang.Object::3PP
play.api.libs.functional:FunctionalBuilder$CanBuild4:public:java.lang.Object::apply:public:3:scala.Function4,scala.Function1,play.api.libs.functional.InvariantFunctor:java.lang.Object::3PP
play.api.libs.functional:FunctionalBuilder$CanBuild4:public:java.lang.Object::join:public:5:scala.Predef$$less$colon$less,scala.Predef$$less$colon$less,scala.Predef$$less$colon$less,scala.Predef$$less$colon$less,play.api.libs.functional.ContravariantFunctor:java.lang.Object::3PP
play.api.libs.functional:FunctionalBuilder$CanBuild4:public:java.lang.Object::reduce:public:6:scala.Predef$$less$colon$less,scala.Predef$$less$colon$less,scala.Predef$$less$colon$less,scala.Predef$$less$colon$less,play.api.libs.functional.Functor,play.api.libs.functional.Reducer:java.lang.Object::3PP
play.api.libs.functional:FunctionalBuilder$CanBuild4:public:java.lang.Object::tupled:public:1:play.api.libs.functional.VariantExtractor:java.lang.Object::3PP
play.api.libs.functional:FunctionalBuilder$CanBuild4:public:java.lang.Object::FunctionalBuilder$CanBuild4$$$outer:public:0::play.api.libs.functional.FunctionalBuilder::3PP
play.api.libs.functional:FunctionalBuilder$CanBuild4:public:java.lang.Object::<init>:public:3:play.api.libs.functional.FunctionalBuilder,java.lang.Object,java.lang.Object:void::3PP
play.api.libs.functional:Functor$$anon$1:public,final:java.lang.Object:play.api.libs.functional.Functor:fmap:public:2:scala.Option,scala.Function1:scala.Option::3PP
play.api.libs.functional:Functor$$anon$1:public,final:java.lang.Object:play.api.libs.functional.Functor:fmap:public,volatile:2:java.lang.Object,scala.Function1:java.lang.Object::3PP
play.api.libs.functional:Functor$$anon$1:public,final:java.lang.Object:play.api.libs.functional.Functor:<init>:public:0::void::3PP
play.api.libs.functional:FunctionalBuilder$CanBuild21:public:java.lang.Object::$tilde:public:1:java.lang.Object:play.api.libs.functional.FunctionalBuilder$CanBuild22::3PP
play.api.libs.functional:FunctionalBuilder$CanBuild21:public:java.lang.Object::and:public:1:java.lang.Object:play.api.libs.functional.FunctionalBuilder$CanBuild22::3PP
play.api.libs.functional:FunctionalBuilder$CanBuild21:public:java.lang.Object::apply:public:2:scala.Function21,play.api.libs.functional.Functor:java.lang.Object::3PP
play.api.libs.functional:FunctionalBuilder$CanBuild21:public:java.lang.Object::apply:public:2:scala.Function1,play.api.libs.functional.ContravariantFunctor:java.lang.Object::3PP
play.api.libs.functional:FunctionalBuilder$CanBuild21:public:java.lang.Object::apply:public:3:scala.Function21,scala.Function1,play.api.libs.functional.InvariantFunctor:java.lang.Object::3PP
play.api.libs.functional:FunctionalBuilder$CanBuild21:public:java.lang.Object::join:public:22:scala.Predef$$less$colon$less,scala.Predef$$less$colon$less,scala.Predef$$less$colon$less,scala.Predef$$less$colon$less,scala.Predef$$less$colon$less,scala.Predef$$less$colon$less,scala.Predef$$less$colon$less,scala.Predef$$less$colon$less,scala.Predef$$less$colon$less,scala.Predef$$less$colon$less,scala.Predef$$less$colon$less,scala.Predef$$less$colon$less,scala.Predef$$less$colon$less,scala.Predef$$less$colon$less,scala.Predef$$less$colon$less,scala.Predef$$less$colon$less,scala.Predef$$less$colon$less,scala.Predef$$less$colon$less,scala.Predef$$less$colon$less,scala.Predef$$less$colon$less,scala.Predef$$less$colon$less,play.api.libs.functional.ContravariantFunctor:java.lang.Object::3PP
play.api.libs.functional:FunctionalBuilder$CanBuild21:public:java.lang.Object::reduce:public:23:scala.Predef$$less$colon$less,scala.Predef$$less$colon$less,scala.Predef$$less$colon$less,scala.Predef$$less$colon$less,scala.Predef$$less$colon$less,scala.Predef$$less$colon$less,scala.Predef$$less$colon$less,scala.Predef$$less$colon$less,scala.Predef$$less$colon$less,scala.Predef$$less$colon$less,scala.Predef$$less$colon$less,scala.Predef$$less$colon$less,scala.Predef$$less$colon$less,scala.Predef$$less$colon$less,scala.Predef$$less$colon$less,scala.Predef$$less$colon$less,scala.Predef$$less$colon$less,scala.Predef$$less$colon$less,scala.Predef$$less$colon$less,scala.Predef$$less$colon$less,scala.Predef$$less$colon$less,play.api.libs.functional.Functor,play.api.libs.functional.Reducer:java.lang.Object::3PP
play.api.libs.functional:FunctionalBuilder$CanBuild21:public:java.lang.Object::tupled:public:1:play.api.libs.functional.VariantExtractor:java.lang.Object::3PP
play.api.libs.functional:FunctionalBuilder$CanBuild21:public:java.lang.Object::FunctionalBuilder$CanBuild21$$$outer:public:0::play.api.libs.functional.FunctionalBuilder::3PP
play.api.libs.functional:FunctionalBuilder$CanBuild21:public:java.lang.Object::<init>:public:3:play.api.libs.functional.FunctionalBuilder,java.lang.Object,java.lang.Object:void::3PP
play.api.libs.functional:FunctionalCanBuild:public,abstract,interface:::apply:public,abstract:2:java.lang.Object,java.lang.Object:java.lang.Object::3PP
play.api.libs.functional.syntax:package:public,final:java.lang.Object::unlift:public,static:1:scala.Function1:scala.Function1::3PP
play.api.libs.functional.syntax:package:public,final:java.lang.Object::unapply:public,static:1:scala.Function1:scala.Function1::3PP
play.api.libs.functional.syntax:package:public,final:java.lang.Object::toInvariantFunctorOps:public,static:2:java.lang.Object,play.api.libs.functional.InvariantFunctor:play.api.libs.functional.InvariantFunctorOps::3PP
play.api.libs.functional.syntax:package:public,final:java.lang.Object::toContraFunctorOps:public,static:2:java.lang.Object,play.api.libs.functional.ContravariantFunctor:play.api.libs.functional.ContravariantFunctorOps::3PP
play.api.libs.functional.syntax:package:public,final:java.lang.Object::toFunctorOps:public,static:2:java.lang.Object,play.api.libs.functional.Functor:play.api.libs.functional.FunctorOps::3PP
play.api.libs.functional.syntax:package:public,final:java.lang.Object::toMonoidOps:public,static:2:java.lang.Object,play.api.libs.functional.Monoid:play.api.libs.functional.MonoidOps::3PP
play.api.libs.functional.syntax:package:public,final:java.lang.Object::toFunctionalBuilderOps:public,static:2:java.lang.Object,play.api.libs.functional.FunctionalCanBuild:play.api.libs.functional.FunctionalBuilderOps::3PP
play.api.libs.functional.syntax:package:public,final:java.lang.Object::toApplicativeOps:public,static:2:java.lang.Object,play.api.libs.functional.Applicative:play.api.libs.functional.ApplicativeOps::3PP
play.api.libs.functional.syntax:package:public,final:java.lang.Object::toAlternativeOps:public,static:2:java.lang.Object,play.api.libs.functional.Alternative:play.api.libs.functional.AlternativeOps::3PP
play.api.libs.functional:FunctionalBuilder$CanBuild22:public:java.lang.Object::apply:public:2:scala.Function22,play.api.libs.functional.Functor:java.lang.Object::3PP
play.api.libs.functional:FunctionalBuilder$CanBuild22:public:java.lang.Object::apply:public:2:scala.Function1,play.api.libs.functional.ContravariantFunctor:java.lang.Object::3PP
play.api.libs.functional:FunctionalBuilder$CanBuild22:public:java.lang.Object::apply:public:3:scala.Function22,scala.Function1,play.api.libs.functional.InvariantFunctor:java.lang.Object::3PP
play.api.libs.functional:FunctionalBuilder$CanBuild22:public:java.lang.Object::join:public:23:scala.Predef$$less$colon$less,scala.Predef$$less$colon$less,scala.Predef$$less$colon$less,scala.Predef$$less$colon$less,scala.Predef$$less$colon$less,scala.Predef$$less$colon$less,scala.Predef$$less$colon$less,scala.Predef$$less$colon$less,scala.Predef$$less$colon$less,scala.Predef$$less$colon$less,scala.Predef$$less$colon$less,scala.Predef$$less$colon$less,scala.Predef$$less$colon$less,scala.Predef$$less$colon$less,scala.Predef$$less$colon$less,scala.Predef$$less$colon$less,scala.Predef$$less$colon$less,scala.Predef$$less$colon$less,scala.Predef$$less$colon$less,scala.Predef$$less$colon$less,scala.Predef$$less$colon$less,scala.Predef$$less$colon$less,play.api.libs.functional.ContravariantFunctor:java.lang.Object::3PP
play.api.libs.functional:FunctionalBuilder$CanBuild22:public:java.lang.Object::reduce:public:24:scala.Predef$$less$colon$less,scala.Predef$$less$colon$less,scala.Predef$$less$colon$less,scala.Predef$$less$colon$less,scala.Predef$$less$colon$less,scala.Predef$$less$colon$less,scala.Predef$$less$colon$less,scala.Predef$$less$colon$less,scala.Predef$$less$colon$less,scala.Predef$$less$colon$less,scala.Predef$$less$colon$less,scala.Predef$$less$colon$less,scala.Predef$$less$colon$less,scala.Predef$$less$colon$less,scala.Predef$$less$colon$less,scala.Predef$$less$colon$less,scala.Predef$$less$colon$less,scala.Predef$$less$colon$less,scala.Predef$$less$colon$less,scala.Predef$$less$colon$less,scala.Predef$$less$colon$less,scala.Predef$$less$colon$less,play.api.libs.functional.Functor,play.api.libs.functional.Reducer:java.lang.Object::3PP
play.api.libs.functional:FunctionalBuilder$CanBuild22:public:java.lang.Object::tupled:public:1:play.api.libs.functional.VariantExtractor:java.lang.Object::3PP
play.api.libs.functional:FunctionalBuilder$CanBuild22:public:java.lang.Object::FunctionalBuilder$CanBuild22$$$outer:public:0::play.api.libs.functional.FunctionalBuilder::3PP
play.api.libs.functional:FunctionalBuilder$CanBuild22:public:java.lang.Object::<init>:public:3:play.api.libs.functional.FunctionalBuilder,java.lang.Object,java.lang.Object:void::3PP
play.api.libs.functional:FunctionalBuilder$CanBuild11:public:java.lang.Object::$tilde:public:1:java.lang.Object:play.api.libs.functional.FunctionalBuilder$CanBuild12::3PP
play.api.libs.functional:FunctionalBuilder$CanBuild11:public:java.lang.Object::and:public:1:java.lang.Object:play.api.libs.functional.FunctionalBuilder$CanBuild12::3PP
play.api.libs.functional:FunctionalBuilder$CanBuild11:public:java.lang.Object::apply:public:2:scala.Function11,play.api.libs.functional.Functor:java.lang.Object::3PP
play.api.libs.functional:FunctionalBuilder$CanBuild11:public:java.lang.Object::apply:public:2:scala.Function1,play.api.libs.functional.ContravariantFunctor:java.lang.Object::3PP
play.api.libs.functional:FunctionalBuilder$CanBuild11:public:java.lang.Object::apply:public:3:scala.Function11,scala.Function1,play.api.libs.functional.InvariantFunctor:java.lang.Object::3PP
play.api.libs.functional:FunctionalBuilder$CanBuild11:public:java.lang.Object::join:public:12:scala.Predef$$less$colon$less,scala.Predef$$less$colon$less,scala.Predef$$less$colon$less,scala.Predef$$less$colon$less,scala.Predef$$less$colon$less,scala.Predef$$less$colon$less,scala.Predef$$less$colon$less,scala.Predef$$less$colon$less,scala.Predef$$less$colon$less,scala.Predef$$less$colon$less,scala.Predef$$less$colon$less,play.api.libs.functional.ContravariantFunctor:java.lang.Object::3PP
play.api.libs.functional:FunctionalBuilder$CanBuild11:public:java.lang.Object::reduce:public:13:scala.Predef$$less$colon$less,scala.Predef$$less$colon$less,scala.Predef$$less$colon$less,scala.Predef$$less$colon$less,scala.Predef$$less$colon$less,scala.Predef$$less$colon$less,scala.Predef$$less$colon$less,scala.Predef$$less$colon$less,scala.Predef$$less$colon$less,scala.Predef$$less$colon$less,scala.Predef$$less$colon$less,play.api.libs.functional.Functor,play.api.libs.functional.Reducer:java.lang.Object::3PP
play.api.libs.functional:FunctionalBuilder$CanBuild11:public:java.lang.Object::tupled:public:1:play.api.libs.functional.VariantExtractor:java.lang.Object::3PP
play.api.libs.functional:FunctionalBuilder$CanBuild11:public:java.lang.Object::FunctionalBuilder$CanBuild11$$$outer:public:0::play.api.libs.functional.FunctionalBuilder::3PP
play.api.libs.functional:FunctionalBuilder$CanBuild11:public:java.lang.Object::<init>:public:3:play.api.libs.functional.FunctionalBuilder,java.lang.Object,java.lang.Object:void::3PP
play.api.libs.functional:Applicative:public,abstract,interface:::pure:public,abstract:1:java.lang.Object:java.lang.Object::3PP
play.api.libs.functional:Applicative:public,abstract,interface:::map:public,abstract:2:java.lang.Object,scala.Function1:java.lang.Object::3PP
play.api.libs.functional:Applicative:public,abstract,interface:::apply:public,abstract:2:java.lang.Object,java.lang.Object:java.lang.Object::3PP
play.api.libs.functional:ContravariantFunctorExtractor$:public,final:java.lang.Object:scala.Serializable:<clinit>:public,static:0::void::3PP
play.api.libs.functional:ContravariantFunctorExtractor$:public,final:java.lang.Object:scala.Serializable:toString:public,final:0::java.lang.String::3PP
play.api.libs.functional:ContravariantFunctorExtractor$:public,final:java.lang.Object:scala.Serializable:apply:public:1:play.api.libs.functional.ContravariantFunctor:play.api.libs.functional.ContravariantFunctorExtractor::3PP
play.api.libs.functional:ContravariantFunctorExtractor$:public,final:java.lang.Object:scala.Serializable:unapply:public:1:play.api.libs.functional.ContravariantFunctorExtractor:scala.Option::3PP
play.api.libs.functional:ContravariantFunctorExtractor$:public,final:java.lang.Object:scala.Serializable:readResolve:private:0::java.lang.Object::3PP
play.api.libs.functional:ContravariantFunctorExtractor$:public,final:java.lang.Object:scala.Serializable:<init>:private:0::void::3PP
play.api.libs.functional:FunctionalBuilder$CanBuild16:public:java.lang.Object::$tilde:public:1:java.lang.Object:play.api.libs.functional.FunctionalBuilder$CanBuild17::3PP
play.api.libs.functional:FunctionalBuilder$CanBuild16:public:java.lang.Object::and:public:1:java.lang.Object:play.api.libs.functional.FunctionalBuilder$CanBuild17::3PP
play.api.libs.functional:FunctionalBuilder$CanBuild16:public:java.lang.Object::apply:public:2:scala.Function16,play.api.libs.functional.Functor:java.lang.Object::3PP
play.api.libs.functional:FunctionalBuilder$CanBuild16:public:java.lang.Object::apply:public:2:scala.Function1,play.api.libs.functional.ContravariantFunctor:java.lang.Object::3PP
play.api.libs.functional:FunctionalBuilder$CanBuild16:public:java.lang.Object::apply:public:3:scala.Function16,scala.Function1,play.api.libs.functional.InvariantFunctor:java.lang.Object::3PP
play.api.libs.functional:FunctionalBuilder$CanBuild16:public:java.lang.Object::join:public:17:scala.Predef$$less$colon$less,scala.Predef$$less$colon$less,scala.Predef$$less$colon$less,scala.Predef$$less$colon$less,scala.Predef$$less$colon$less,scala.Predef$$less$colon$less,scala.Predef$$less$colon$less,scala.Predef$$less$colon$less,scala.Predef$$less$colon$less,scala.Predef$$less$colon$less,scala.Predef$$less$colon$less,scala.Predef$$less$colon$less,scala.Predef$$less$colon$less,scala.Predef$$less$colon$less,scala.Predef$$less$colon$less,scala.Predef$$less$colon$less,play.api.libs.functional.ContravariantFunctor:java.lang.Object::3PP
play.api.libs.functional:FunctionalBuilder$CanBuild16:public:java.lang.Object::reduce:public:18:scala.Predef$$less$colon$less,scala.Predef$$less$colon$less,scala.Predef$$less$colon$less,scala.Predef$$less$colon$less,scala.Predef$$less$colon$less,scala.Predef$$less$colon$less,scala.Predef$$less$colon$less,scala.Predef$$less$colon$less,scala.Predef$$less$colon$less,scala.Predef$$less$colon$less,scala.Predef$$less$colon$less,scala.Predef$$less$colon$less,scala.Predef$$less$colon$less,scala.Predef$$less$colon$less,scala.Predef$$less$colon$less,scala.Predef$$less$colon$less,play.api.libs.functional.Functor,play.api.libs.functional.Reducer:java.lang.Object::3PP
play.api.libs.functional:FunctionalBuilder$CanBuild16:public:java.lang.Object::tupled:public:1:play.api.libs.functional.VariantExtractor:java.lang.Object::3PP
play.api.libs.functional:FunctionalBuilder$CanBuild16:public:java.lang.Object::FunctionalBuilder$CanBuild16$$$outer:public:0::play.api.libs.functional.FunctionalBuilder::3PP
play.api.libs.functional:FunctionalBuilder$CanBuild16:public:java.lang.Object::<init>:public:3:play.api.libs.functional.FunctionalBuilder,java.lang.Object,java.lang.Object:void::3PP
play.api.libs.functional:FunctionalBuilder$CanBuild9:public:java.lang.Object::$tilde:public:1:java.lang.Object:play.api.libs.functional.FunctionalBuilder$CanBuild10::3PP
play.api.libs.functional:FunctionalBuilder$CanBuild9:public:java.lang.Object::and:public:1:java.lang.Object:play.api.libs.functional.FunctionalBuilder$CanBuild10::3PP
play.api.libs.functional:FunctionalBuilder$CanBuild9:public:java.lang.Object::apply:public:2:scala.Function9,play.api.libs.functional.Functor:java.lang.Object::3PP
play.api.libs.functional:FunctionalBuilder$CanBuild9:public:java.lang.Object::apply:public:2:scala.Function1,play.api.libs.functional.ContravariantFunctor:java.lang.Object::3PP
play.api.libs.functional:FunctionalBuilder$CanBuild9:public:java.lang.Object::apply:public:3:scala.Function9,scala.Function1,play.api.libs.functional.InvariantFunctor:java.lang.Object::3PP
play.api.libs.functional:FunctionalBuilder$CanBuild9:public:java.lang.Object::join:public:10:scala.Predef$$less$colon$less,scala.Predef$$less$colon$less,scala.Predef$$less$colon$less,scala.Predef$$less$colon$less,scala.Predef$$less$colon$less,scala.Predef$$less$colon$less,scala.Predef$$less$colon$less,scala.Predef$$less$colon$less,scala.Predef$$less$colon$less,play.api.libs.functional.ContravariantFunctor:java.lang.Object::3PP
play.api.libs.functional:FunctionalBuilder$CanBuild9:public:java.lang.Object::reduce:public:11:scala.Predef$$less$colon$less,scala.Predef$$less$colon$less,scala.Predef$$less$colon$less,scala.Predef$$less$colon$less,scala.Predef$$less$colon$less,scala.Predef$$less$colon$less,scala.Predef$$less$colon$less,scala.Predef$$less$colon$less,scala.Predef$$less$colon$less,play.api.libs.functional.Functor,play.api.libs.functional.Reducer:java.lang.Object::3PP
play.api.libs.functional:FunctionalBuilder$CanBuild9:public:java.lang.Object::tupled:public:1:play.api.libs.functional.VariantExtractor:java.lang.Object::3PP
play.api.libs.functional:FunctionalBuilder$CanBuild9:public:java.lang.Object::FunctionalBuilder$CanBuild9$$$outer:public:0::play.api.libs.functional.FunctionalBuilder::3PP
play.api.libs.functional:FunctionalBuilder$CanBuild9:public:java.lang.Object::<init>:public:3:play.api.libs.functional.FunctionalBuilder,java.lang.Object,java.lang.Object:void::3PP
play.api.libs.functional:InvariantFunctorExtractor:public:java.lang.Object:play.api.libs.functional.VariantExtractor,scala.Product,scala.Serializable:unapply:public,static:1:play.api.libs.functional.InvariantFunctorExtractor:scala.Option::3PP
play.api.libs.functional:InvariantFunctorExtractor:public:java.lang.Object:play.api.libs.functional.VariantExtractor,scala.Product,scala.Serializable:apply:public,static:1:play.api.libs.functional.InvariantFunctor:play.api.libs.functional.InvariantFunctorExtractor::3PP
play.api.libs.functional:InvariantFunctorExtractor:public:java.lang.Object:play.api.libs.functional.VariantExtractor,scala.Product,scala.Serializable:InvariantFunctor:public:0::play.api.libs.functional.InvariantFunctor::3PP
play.api.libs.functional:InvariantFunctorExtractor:public:java.lang.Object:play.api.libs.functional.VariantExtractor,scala.Product,scala.Serializable:copy:public:1:play.api.libs.functional.InvariantFunctor:play.api.libs.functional.InvariantFunctorExtractor::3PP
play.api.libs.functional:InvariantFunctorExtractor:public:java.lang.Object:play.api.libs.functional.VariantExtractor,scala.Product,scala.Serializable:copy$default$1:public:0::play.api.libs.functional.InvariantFunctor::3PP
play.api.libs.functional:InvariantFunctorExtractor:public:java.lang.Object:play.api.libs.functional.VariantExtractor,scala.Product,scala.Serializable:productPrefix:public:0::java.lang.String::3PP
play.api.libs.functional:InvariantFunctorExtractor:public:java.lang.Object:play.api.libs.functional.VariantExtractor,scala.Product,scala.Serializable:productArity:public:0::int::3PP
play.api.libs.functional:InvariantFunctorExtractor:public:java.lang.Object:play.api.libs.functional.VariantExtractor,scala.Product,scala.Serializable:productElement:public:1:int:java.lang.Object::3PP
play.api.libs.functional:InvariantFunctorExtractor:public:java.lang.Object:play.api.libs.functional.VariantExtractor,scala.Product,scala.Serializable:productIterator:public:0::scala.collection.Iterator::3PP
play.api.libs.functional:InvariantFunctorExtractor:public:java.lang.Object:play.api.libs.functional.VariantExtractor,scala.Product,scala.Serializable:canEqual:public:1:java.lang.Object:boolean::3PP
play.api.libs.functional:InvariantFunctorExtractor:public:java.lang.Object:play.api.libs.functional.VariantExtractor,scala.Product,scala.Serializable:hashCode:public:0::int::3PP
play.api.libs.functional:InvariantFunctorExtractor:public:java.lang.Object:play.api.libs.functional.VariantExtractor,scala.Product,scala.Serializable:toString:public:0::java.lang.String::3PP
play.api.libs.functional:InvariantFunctorExtractor:public:java.lang.Object:play.api.libs.functional.VariantExtractor,scala.Product,scala.Serializable:equals:public:1:java.lang.Object:boolean::3PP
play.api.libs.functional:InvariantFunctorExtractor:public:java.lang.Object:play.api.libs.functional.VariantExtractor,scala.Product,scala.Serializable:<init>:public:1:play.api.libs.functional.InvariantFunctor:void::3PP
play.api.libs.functional:FunctionalBuilder$CanBuild2:public:java.lang.Object::$tilde:public:1:java.lang.Object:play.api.libs.functional.FunctionalBuilder$CanBuild3::3PP
play.api.libs.functional:FunctionalBuilder$CanBuild2:public:java.lang.Object::and:public:1:java.lang.Object:play.api.libs.functional.FunctionalBuilder$CanBuild3::3PP
play.api.libs.functional:FunctionalBuilder$CanBuild2:public:java.lang.Object::apply:public:2:scala.Function2,play.api.libs.functional.Functor:java.lang.Object::3PP
play.api.libs.functional:FunctionalBuilder$CanBuild2:public:java.lang.Object::apply:public:2:scala.Function1,play.api.libs.functional.ContravariantFunctor:java.lang.Object::3PP
play.api.libs.functional:FunctionalBuilder$CanBuild2:public:java.lang.Object::apply:public:3:scala.Function2,scala.Function1,play.api.libs.functional.InvariantFunctor:java.lang.Object::3PP
play.api.libs.functional:FunctionalBuilder$CanBuild2:public:java.lang.Object::join:public:3:scala.Predef$$less$colon$less,scala.Predef$$less$colon$less,play.api.libs.functional.ContravariantFunctor:java.lang.Object::3PP
play.api.libs.functional:FunctionalBuilder$CanBuild2:public:java.lang.Object::reduce:public:4:scala.Predef$$less$colon$less,scala.Predef$$less$colon$less,play.api.libs.functional.Functor,play.api.libs.functional.Reducer:java.lang.Object::3PP
play.api.libs.functional:FunctionalBuilder$CanBuild2:public:java.lang.Object::tupled:public:1:play.api.libs.functional.VariantExtractor:java.lang.Object::3PP
play.api.libs.functional:FunctionalBuilder$CanBuild2:public:java.lang.Object::FunctionalBuilder$CanBuild2$$$outer:public:0::play.api.libs.functional.FunctionalBuilder::3PP
play.api.libs.functional:FunctionalBuilder$CanBuild2:public:java.lang.Object::<init>:public:3:play.api.libs.functional.FunctionalBuilder,java.lang.Object,java.lang.Object:void::3PP
play.api.libs.functional:FunctionalBuilder$CanBuild7:public:java.lang.Object::$tilde:public:1:java.lang.Object:play.api.libs.functional.FunctionalBuilder$CanBuild8::3PP
play.api.libs.functional:FunctionalBuilder$CanBuild7:public:java.lang.Object::and:public:1:java.lang.Object:play.api.libs.functional.FunctionalBuilder$CanBuild8::3PP
play.api.libs.functional:FunctionalBuilder$CanBuild7:public:java.lang.Object::apply:public:2:scala.Function7,play.api.libs.functional.Functor:java.lang.Object::3PP
play.api.libs.functional:FunctionalBuilder$CanBuild7:public:java.lang.Object::apply:public:2:scala.Function1,play.api.libs.functional.ContravariantFunctor:java.lang.Object::3PP
play.api.libs.functional:FunctionalBuilder$CanBuild7:public:java.lang.Object::apply:public:3:scala.Function7,scala.Function1,play.api.libs.functional.InvariantFunctor:java.lang.Object::3PP
play.api.libs.functional:FunctionalBuilder$CanBuild7:public:java.lang.Object::join:public:8:scala.Predef$$less$colon$less,scala.Predef$$less$colon$less,scala.Predef$$less$colon$less,scala.Predef$$less$colon$less,scala.Predef$$less$colon$less,scala.Predef$$less$colon$less,scala.Predef$$less$colon$less,play.api.libs.functional.ContravariantFunctor:java.lang.Object::3PP
play.api.libs.functional:FunctionalBuilder$CanBuild7:public:java.lang.Object::reduce:public:9:scala.Predef$$less$colon$less,scala.Predef$$less$colon$less,scala.Predef$$less$colon$less,scala.Predef$$less$colon$less,scala.Predef$$less$colon$less,scala.Predef$$less$colon$less,scala.Predef$$less$colon$less,play.api.libs.functional.Functor,play.api.libs.functional.Reducer:java.lang.Object::3PP
play.api.libs.functional:FunctionalBuilder$CanBuild7:public:java.lang.Object::tupled:public:1:play.api.libs.functional.VariantExtractor:java.lang.Object::3PP
play.api.libs.functional:FunctionalBuilder$CanBuild7:public:java.lang.Object::FunctionalBuilder$CanBuild7$$$outer:public:0::play.api.libs.functional.FunctionalBuilder::3PP
play.api.libs.functional:FunctionalBuilder$CanBuild7:public:java.lang.Object::<init>:public:3:play.api.libs.functional.FunctionalBuilder,java.lang.Object,java.lang.Object:void::3PP
play.api.libs.functional:Reducer:public,abstract,interface:::unit:public,abstract:1:java.lang.Object:java.lang.Object::3PP
play.api.libs.functional:Reducer:public,abstract,interface:::prepend:public,abstract:2:java.lang.Object,java.lang.Object:java.lang.Object::3PP
play.api.libs.functional:Reducer:public,abstract,interface:::append:public,abstract:2:java.lang.Object,java.lang.Object:java.lang.Object::3PP
play.api.libs.functional:FunctionalBuilder$CanBuild6:public:java.lang.Object::$tilde:public:1:java.lang.Object:play.api.libs.functional.FunctionalBuilder$CanBuild7::3PP
play.api.libs.functional:FunctionalBuilder$CanBuild6:public:java.lang.Object::and:public:1:java.lang.Object:play.api.libs.functional.FunctionalBuilder$CanBuild7::3PP
play.api.libs.functional:FunctionalBuilder$CanBuild6:public:java.lang.Object::apply:public:2:scala.Function6,play.api.libs.functional.Functor:java.lang.Object::3PP
play.api.libs.functional:FunctionalBuilder$CanBuild6:public:java.lang.Object::apply:public:2:scala.Function1,play.api.libs.functional.ContravariantFunctor:java.lang.Object::3PP
play.api.libs.functional:FunctionalBuilder$CanBuild6:public:java.lang.Object::apply:public:3:scala.Function6,scala.Function1,play.api.libs.functional.InvariantFunctor:java.lang.Object::3PP
play.api.libs.functional:FunctionalBuilder$CanBuild6:public:java.lang.Object::join:public:7:scala.Predef$$less$colon$less,scala.Predef$$less$colon$less,scala.Predef$$less$colon$less,scala.Predef$$less$colon$less,scala.Predef$$less$colon$less,scala.Predef$$less$colon$less,play.api.libs.functional.ContravariantFunctor:java.lang.Object::3PP
play.api.libs.functional:FunctionalBuilder$CanBuild6:public:java.lang.Object::reduce:public:8:scala.Predef$$less$colon$less,scala.Predef$$less$colon$less,scala.Predef$$less$colon$less,scala.Predef$$less$colon$less,scala.Predef$$less$colon$less,scala.Predef$$less$colon$less,play.api.libs.functional.Functor,play.api.libs.functional.Reducer:java.lang.Object::3PP
play.api.libs.functional:FunctionalBuilder$CanBuild6:public:java.lang.Object::tupled:public:1:play.api.libs.functional.VariantExtractor:java.lang.Object::3PP
play.api.libs.functional:FunctionalBuilder$CanBuild6:public:java.lang.Object::FunctionalBuilder$CanBuild6$$$outer:public:0::play.api.libs.functional.FunctionalBuilder::3PP
play.api.libs.functional:FunctionalBuilder$CanBuild6:public:java.lang.Object::<init>:public:3:play.api.libs.functional.FunctionalBuilder,java.lang.Object,java.lang.Object:void::3PP
play.api.libs.functional:FunctorExtractor:public:java.lang.Object:play.api.libs.functional.VariantExtractor,scala.Product,scala.Serializable:unapply:public,static:1:play.api.libs.functional.FunctorExtractor:scala.Option::3PP
play.api.libs.functional:FunctorExtractor:public:java.lang.Object:play.api.libs.functional.VariantExtractor,scala.Product,scala.Serializable:apply:public,static:1:play.api.libs.functional.Functor:play.api.libs.functional.FunctorExtractor::3PP
play.api.libs.functional:FunctorExtractor:public:java.lang.Object:play.api.libs.functional.VariantExtractor,scala.Product,scala.Serializable:functor:public:0::play.api.libs.functional.Functor::3PP
play.api.libs.functional:FunctorExtractor:public:java.lang.Object:play.api.libs.functional.VariantExtractor,scala.Product,scala.Serializable:copy:public:1:play.api.libs.functional.Functor:play.api.libs.functional.FunctorExtractor::3PP
play.api.libs.functional:FunctorExtractor:public:java.lang.Object:play.api.libs.functional.VariantExtractor,scala.Product,scala.Serializable:copy$default$1:public:0::play.api.libs.functional.Functor::3PP
play.api.libs.functional:FunctorExtractor:public:java.lang.Object:play.api.libs.functional.VariantExtractor,scala.Product,scala.Serializable:productPrefix:public:0::java.lang.String::3PP
play.api.libs.functional:FunctorExtractor:public:java.lang.Object:play.api.libs.functional.VariantExtractor,scala.Product,scala.Serializable:productArity:public:0::int::3PP
play.api.libs.functional:FunctorExtractor:public:java.lang.Object:play.api.libs.functional.VariantExtractor,scala.Product,scala.Serializable:productElement:public:1:int:java.lang.Object::3PP
play.api.libs.functional:FunctorExtractor:public:java.lang.Object:play.api.libs.functional.VariantExtractor,scala.Product,scala.Serializable:productIterator:public:0::scala.collection.Iterator::3PP
play.api.libs.functional:FunctorExtractor:public:java.lang.Object:play.api.libs.functional.VariantExtractor,scala.Product,scala.Serializable:canEqual:public:1:java.lang.Object:boolean::3PP
play.api.libs.functional:FunctorExtractor:public:java.lang.Object:play.api.libs.functional.VariantExtractor,scala.Product,scala.Serializable:hashCode:public:0::int::3PP
play.api.libs.functional:FunctorExtractor:public:java.lang.Object:play.api.libs.functional.VariantExtractor,scala.Product,scala.Serializable:toString:public:0::java.lang.String::3PP
play.api.libs.functional:FunctorExtractor:public:java.lang.Object:play.api.libs.functional.VariantExtractor,scala.Product,scala.Serializable:equals:public:1:java.lang.Object:boolean::3PP
play.api.libs.functional:FunctorExtractor:public:java.lang.Object:play.api.libs.functional.VariantExtractor,scala.Product,scala.Serializable:<init>:public:1:play.api.libs.functional.Functor:void::3PP
play.api.libs.functional:$tilde:public:java.lang.Object:scala.Product,scala.Serializable:_1:public:0::java.lang.Object::3PP
play.api.libs.functional:$tilde:public:java.lang.Object:scala.Product,scala.Serializable:_2:public:0::java.lang.Object::3PP
play.api.libs.functional:$tilde:public:java.lang.Object:scala.Product,scala.Serializable:copy:public:2:java.lang.Object,java.lang.Object:play.api.libs.functional.$tilde::3PP
play.api.libs.functional:$tilde:public:java.lang.Object:scala.Product,scala.Serializable:copy$default$1:public:0::java.lang.Object::3PP
play.api.libs.functional:$tilde:public:java.lang.Object:scala.Product,scala.Serializable:copy$default$2:public:0::java.lang.Object::3PP
play.api.libs.functional:$tilde:public:java.lang.Object:scala.Product,scala.Serializable:productPrefix:public:0::java.lang.String::3PP
play.api.libs.functional:$tilde:public:java.lang.Object:scala.Product,scala.Serializable:productArity:public:0::int::3PP
play.api.libs.functional:$tilde:public:java.lang.Object:scala.Product,scala.Serializable:productElement:public:1:int:java.lang.Object::3PP
play.api.libs.functional:$tilde:public:java.lang.Object:scala.Product,scala.Serializable:productIterator:public:0::scala.collection.Iterator::3PP
play.api.libs.functional:$tilde:public:java.lang.Object:scala.Product,scala.Serializable:canEqual:public:1:java.lang.Object:boolean::3PP
play.api.libs.functional:$tilde:public:java.lang.Object:scala.Product,scala.Serializable:hashCode:public:0::int::3PP
play.api.libs.functional:$tilde:public:java.lang.Object:scala.Product,scala.Serializable:toString:public:0::java.lang.String::3PP
play.api.libs.functional:$tilde:public:java.lang.Object:scala.Product,scala.Serializable:equals:public:1:java.lang.Object:boolean::3PP
play.api.libs.functional:$tilde:public:java.lang.Object:scala.Product,scala.Serializable:<init>:public:2:java.lang.Object,java.lang.Object:void::3PP
play.api.libs.functional:FunctionalBuilder$CanBuild18:public:java.lang.Object::$tilde:public:1:java.lang.Object:play.api.libs.functional.FunctionalBuilder$CanBuild19::3PP
play.api.libs.functional:FunctionalBuilder$CanBuild18:public:java.lang.Object::and:public:1:java.lang.Object:play.api.libs.functional.FunctionalBuilder$CanBuild19::3PP
play.api.libs.functional:FunctionalBuilder$CanBuild18:public:java.lang.Object::apply:public:2:scala.Function18,play.api.libs.functional.Functor:java.lang.Object::3PP
play.api.libs.functional:FunctionalBuilder$CanBuild18:public:java.lang.Object::apply:public:2:scala.Function1,play.api.libs.functional.ContravariantFunctor:java.lang.Object::3PP
play.api.libs.functional:FunctionalBuilder$CanBuild18:public:java.lang.Object::apply:public:3:scala.Function18,scala.Function1,play.api.libs.functional.InvariantFunctor:java.lang.Object::3PP
play.api.libs.functional:FunctionalBuilder$CanBuild18:public:java.lang.Object::join:public:19:scala.Predef$$less$colon$less,scala.Predef$$less$colon$less,scala.Predef$$less$colon$less,scala.Predef$$less$colon$less,scala.Predef$$less$colon$less,scala.Predef$$less$colon$less,scala.Predef$$less$colon$less,scala.Predef$$less$colon$less,scala.Predef$$less$colon$less,scala.Predef$$less$colon$less,scala.Predef$$less$colon$less,scala.Predef$$less$colon$less,scala.Predef$$less$colon$less,scala.Predef$$less$colon$less,scala.Predef$$less$colon$less,scala.Predef$$less$colon$less,scala.Predef$$less$colon$less,scala.Predef$$less$colon$less,play.api.libs.functional.ContravariantFunctor:java.lang.Object::3PP
play.api.libs.functional:FunctionalBuilder$CanBuild18:public:java.lang.Object::reduce:public:20:scala.Predef$$less$colon$less,scala.Predef$$less$colon$less,scala.Predef$$less$colon$less,scala.Predef$$less$colon$less,scala.Predef$$less$colon$less,scala.Predef$$less$colon$less,scala.Predef$$less$colon$less,scala.Predef$$less$colon$less,scala.Predef$$less$colon$less,scala.Predef$$less$colon$less,scala.Predef$$less$colon$less,scala.Predef$$less$colon$less,scala.Predef$$less$colon$less,scala.Predef$$less$colon$less,scala.Predef$$less$colon$less,scala.Predef$$less$colon$less,scala.Predef$$less$colon$less,scala.Predef$$less$colon$less,play.api.libs.functional.Functor,play.api.libs.functional.Reducer:java.lang.Object::3PP
play.api.libs.functional:FunctionalBuilder$CanBuild18:public:java.lang.Object::tupled:public:1:play.api.libs.functional.VariantExtractor:java.lang.Object::3PP
play.api.libs.functional:FunctionalBuilder$CanBuild18:public:java.lang.Object::FunctionalBuilder$CanBuild18$$$outer:public:0::play.api.libs.functional.FunctionalBuilder::3PP
play.api.libs.functional:FunctionalBuilder$CanBuild18:public:java.lang.Object::<init>:public:3:play.api.libs.functional.FunctionalBuilder,java.lang.Object,java.lang.Object:void::3PP
play.api.libs.functional:ContravariantFunctorOps:public:java.lang.Object::contramap:public:1:scala.Function1:java.lang.Object::3PP
play.api.libs.functional:ContravariantFunctorOps:public:java.lang.Object::<init>:public:2:java.lang.Object,play.api.libs.functional.ContravariantFunctor:void::3PP
play.api.libs.functional:FunctorExtractor$:public,final:java.lang.Object:scala.Serializable:<clinit>:public,static:0::void::3PP
play.api.libs.functional:FunctorExtractor$:public,final:java.lang.Object:scala.Serializable:toString:public,final:0::java.lang.String::3PP
play.api.libs.functional:FunctorExtractor$:public,final:java.lang.Object:scala.Serializable:apply:public:1:play.api.libs.functional.Functor:play.api.libs.functional.FunctorExtractor::3PP
play.api.libs.functional:FunctorExtractor$:public,final:java.lang.Object:scala.Serializable:unapply:public:1:play.api.libs.functional.FunctorExtractor:scala.Option::3PP
play.api.libs.functional:FunctorExtractor$:public,final:java.lang.Object:scala.Serializable:readResolve:private:0::java.lang.Object::3PP
play.api.libs.functional:FunctorExtractor$:public,final:java.lang.Object:scala.Serializable:<init>:private:0::void::3PP
play.api.libs.functional:FunctionalBuilder$CanBuild17:public:java.lang.Object::$tilde:public:1:java.lang.Object:play.api.libs.functional.FunctionalBuilder$CanBuild18::3PP
play.api.libs.functional:FunctionalBuilder$CanBuild17:public:java.lang.Object::and:public:1:java.lang.Object:play.api.libs.functional.FunctionalBuilder$CanBuild18::3PP
play.api.libs.functional:FunctionalBuilder$CanBuild17:public:java.lang.Object::apply:public:2:scala.Function17,play.api.libs.functional.Functor:java.lang.Object::3PP
play.api.libs.functional:FunctionalBuilder$CanBuild17:public:java.lang.Object::apply:public:2:scala.Function1,play.api.libs.functional.ContravariantFunctor:java.lang.Object::3PP
play.api.libs.functional:FunctionalBuilder$CanBuild17:public:java.lang.Object::apply:public:3:scala.Function17,scala.Function1,play.api.libs.functional.InvariantFunctor:java.lang.Object::3PP
play.api.libs.functional:FunctionalBuilder$CanBuild17:public:java.lang.Object::join:public:18:scala.Predef$$less$colon$less,scala.Predef$$less$colon$less,scala.Predef$$less$colon$less,scala.Predef$$less$colon$less,scala.Predef$$less$colon$less,scala.Predef$$less$colon$less,scala.Predef$$less$colon$less,scala.Predef$$less$colon$less,scala.Predef$$less$colon$less,scala.Predef$$less$colon$less,scala.Predef$$less$colon$less,scala.Predef$$less$colon$less,scala.Predef$$less$colon$less,scala.Predef$$less$colon$less,scala.Predef$$less$colon$less,scala.Predef$$less$colon$less,scala.Predef$$less$colon$less,play.api.libs.functional.ContravariantFunctor:java.lang.Object::3PP
play.api.libs.functional:FunctionalBuilder$CanBuild17:public:java.lang.Object::reduce:public:19:scala.Predef$$less$colon$less,scala.Predef$$less$colon$less,scala.Predef$$less$colon$less,scala.Predef$$less$colon$less,scala.Predef$$less$colon$less,scala.Predef$$less$colon$less,scala.Predef$$less$colon$less,scala.Predef$$less$colon$less,scala.Predef$$less$colon$less,scala.Predef$$less$colon$less,scala.Predef$$less$colon$less,scala.Predef$$less$colon$less,scala.Predef$$less$colon$less,scala.Predef$$less$colon$less,scala.Predef$$less$colon$less,scala.Predef$$less$colon$less,scala.Predef$$less$colon$less,play.api.libs.functional.Functor,play.api.libs.functional.Reducer:java.lang.Object::3PP
play.api.libs.functional:FunctionalBuilder$CanBuild17:public:java.lang.Object::tupled:public:1:play.api.libs.functional.VariantExtractor:java.lang.Object::3PP
play.api.libs.functional:FunctionalBuilder$CanBuild17:public:java.lang.Object::FunctionalBuilder$CanBuild17$$$outer:public:0::play.api.libs.functional.FunctionalBuilder::3PP
play.api.libs.functional:FunctionalBuilder$CanBuild17:public:java.lang.Object::<init>:public:3:play.api.libs.functional.FunctionalBuilder,java.lang.Object,java.lang.Object:void::3PP
play.api.libs.functional:VariantExtractor$:public,final:java.lang.Object::<clinit>:public,static:0::void::3PP
play.api.libs.functional:VariantExtractor$:public,final:java.lang.Object::functor:public:1:play.api.libs.functional.Functor:play.api.libs.functional.FunctorExtractor::3PP
play.api.libs.functional:VariantExtractor$:public,final:java.lang.Object::contravariantFunctor:public:1:play.api.libs.functional.ContravariantFunctor:play.api.libs.functional.ContravariantFunctorExtractor::3PP
play.api.libs.functional:VariantExtractor$:public,final:java.lang.Object::invariantFunctor:public:1:play.api.libs.functional.InvariantFunctor:play.api.libs.functional.InvariantFunctorExtractor::3PP
play.api.libs.functional:VariantExtractor$:public,final:java.lang.Object::<init>:private:0::void::3PP
play.api.libs.functional:Functor:public,abstract,interface::play.api.libs.functional.Variant:fmap:public,abstract:2:java.lang.Object,scala.Function1:java.lang.Object::3PP
play.api.libs.functional:InvariantFunctorOps:public:java.lang.Object::inmap:public:2:scala.Function1,scala.Function1:java.lang.Object::3PP
play.api.libs.functional:InvariantFunctorOps:public:java.lang.Object::<init>:public:2:java.lang.Object,play.api.libs.functional.InvariantFunctor:void::3PP
play.api.libs.functional:FunctionalCanBuild$$anon$1:public,final:java.lang.Object:play.api.libs.functional.FunctionalCanBuild:apply:public:2:java.lang.Object,java.lang.Object:java.lang.Object::3PP
play.api.libs.functional:FunctionalCanBuild$$anon$1:public,final:java.lang.Object:play.api.libs.functional.FunctionalCanBuild:<init>:public:1:play.api.libs.functional.Applicative:void::3PP
play.api.libs.functional:Alternative:public,abstract,interface:::app:public,abstract:0::play.api.libs.functional.Applicative::3PP
play.api.libs.functional:Alternative:public,abstract,interface:::$bar:public,abstract:2:java.lang.Object,java.lang.Object:java.lang.Object::3PP
play.api.libs.functional:Alternative:public,abstract,interface:::empty:public,abstract:0::java.lang.Object::3PP
play.api.libs.functional:Monoid$:public,final:java.lang.Object::<clinit>:public,static:0::void::3PP
play.api.libs.functional:Monoid$:public,final:java.lang.Object::endomorphismMonoid:public:0::play.api.libs.functional.Monoid::3PP
play.api.libs.functional:Monoid$:public,final:java.lang.Object::<init>:private:0::void::3PP
play.api.libs.functional:Monoid$$anon$1:public,final:java.lang.Object:play.api.libs.functional.Monoid:append:public:2:scala.Function1,scala.Function1:scala.Function1::3PP
play.api.libs.functional:Monoid$$anon$1:public,final:java.lang.Object:play.api.libs.functional.Monoid:identity:public:0::scala.Function1::3PP
play.api.libs.functional:Monoid$$anon$1:public,final:java.lang.Object:play.api.libs.functional.Monoid:identity:public,volatile:0::java.lang.Object::3PP
play.api.libs.functional:Monoid$$anon$1:public,final:java.lang.Object:play.api.libs.functional.Monoid:append:public,volatile:2:java.lang.Object,java.lang.Object:java.lang.Object::3PP
play.api.libs.functional:Monoid$$anon$1:public,final:java.lang.Object:play.api.libs.functional.Monoid:<init>:public:0::void::3PP
play.api.libs.functional:FunctionalBuilder$CanBuild20:public:java.lang.Object::$tilde:public:1:java.lang.Object:play.api.libs.functional.FunctionalBuilder$CanBuild21::3PP
play.api.libs.functional:FunctionalBuilder$CanBuild20:public:java.lang.Object::and:public:1:java.lang.Object:play.api.libs.functional.FunctionalBuilder$CanBuild21::3PP
play.api.libs.functional:FunctionalBuilder$CanBuild20:public:java.lang.Object::apply:public:2:scala.Function20,play.api.libs.functional.Functor:java.lang.Object::3PP
play.api.libs.functional:FunctionalBuilder$CanBuild20:public:java.lang.Object::apply:public:2:scala.Function1,play.api.libs.functional.ContravariantFunctor:java.lang.Object::3PP
play.api.libs.functional:FunctionalBuilder$CanBuild20:public:java.lang.Object::apply:public:3:scala.Function20,scala.Function1,play.api.libs.functional.InvariantFunctor:java.lang.Object::3PP
play.api.libs.functional:FunctionalBuilder$CanBuild20:public:java.lang.Object::join:public:21:scala.Predef$$less$colon$less,scala.Predef$$less$colon$less,scala.Predef$$less$colon$less,scala.Predef$$less$colon$less,scala.Predef$$less$colon$less,scala.Predef$$less$colon$less,scala.Predef$$less$colon$less,scala.Predef$$less$colon$less,scala.Predef$$less$colon$less,scala.Predef$$less$colon$less,scala.Predef$$less$colon$less,scala.Predef$$less$colon$less,scala.Predef$$less$colon$less,scala.Predef$$less$colon$less,scala.Predef$$less$colon$less,scala.Predef$$less$colon$less,scala.Predef$$less$colon$less,scala.Predef$$less$colon$less,scala.Predef$$less$colon$less,scala.Predef$$less$colon$less,play.api.libs.functional.ContravariantFunctor:java.lang.Object::3PP
play.api.libs.functional:FunctionalBuilder$CanBuild20:public:java.lang.Object::reduce:public:22:scala.Predef$$less$colon$less,scala.Predef$$less$colon$less,scala.Predef$$less$colon$less,scala.Predef$$less$colon$less,scala.Predef$$less$colon$less,scala.Predef$$less$colon$less,scala.Predef$$less$colon$less,scala.Predef$$less$colon$less,scala.Predef$$less$colon$less,scala.Predef$$less$colon$less,scala.Predef$$less$colon$less,scala.Predef$$less$colon$less,scala.Predef$$less$colon$less,scala.Predef$$less$colon$less,scala.Predef$$less$colon$less,scala.Predef$$less$colon$less,scala.Predef$$less$colon$less,scala.Predef$$less$colon$less,scala.Predef$$less$colon$less,scala.Predef$$less$colon$less,play.api.libs.functional.Functor,play.api.libs.functional.Reducer:java.lang.Object::3PP
play.api.libs.functional:FunctionalBuilder$CanBuild20:public:java.lang.Object::tupled:public:1:play.api.libs.functional.VariantExtractor:java.lang.Object::3PP
play.api.libs.functional:FunctionalBuilder$CanBuild20:public:java.lang.Object::FunctionalBuilder$CanBuild20$$$outer:public:0::play.api.libs.functional.FunctionalBuilder::3PP
play.api.libs.functional:FunctionalBuilder$CanBuild20:public:java.lang.Object::<init>:public:3:play.api.libs.functional.FunctionalBuilder,java.lang.Object,java.lang.Object:void::3PP
play.api.libs.functional.syntax:package$:public,final:java.lang.Object::<clinit>:public,static:0::void::3PP
play.api.libs.functional.syntax:package$:public,final:java.lang.Object::toAlternativeOps:public:2:java.lang.Object,play.api.libs.functional.Alternative:play.api.libs.functional.AlternativeOps::3PP
play.api.libs.functional.syntax:package$:public,final:java.lang.Object::toApplicativeOps:public:2:java.lang.Object,play.api.libs.functional.Applicative:play.api.libs.functional.ApplicativeOps::3PP
play.api.libs.functional.syntax:package$:public,final:java.lang.Object::toFunctionalBuilderOps:public:2:java.lang.Object,play.api.libs.functional.FunctionalCanBuild:play.api.libs.functional.FunctionalBuilderOps::3PP
play.api.libs.functional.syntax:package$:public,final:java.lang.Object::toMonoidOps:public:2:java.lang.Object,play.api.libs.functional.Monoid:play.api.libs.functional.MonoidOps::3PP
play.api.libs.functional.syntax:package$:public,final:java.lang.Object::toFunctorOps:public:2:java.lang.Object,play.api.libs.functional.Functor:play.api.libs.functional.FunctorOps::3PP
play.api.libs.functional.syntax:package$:public,final:java.lang.Object::toContraFunctorOps:public:2:java.lang.Object,play.api.libs.functional.ContravariantFunctor:play.api.libs.functional.ContravariantFunctorOps::3PP
play.api.libs.functional.syntax:package$:public,final:java.lang.Object::toInvariantFunctorOps:public:2:java.lang.Object,play.api.libs.functional.InvariantFunctor:play.api.libs.functional.InvariantFunctorOps::3PP
play.api.libs.functional.syntax:package$:public,final:java.lang.Object::unapply:public:1:scala.Function1:scala.Function1::3PP
play.api.libs.functional.syntax:package$:public,final:java.lang.Object::unlift:public:1:scala.Function1:scala.Function1::3PP
play.api.libs.functional.syntax:package$:public,final:java.lang.Object::<init>:private:0::void::3PP
play.api.libs.functional:ContravariantFunctor:public,abstract,interface::play.api.libs.functional.Variant:contramap:public,abstract:2:java.lang.Object,scala.Function1:java.lang.Object::3PP
play.api.libs.functional:InvariantFunctor:public,abstract,interface::play.api.libs.functional.Variant:inmap:public,abstract:3:java.lang.Object,scala.Function1,scala.Function1:java.lang.Object::3PP
play.api.libs.functional:FunctionalBuilder$CanBuild10:public:java.lang.Object::$tilde:public:1:java.lang.Object:play.api.libs.functional.FunctionalBuilder$CanBuild11::3PP
play.api.libs.functional:FunctionalBuilder$CanBuild10:public:java.lang.Object::and:public:1:java.lang.Object:play.api.libs.functional.FunctionalBuilder$CanBuild11::3PP
play.api.libs.functional:FunctionalBuilder$CanBuild10:public:java.lang.Object::apply:public:2:scala.Function10,play.api.libs.functional.Functor:java.lang.Object::3PP
play.api.libs.functional:FunctionalBuilder$CanBuild10:public:java.lang.Object::apply:public:2:scala.Function1,play.api.libs.functional.ContravariantFunctor:java.lang.Object::3PP
play.api.libs.functional:FunctionalBuilder$CanBuild10:public:java.lang.Object::apply:public:3:scala.Function10,scala.Function1,play.api.libs.functional.InvariantFunctor:java.lang.Object::3PP
play.api.libs.functional:FunctionalBuilder$CanBuild10:public:java.lang.Object::join:public:11:scala.Predef$$less$colon$less,scala.Predef$$less$colon$less,scala.Predef$$less$colon$less,scala.Predef$$less$colon$less,scala.Predef$$less$colon$less,scala.Predef$$less$colon$less,scala.Predef$$less$colon$less,scala.Predef$$less$colon$less,scala.Predef$$less$colon$less,scala.Predef$$less$colon$less,play.api.libs.functional.ContravariantFunctor:java.lang.Object::3PP
play.api.libs.functional:FunctionalBuilder$CanBuild10:public:java.lang.Object::reduce:public:12:scala.Predef$$less$colon$less,scala.Predef$$less$colon$less,scala.Predef$$less$colon$less,scala.Predef$$less$colon$less,scala.Predef$$less$colon$less,scala.Predef$$less$colon$less,scala.Predef$$less$colon$less,scala.Predef$$less$colon$less,scala.Predef$$less$colon$less,scala.Predef$$less$colon$less,play.api.libs.functional.Functor,play.api.libs.functional.Reducer:java.lang.Object::3PP
play.api.libs.functional:FunctionalBuilder$CanBuild10:public:java.lang.Object::tupled:public:1:play.api.libs.functional.VariantExtractor:java.lang.Object::3PP
play.api.libs.functional:FunctionalBuilder$CanBuild10:public:java.lang.Object::FunctionalBuilder$CanBuild10$$$outer:public:0::play.api.libs.functional.FunctionalBuilder::3PP
play.api.libs.functional:FunctionalBuilder$CanBuild10:public:java.lang.Object::<init>:public:3:play.api.libs.functional.FunctionalBuilder,java.lang.Object,java.lang.Object:void::3PP
play.api.libs.functional:Reducer$$anon$2:public,final:java.lang.Object:play.api.libs.functional.Reducer:unit:public:1:java.lang.Object:java.lang.Object::3PP
play.api.libs.functional:Reducer$$anon$2:public,final:java.lang.Object:play.api.libs.functional.Reducer:prepend:public:2:java.lang.Object,java.lang.Object:java.lang.Object::3PP
play.api.libs.functional:Reducer$$anon$2:public,final:java.lang.Object:play.api.libs.functional.Reducer:append:public:2:java.lang.Object,java.lang.Object:java.lang.Object::3PP
play.api.libs.functional:Reducer$$anon$2:public,final:java.lang.Object:play.api.libs.functional.Reducer:<init>:public:2:scala.Function1,play.api.libs.functional.Monoid:void::3PP
play.api.libs.functional:FunctionalBuilder$CanBuild19:public:java.lang.Object::$tilde:public:1:java.lang.Object:play.api.libs.functional.FunctionalBuilder$CanBuild20::3PP
play.api.libs.functional:FunctionalBuilder$CanBuild19:public:java.lang.Object::and:public:1:java.lang.Object:play.api.libs.functional.FunctionalBuilder$CanBuild20::3PP
play.api.libs.functional:FunctionalBuilder$CanBuild19:public:java.lang.Object::apply:public:2:scala.Function19,play.api.libs.functional.Functor:java.lang.Object::3PP
play.api.libs.functional:FunctionalBuilder$CanBuild19:public:java.lang.Object::apply:public:2:scala.Function1,play.api.libs.functional.ContravariantFunctor:java.lang.Object::3PP
play.api.libs.functional:FunctionalBuilder$CanBuild19:public:java.lang.Object::apply:public:3:scala.Function19,scala.Function1,play.api.libs.functional.InvariantFunctor:java.lang.Object::3PP
play.api.libs.functional:FunctionalBuilder$CanBuild19:public:java.lang.Object::join:public:20:scala.Predef$$less$colon$less,scala.Predef$$less$colon$less,scala.Predef$$less$colon$less,scala.Predef$$less$colon$less,scala.Predef$$less$colon$less,scala.Predef$$less$colon$less,scala.Predef$$less$colon$less,scala.Predef$$less$colon$less,scala.Predef$$less$colon$less,scala.Predef$$less$colon$less,scala.Predef$$less$colon$less,scala.Predef$$less$colon$less,scala.Predef$$less$colon$less,scala.Predef$$less$colon$less,scala.Predef$$less$colon$less,scala.Predef$$less$colon$less,scala.Predef$$less$colon$less,scala.Predef$$less$colon$less,scala.Predef$$less$colon$less,play.api.libs.functional.ContravariantFunctor:java.lang.Object::3PP
play.api.libs.functional:FunctionalBuilder$CanBuild19:public:java.lang.Object::reduce:public:21:scala.Predef$$less$colon$less,scala.Predef$$less$colon$less,scala.Predef$$less$colon$less,scala.Predef$$less$colon$less,scala.Predef$$less$colon$less,scala.Predef$$less$colon$less,scala.Predef$$less$colon$less,scala.Predef$$less$colon$less,scala.Predef$$less$colon$less,scala.Predef$$less$colon$less,scala.Predef$$less$colon$less,scala.Predef$$less$colon$less,scala.Predef$$less$colon$less,scala.Predef$$less$colon$less,scala.Predef$$less$colon$less,scala.Predef$$less$colon$less,scala.Predef$$less$colon$less,scala.Predef$$less$colon$less,scala.Predef$$less$colon$less,play.api.libs.functional.Functor,play.api.libs.functional.Reducer:java.lang.Object::3PP
play.api.libs.functional:FunctionalBuilder$CanBuild19:public:java.lang.Object::tupled:public:1:play.api.libs.functional.VariantExtractor:java.lang.Object::3PP
play.api.libs.functional:FunctionalBuilder$CanBuild19:public:java.lang.Object::FunctionalBuilder$CanBuild19$$$outer:public:0::play.api.libs.functional.FunctionalBuilder::3PP
play.api.libs.functional:FunctionalBuilder$CanBuild19:public:java.lang.Object::<init>:public:3:play.api.libs.functional.FunctionalBuilder,java.lang.Object,java.lang.Object:void::3PP
play.api.libs.functional:$tilde$:public,final:java.lang.Object:scala.Serializable:<clinit>:public,static:0::void::3PP
play.api.libs.functional:$tilde$:public,final:java.lang.Object:scala.Serializable:toString:public,final:0::java.lang.String::3PP
play.api.libs.functional:$tilde$:public,final:java.lang.Object:scala.Serializable:apply:public:2:java.lang.Object,java.lang.Object:play.api.libs.functional.$tilde::3PP
play.api.libs.functional:$tilde$:public,final:java.lang.Object:scala.Serializable:unapply:public:1:play.api.libs.functional.$tilde:scala.Option::3PP
play.api.libs.functional:$tilde$:public,final:java.lang.Object:scala.Serializable:readResolve:private:0::java.lang.Object::3PP
play.api.libs.functional:$tilde$:public,final:java.lang.Object:scala.Serializable:<init>:private:0::void::3PP
play.api.libs.functional:FunctionalBuilder$CanBuild5:public:java.lang.Object::$tilde:public:1:java.lang.Object:play.api.libs.functional.FunctionalBuilder$CanBuild6::3PP
play.api.libs.functional:FunctionalBuilder$CanBuild5:public:java.lang.Object::and:public:1:java.lang.Object:play.api.libs.functional.FunctionalBuilder$CanBuild6::3PP
play.api.libs.functional:FunctionalBuilder$CanBuild5:public:java.lang.Object::apply:public:2:scala.Function5,play.api.libs.functional.Functor:java.lang.Object::3PP
play.api.libs.functional:FunctionalBuilder$CanBuild5:public:java.lang.Object::apply:public:2:scala.Function1,play.api.libs.functional.ContravariantFunctor:java.lang.Object::3PP
play.api.libs.functional:FunctionalBuilder$CanBuild5:public:java.lang.Object::apply:public:3:scala.Function5,scala.Function1,play.api.libs.functional.InvariantFunctor:java.lang.Object::3PP
play.api.libs.functional:FunctionalBuilder$CanBuild5:public:java.lang.Object::join:public:6:scala.Predef$$less$colon$less,scala.Predef$$less$colon$less,scala.Predef$$less$colon$less,scala.Predef$$less$colon$less,scala.Predef$$less$colon$less,play.api.libs.functional.ContravariantFunctor:java.lang.Object::3PP
play.api.libs.functional:FunctionalBuilder$CanBuild5:public:java.lang.Object::reduce:public:7:scala.Predef$$less$colon$less,scala.Predef$$less$colon$less,scala.Predef$$less$colon$less,scala.Predef$$less$colon$less,scala.Predef$$less$colon$less,play.api.libs.functional.Functor,play.api.libs.functional.Reducer:java.lang.Object::3PP
play.api.libs.functional:FunctionalBuilder$CanBuild5:public:java.lang.Object::tupled:public:1:play.api.libs.functional.VariantExtractor:java.lang.Object::3PP
play.api.libs.functional:FunctionalBuilder$CanBuild5:public:java.lang.Object::FunctionalBuilder$CanBuild5$$$outer:public:0::play.api.libs.functional.FunctionalBuilder::3PP
play.api.libs.functional:FunctionalBuilder$CanBuild5:public:java.lang.Object::<init>:public:3:play.api.libs.functional.FunctionalBuilder,java.lang.Object,java.lang.Object:void::3PP
play.api.libs.functional:Monoid:public,abstract,interface:::append:public,abstract:2:java.lang.Object,java.lang.Object:java.lang.Object::3PP
play.api.libs.functional:Monoid:public,abstract,interface:::identity:public,abstract:0::java.lang.Object::3PP
play.api.libs.functional:Applicative$$anon$1:public,final:java.lang.Object:play.api.libs.functional.Applicative:pure:public:1:java.lang.Object:scala.Option::3PP
play.api.libs.functional:Applicative$$anon$1:public,final:java.lang.Object:play.api.libs.functional.Applicative:map:public:2:scala.Option,scala.Function1:scala.Option::3PP
play.api.libs.functional:Applicative$$anon$1:public,final:java.lang.Object:play.api.libs.functional.Applicative:apply:public:2:scala.Option,scala.Option:scala.Option::3PP
play.api.libs.functional:Applicative$$anon$1:public,final:java.lang.Object:play.api.libs.functional.Applicative:apply:public,volatile:2:java.lang.Object,java.lang.Object:java.lang.Object::3PP
play.api.libs.functional:Applicative$$anon$1:public,final:java.lang.Object:play.api.libs.functional.Applicative:map:public,volatile:2:java.lang.Object,scala.Function1:java.lang.Object::3PP
play.api.libs.functional:Applicative$$anon$1:public,final:java.lang.Object:play.api.libs.functional.Applicative:pure:public,volatile:1:java.lang.Object:java.lang.Object::3PP
play.api.libs.functional:Applicative$$anon$1:public,final:java.lang.Object:play.api.libs.functional.Applicative:<init>:public:0::void::3PP
play.api.libs.functional:FunctionalBuilder$CanBuild12:public:java.lang.Object::$tilde:public:1:java.lang.Object:play.api.libs.functional.FunctionalBuilder$CanBuild13::3PP
play.api.libs.functional:FunctionalBuilder$CanBuild12:public:java.lang.Object::and:public:1:java.lang.Object:play.api.libs.functional.FunctionalBuilder$CanBuild13::3PP
play.api.libs.functional:FunctionalBuilder$CanBuild12:public:java.lang.Object::apply:public:2:scala.Function12,play.api.libs.functional.Functor:java.lang.Object::3PP
play.api.libs.functional:FunctionalBuilder$CanBuild12:public:java.lang.Object::apply:public:2:scala.Function1,play.api.libs.functional.ContravariantFunctor:java.lang.Object::3PP
play.api.libs.functional:FunctionalBuilder$CanBuild12:public:java.lang.Object::apply:public:3:scala.Function12,scala.Function1,play.api.libs.functional.InvariantFunctor:java.lang.Object::3PP
play.api.libs.functional:FunctionalBuilder$CanBuild12:public:java.lang.Object::join:public:13:scala.Predef$$less$colon$less,scala.Predef$$less$colon$less,scala.Predef$$less$colon$less,scala.Predef$$less$colon$less,scala.Predef$$less$colon$less,scala.Predef$$less$colon$less,scala.Predef$$less$colon$less,scala.Predef$$less$colon$less,scala.Predef$$less$colon$less,scala.Predef$$less$colon$less,scala.Predef$$less$colon$less,scala.Predef$$less$colon$less,play.api.libs.functional.ContravariantFunctor:java.lang.Object::3PP
play.api.libs.functional:FunctionalBuilder$CanBuild12:public:java.lang.Object::reduce:public:14:scala.Predef$$less$colon$less,scala.Predef$$less$colon$less,scala.Predef$$less$colon$less,scala.Predef$$less$colon$less,scala.Predef$$less$colon$less,scala.Predef$$less$colon$less,scala.Predef$$less$colon$less,scala.Predef$$less$colon$less,scala.Predef$$less$colon$less,scala.Predef$$less$colon$less,scala.Predef$$less$colon$less,scala.Predef$$less$colon$less,play.api.libs.functional.Functor,play.api.libs.functional.Reducer:java.lang.Object::3PP
play.api.libs.functional:FunctionalBuilder$CanBuild12:public:java.lang.Object::tupled:public:1:play.api.libs.functional.VariantExtractor:java.lang.Object::3PP
play.api.libs.functional:FunctionalBuilder$CanBuild12:public:java.lang.Object::FunctionalBuilder$CanBuild12$$$outer:public:0::play.api.libs.functional.FunctionalBuilder::3PP
play.api.libs.functional:FunctionalBuilder$CanBuild12:public:java.lang.Object::<init>:public:3:play.api.libs.functional.FunctionalBuilder,java.lang.Object,java.lang.Object:void::3PP
play.api.libs.functional:FunctionalBuilder:public:java.lang.Object::<init>:public:1:play.api.libs.functional.FunctionalCanBuild:void::3PP
play.api.libs.functional:Reducer$:public,final:java.lang.Object::<clinit>:public,static:0::void::3PP
play.api.libs.functional:Reducer$:public,final:java.lang.Object::apply:public:2:scala.Function1,play.api.libs.functional.Monoid:play.api.libs.functional.Reducer::3PP
play.api.libs.functional:Reducer$:public,final:java.lang.Object::<init>:private:0::void::3PP
play.api.libs.functional:FunctionalCanBuild$:public,final:java.lang.Object::<clinit>:public,static:0::void::3PP
play.api.libs.functional:FunctionalCanBuild$:public,final:java.lang.Object::functionalCanBuildApplicative:public:1:play.api.libs.functional.Applicative:play.api.libs.functional.FunctionalCanBuild::3PP
play.api.libs.functional:FunctionalCanBuild$:public,final:java.lang.Object::<init>:private:0::void::3PP
play.api.libs.functional:FunctionalBuilder$CanBuild14:public:java.lang.Object::$tilde:public:1:java.lang.Object:play.api.libs.functional.FunctionalBuilder$CanBuild15::3PP
play.api.libs.functional:FunctionalBuilder$CanBuild14:public:java.lang.Object::and:public:1:java.lang.Object:play.api.libs.functional.FunctionalBuilder$CanBuild15::3PP
play.api.libs.functional:FunctionalBuilder$CanBuild14:public:java.lang.Object::apply:public:2:scala.Function14,play.api.libs.functional.Functor:java.lang.Object::3PP
play.api.libs.functional:FunctionalBuilder$CanBuild14:public:java.lang.Object::apply:public:2:scala.Function1,play.api.libs.functional.ContravariantFunctor:java.lang.Object::3PP
play.api.libs.functional:FunctionalBuilder$CanBuild14:public:java.lang.Object::apply:public:3:scala.Function14,scala.Function1,play.api.libs.functional.InvariantFunctor:java.lang.Object::3PP
play.api.libs.functional:FunctionalBuilder$CanBuild14:public:java.lang.Object::join:public:15:scala.Predef$$less$colon$less,scala.Predef$$less$colon$less,scala.Predef$$less$colon$less,scala.Predef$$less$colon$less,scala.Predef$$less$colon$less,scala.Predef$$less$colon$less,scala.Predef$$less$colon$less,scala.Predef$$less$colon$less,scala.Predef$$less$colon$less,scala.Predef$$less$colon$less,scala.Predef$$less$colon$less,scala.Predef$$less$colon$less,scala.Predef$$less$colon$less,scala.Predef$$less$colon$less,play.api.libs.functional.ContravariantFunctor:java.lang.Object::3PP
play.api.libs.functional:FunctionalBuilder$CanBuild14:public:java.lang.Object::reduce:public:16:scala.Predef$$less$colon$less,scala.Predef$$less$colon$less,scala.Predef$$less$colon$less,scala.Predef$$less$colon$less,scala.Predef$$less$colon$less,scala.Predef$$less$colon$less,scala.Predef$$less$colon$less,scala.Predef$$less$colon$less,scala.Predef$$less$colon$less,scala.Predef$$less$colon$less,scala.Predef$$less$colon$less,scala.Predef$$less$colon$less,scala.Predef$$less$colon$less,scala.Predef$$less$colon$less,play.api.libs.functional.Functor,play.api.libs.functional.Reducer:java.lang.Object::3PP
play.api.libs.functional:FunctionalBuilder$CanBuild14:public:java.lang.Object::tupled:public:1:play.api.libs.functional.VariantExtractor:java.lang.Object::3PP
play.api.libs.functional:FunctionalBuilder$CanBuild14:public:java.lang.Object::FunctionalBuilder$CanBuild14$$$outer:public:0::play.api.libs.functional.FunctionalBuilder::3PP
play.api.libs.functional:FunctionalBuilder$CanBuild14:public:java.lang.Object::<init>:public:3:play.api.libs.functional.FunctionalBuilder,java.lang.Object,java.lang.Object:void::3PP
play.api.libs.functional:FunctionalBuilder$CanBuild13:public:java.lang.Object::$tilde:public:1:java.lang.Object:play.api.libs.functional.FunctionalBuilder$CanBuild14::3PP
play.api.libs.functional:FunctionalBuilder$CanBuild13:public:java.lang.Object::and:public:1:java.lang.Object:play.api.libs.functional.FunctionalBuilder$CanBuild14::3PP
play.api.libs.functional:FunctionalBuilder$CanBuild13:public:java.lang.Object::apply:public:2:scala.Function13,play.api.libs.functional.Functor:java.lang.Object::3PP
play.api.libs.functional:FunctionalBuilder$CanBuild13:public:java.lang.Object::apply:public:2:scala.Function1,play.api.libs.functional.ContravariantFunctor:java.lang.Object::3PP
play.api.libs.functional:FunctionalBuilder$CanBuild13:public:java.lang.Object::apply:public:3:scala.Function13,scala.Function1,play.api.libs.functional.InvariantFunctor:java.lang.Object::3PP
play.api.libs.functional:FunctionalBuilder$CanBuild13:public:java.lang.Object::join:public:14:scala.Predef$$less$colon$less,scala.Predef$$less$colon$less,scala.Predef$$less$colon$less,scala.Predef$$less$colon$less,scala.Predef$$less$colon$less,scala.Predef$$less$colon$less,scala.Predef$$less$colon$less,scala.Predef$$less$colon$less,scala.Predef$$less$colon$less,scala.Predef$$less$colon$less,scala.Predef$$less$colon$less,scala.Predef$$less$colon$less,scala.Predef$$less$colon$less,play.api.libs.functional.ContravariantFunctor:java.lang.Object::3PP
play.api.libs.functional:FunctionalBuilder$CanBuild13:public:java.lang.Object::reduce:public:15:scala.Predef$$less$colon$less,scala.Predef$$less$colon$less,scala.Predef$$less$colon$less,scala.Predef$$less$colon$less,scala.Predef$$less$colon$less,scala.Predef$$less$colon$less,scala.Predef$$less$colon$less,scala.Predef$$less$colon$less,scala.Predef$$less$colon$less,scala.Predef$$less$colon$less,scala.Predef$$less$colon$less,scala.Predef$$less$colon$less,scala.Predef$$less$colon$less,play.api.libs.functional.Functor,play.api.libs.functional.Reducer:java.lang.Object::3PP
play.api.libs.functional:FunctionalBuilder$CanBuild13:public:java.lang.Object::tupled:public:1:play.api.libs.functional.VariantExtractor:java.lang.Object::3PP
play.api.libs.functional:FunctionalBuilder$CanBuild13:public:java.lang.Object::FunctionalBuilder$CanBuild13$$$outer:public:0::play.api.libs.functional.FunctionalBuilder::3PP
play.api.libs.functional:FunctionalBuilder$CanBuild13:public:java.lang.Object::<init>:public:3:play.api.libs.functional.FunctionalBuilder,java.lang.Object,java.lang.Object:void::3PP
play.api.libs.functional:ApplicativeOps:public:java.lang.Object::$tilde$greater:public:1:java.lang.Object:java.lang.Object::3PP
play.api.libs.functional:ApplicativeOps:public:java.lang.Object::andKeep:public:1:java.lang.Object:java.lang.Object::3PP
play.api.libs.functional:ApplicativeOps:public:java.lang.Object::$less$tilde:public:1:java.lang.Object:java.lang.Object::3PP
play.api.libs.functional:ApplicativeOps:public:java.lang.Object::keepAnd:public:1:java.lang.Object:java.lang.Object::3PP
play.api.libs.functional:ApplicativeOps:public:java.lang.Object::$less$tilde$greater:public:2:java.lang.Object,scala.Predef$$less$colon$less:java.lang.Object::3PP
play.api.libs.functional:ApplicativeOps:public:java.lang.Object::apply:public:2:java.lang.Object,scala.Predef$$less$colon$less:java.lang.Object::3PP
play.api.libs.functional:ApplicativeOps:public:java.lang.Object::<init>:public:2:java.lang.Object,play.api.libs.functional.Applicative:void::3PP
play.api.libs.functional:FunctionalBuilderOps:public:java.lang.Object::$tilde:public:1:java.lang.Object:play.api.libs.functional.FunctionalBuilder$CanBuild2::3PP
play.api.libs.functional:FunctionalBuilderOps:public:java.lang.Object::and:public:1:java.lang.Object:play.api.libs.functional.FunctionalBuilder$CanBuild2::3PP
play.api.libs.functional:FunctionalBuilderOps:public:java.lang.Object::<init>:public:2:java.lang.Object,play.api.libs.functional.FunctionalCanBuild:void::3PP
play.api.libs.functional:FunctionalBuilder$CanBuild15:public:java.lang.Object::$tilde:public:1:java.lang.Object:play.api.libs.functional.FunctionalBuilder$CanBuild16::3PP
play.api.libs.functional:FunctionalBuilder$CanBuild15:public:java.lang.Object::and:public:1:java.lang.Object:play.api.libs.functional.FunctionalBuilder$CanBuild16::3PP
play.api.libs.functional:FunctionalBuilder$CanBuild15:public:java.lang.Object::apply:public:2:scala.Function15,play.api.libs.functional.Functor:java.lang.Object::3PP
play.api.libs.functional:FunctionalBuilder$CanBuild15:public:java.lang.Object::apply:public:2:scala.Function1,play.api.libs.functional.ContravariantFunctor:java.lang.Object::3PP
play.api.libs.functional:FunctionalBuilder$CanBuild15:public:java.lang.Object::apply:public:3:scala.Function15,scala.Function1,play.api.libs.functional.InvariantFunctor:java.lang.Object::3PP
play.api.libs.functional:FunctionalBuilder$CanBuild15:public:java.lang.Object::join:public:16:scala.Predef$$less$colon$less,scala.Predef$$less$colon$less,scala.Predef$$less$colon$less,scala.Predef$$less$colon$less,scala.Predef$$less$colon$less,scala.Predef$$less$colon$less,scala.Predef$$less$colon$less,scala.Predef$$less$colon$less,scala.Predef$$less$colon$less,scala.Predef$$less$colon$less,scala.Predef$$less$colon$less,scala.Predef$$less$colon$less,scala.Predef$$less$colon$less,scala.Predef$$less$colon$less,scala.Predef$$less$colon$less,play.api.libs.functional.ContravariantFunctor:java.lang.Object::3PP
play.api.libs.functional:FunctionalBuilder$CanBuild15:public:java.lang.Object::reduce:public:17:scala.Predef$$less$colon$less,scala.Predef$$less$colon$less,scala.Predef$$less$colon$less,scala.Predef$$less$colon$less,scala.Predef$$less$colon$less,scala.Predef$$less$colon$less,scala.Predef$$less$colon$less,scala.Predef$$less$colon$less,scala.Predef$$less$colon$less,scala.Predef$$less$colon$less,scala.Predef$$less$colon$less,scala.Predef$$less$colon$less,scala.Predef$$less$colon$less,scala.Predef$$less$colon$less,scala.Predef$$less$colon$less,play.api.libs.functional.Functor,play.api.libs.functional.Reducer:java.lang.Object::3PP
play.api.libs.functional:FunctionalBuilder$CanBuild15:public:java.lang.Object::tupled:public:1:play.api.libs.functional.VariantExtractor:java.lang.Object::3PP
play.api.libs.functional:FunctionalBuilder$CanBuild15:public:java.lang.Object::FunctionalBuilder$CanBuild15$$$outer:public:0::play.api.libs.functional.FunctionalBuilder::3PP
play.api.libs.functional:FunctionalBuilder$CanBuild15:public:java.lang.Object::<init>:public:3:play.api.libs.functional.FunctionalBuilder,java.lang.Object,java.lang.Object:void::3PP
play.api.libs.functional:Applicative$:public,final:java.lang.Object::<clinit>:public,static:0::void::3PP
play.api.libs.functional:Applicative$:public,final:java.lang.Object::applicativeOption:public:0::play.api.libs.functional.Applicative::3PP
play.api.libs.functional:Applicative$:public,final:java.lang.Object::<init>:private:0::void::3PP
play.api.libs.functional:FunctionalBuilder$CanBuild3:public:java.lang.Object::$tilde:public:1:java.lang.Object:play.api.libs.functional.FunctionalBuilder$CanBuild4::3PP
play.api.libs.functional:FunctionalBuilder$CanBuild3:public:java.lang.Object::and:public:1:java.lang.Object:play.api.libs.functional.FunctionalBuilder$CanBuild4::3PP
play.api.libs.functional:FunctionalBuilder$CanBuild3:public:java.lang.Object::apply:public:2:scala.Function3,play.api.libs.functional.Functor:java.lang.Object::3PP
play.api.libs.functional:FunctionalBuilder$CanBuild3:public:java.lang.Object::apply:public:2:scala.Function1,play.api.libs.functional.ContravariantFunctor:java.lang.Object::3PP
play.api.libs.functional:FunctionalBuilder$CanBuild3:public:java.lang.Object::apply:public:3:scala.Function3,scala.Function1,play.api.libs.functional.InvariantFunctor:java.lang.Object::3PP
play.api.libs.functional:FunctionalBuilder$CanBuild3:public:java.lang.Object::join:public:4:scala.Predef$$less$colon$less,scala.Predef$$less$colon$less,scala.Predef$$less$colon$less,play.api.libs.functional.ContravariantFunctor:java.lang.Object::3PP
play.api.libs.functional:FunctionalBuilder$CanBuild3:public:java.lang.Object::reduce:public:5:scala.Predef$$less$colon$less,scala.Predef$$less$colon$less,scala.Predef$$less$colon$less,play.api.libs.functional.Functor,play.api.libs.functional.Reducer:java.lang.Object::3PP
play.api.libs.functional:FunctionalBuilder$CanBuild3:public:java.lang.Object::tupled:public:1:play.api.libs.functional.VariantExtractor:java.lang.Object::3PP
play.api.libs.functional:FunctionalBuilder$CanBuild3:public:java.lang.Object::FunctionalBuilder$CanBuild3$$$outer:public:0::play.api.libs.functional.FunctionalBuilder::3PP
play.api.libs.functional:FunctionalBuilder$CanBuild3:public:java.lang.Object::<init>:public:3:play.api.libs.functional.FunctionalBuilder,java.lang.Object,java.lang.Object:void::3PP
play.api.libs.functional:FunctionalBuilder$CanBuild8:public:java.lang.Object::$tilde:public:1:java.lang.Object:play.api.libs.functional.FunctionalBuilder$CanBuild9::3PP
play.api.libs.functional:FunctionalBuilder$CanBuild8:public:java.lang.Object::and:public:1:java.lang.Object:play.api.libs.functional.FunctionalBuilder$CanBuild9::3PP
play.api.libs.functional:FunctionalBuilder$CanBuild8:public:java.lang.Object::apply:public:2:scala.Function8,play.api.libs.functional.Functor:java.lang.Object::3PP
play.api.libs.functional:FunctionalBuilder$CanBuild8:public:java.lang.Object::apply:public:2:scala.Function1,play.api.libs.functional.ContravariantFunctor:java.lang.Object::3PP
play.api.libs.functional:FunctionalBuilder$CanBuild8:public:java.lang.Object::apply:public:3:scala.Function8,scala.Function1,play.api.libs.functional.InvariantFunctor:java.lang.Object::3PP
play.api.libs.functional:FunctionalBuilder$CanBuild8:public:java.lang.Object::join:public:9:scala.Predef$$less$colon$less,scala.Predef$$less$colon$less,scala.Predef$$less$colon$less,scala.Predef$$less$colon$less,scala.Predef$$less$colon$less,scala.Predef$$less$colon$less,scala.Predef$$less$colon$less,scala.Predef$$less$colon$less,play.api.libs.functional.ContravariantFunctor:java.lang.Object::3PP
play.api.libs.functional:FunctionalBuilder$CanBuild8:public:java.lang.Object::reduce:public:10:scala.Predef$$less$colon$less,scala.Predef$$less$colon$less,scala.Predef$$less$colon$less,scala.Predef$$less$colon$less,scala.Predef$$less$colon$less,scala.Predef$$less$colon$less,scala.Predef$$less$colon$less,scala.Predef$$less$colon$less,play.api.libs.functional.Functor,play.api.libs.functional.Reducer:java.lang.Object::3PP
play.api.libs.functional:FunctionalBuilder$CanBuild8:public:java.lang.Object::tupled:public:1:play.api.libs.functional.VariantExtractor:java.lang.Object::3PP
play.api.libs.functional:FunctionalBuilder$CanBuild8:public:java.lang.Object::FunctionalBuilder$CanBuild8$$$outer:public:0::play.api.libs.functional.FunctionalBuilder::3PP
play.api.libs.functional:FunctionalBuilder$CanBuild8:public:java.lang.Object::<init>:public:3:play.api.libs.functional.FunctionalBuilder,java.lang.Object,java.lang.Object:void::3PP
play.api.libs.functional:FunctorOps:public:java.lang.Object::fmap:public:1:scala.Function1:java.lang.Object::3PP
play.api.libs.functional:FunctorOps:public:java.lang.Object::<init>:public:2:java.lang.Object,play.api.libs.functional.Functor:void::3PP
play.api.libs.functional:AlternativeOps:public:java.lang.Object::$bar:public:1:java.lang.Object:java.lang.Object::3PP
play.api.libs.functional:AlternativeOps:public:java.lang.Object::or:public:1:java.lang.Object:java.lang.Object::3PP
play.api.libs.functional:AlternativeOps:public:java.lang.Object::<init>:public:2:java.lang.Object,play.api.libs.functional.Alternative:void::3PP
play.api.libs.functional:MonoidOps:public:java.lang.Object::$bar$plus$bar:public:1:java.lang.Object:java.lang.Object::3PP
play.api.libs.functional:MonoidOps:public:java.lang.Object::<init>:public:2:java.lang.Object,play.api.libs.functional.Monoid:void::3PP
