play.api:PlayException$RichDescription:public,abstract:play.api.PlayException$ExceptionAttachment::<init>:public:3:java.lang.String,java.lang.String,java.lang.Throwable:void::3PP
play.api:PlayException$RichDescription:public,abstract:play.api.PlayException$ExceptionAttachment::<init>:public:2:java.lang.String,java.lang.String:void::3PP
play.api:PlayException$RichDescription:public,abstract:play.api.PlayException$ExceptionAttachment::htmlDescription:public,abstract:0::java.lang.String::3PP
play.api:UsefulException:public,abstract:java.lang.RuntimeException::<init>:public:2:java.lang.String,java.lang.Throwable:void::3PP
play.api:UsefulException:public,abstract:java.lang.RuntimeException::<init>:public:1:java.lang.String:void::3PP
play.api:UsefulException:public,abstract:java.lang.RuntimeException::toString:public:0::java.lang.String::3PP
play.api:PlayException:public:play.api.UsefulException::nextId:private:0::java.lang.String::3PP
play.api:PlayException:public:play.api.UsefulException::<init>:public:3:java.lang.String,java.lang.String,java.lang.Throwable:void::3PP
play.api:PlayException:public:play.api.UsefulException::<init>:public:2:java.lang.String,java.lang.String:void::3PP
play.api:PlayException:public:play.api.UsefulException::access$000:static:0::java.util.regex.Pattern::3PP
play.api:PlayException:public:play.api.UsefulException::<clinit>:static:0::void::3PP
play.api:PlayException$InterestingLines:public:java.lang.Object::<init>:public:3:int,java.lang.String[],int:void::3PP
play.api:PlayException$ExceptionAttachment:public,abstract:play.api.PlayException::<init>:public:3:java.lang.String,java.lang.String,java.lang.Throwable:void::3PP
play.api:PlayException$ExceptionAttachment:public,abstract:play.api.PlayException::<init>:public:2:java.lang.String,java.lang.String:void::3PP
play.api:PlayException$ExceptionAttachment:public,abstract:play.api.PlayException::subTitle:public,abstract:0::java.lang.String::3PP
play.api:PlayException$ExceptionAttachment:public,abstract:play.api.PlayException::content:public,abstract:0::java.lang.String::3PP
play.api:PlayException$ExceptionSource:public,abstract:play.api.PlayException::<init>:public:3:java.lang.String,java.lang.String,java.lang.Throwable:void::3PP
play.api:PlayException$ExceptionSource:public,abstract:play.api.PlayException::<init>:public:2:java.lang.String,java.lang.String:void::3PP
play.api:PlayException$ExceptionSource:public,abstract:play.api.PlayException::line:public,abstract:0::java.lang.Integer::3PP
play.api:PlayException$ExceptionSource:public,abstract:play.api.PlayException::position:public,abstract:0::java.lang.Integer::3PP
play.api:PlayException$ExceptionSource:public,abstract:play.api.PlayException::input:public,abstract:0::java.lang.String::3PP
play.api:PlayException$ExceptionSource:public,abstract:play.api.PlayException::sourceName:public,abstract:0::java.lang.String::3PP
play.api:PlayException$ExceptionSource:public,abstract:play.api.PlayException::interestingLines:public:1:int:play.api.PlayException$InterestingLines::3PP
play.api:PlayException$ExceptionSource:public,abstract:play.api.PlayException::toString:public:0::java.lang.String::3PP
