play.api.libs.ws:XMLBodyWritables$:public,final:java.lang.Object:play.api.libs.ws.XMLBodyWritables:<clinit>:public,static:0::void::3PP
play.api.libs.ws:XMLBodyWritables$:public,final:java.lang.Object:play.api.libs.ws.XMLBodyWritables:writeableOf_NodeSeq:public:0::play.api.libs.ws.BodyWritable::3PP
play.api.libs.ws:XMLBodyWritables$:public,final:java.lang.Object:play.api.libs.ws.XMLBodyWritables:writeableOf_NodeBuffer:public:0::play.api.libs.ws.BodyWritable::3PP
play.api.libs.ws:XMLBodyWritables$:public,final:java.lang.Object:play.api.libs.ws.XMLBodyWritables:writeableOf_Document:public:0::play.api.libs.ws.BodyWritable::3PP
play.api.libs.ws:XMLBodyWritables$:public,final:java.lang.Object:play.api.libs.ws.XMLBodyWritables:XMLBodyWritables$_setter_$writeableOf_NodeBuffer_$eq:public:1:play.api.libs.ws.BodyWritable:void::3PP
play.api.libs.ws:XMLBodyWritables$:public,final:java.lang.Object:play.api.libs.ws.XMLBodyWritables:XMLBodyWritables$_setter_$writeableOf_Document_$eq:public:1:play.api.libs.ws.BodyWritable:void::3PP
play.api.libs.ws:XMLBodyWritables$:public,final:java.lang.Object:play.api.libs.ws.XMLBodyWritables:<init>:private:0::void::3PP
play.api.libs.ws:XML$:public,final:java.lang.Object::<clinit>:public,static:0::void::3PP
play.api.libs.ws:XML$:public,final:java.lang.Object::xercesSaxParserFactory:public:0::javax.xml.parsers.SAXParserFactory::3PP
play.api.libs.ws:XML$:public,final:java.lang.Object::parser:public:0::scala.xml.factory.XMLLoader::3PP
play.api.libs.ws:XML$:public,final:java.lang.Object::<init>:private:0::void::3PP
play.api.libs.ws:XML:public,final:java.lang.Object::parser:public,static:0::scala.xml.factory.XMLLoader::3PP
play.api.libs.ws:XMLBodyReadables$:public,final:java.lang.Object:play.api.libs.ws.XMLBodyReadables:<clinit>:public,static:0::void::3PP
play.api.libs.ws:XMLBodyReadables$:public,final:java.lang.Object:play.api.libs.ws.XMLBodyReadables:readableAsXml:public:0::play.api.libs.ws.BodyReadable::3PP
play.api.libs.ws:XMLBodyReadables$:public,final:java.lang.Object:play.api.libs.ws.XMLBodyReadables:XMLBodyReadables$_setter_$readableAsXml_$eq:public:1:play.api.libs.ws.BodyReadable:void::3PP
play.api.libs.ws:XMLBodyReadables$:public,final:java.lang.Object:play.api.libs.ws.XMLBodyReadables:<init>:private:0::void::3PP
play.libs.ws:XML:public:java.lang.Object::<init>:public:0::void::3PP
play.libs.ws:XML:public:java.lang.Object::fromString:public,static:1:java.lang.String:org.w3c.dom.Document::3PP
play.libs.ws:XML:public:java.lang.Object::fromInputStream:public,static:2:java.io.InputStream,java.lang.String:org.w3c.dom.Document::3PP
play.libs.ws:XML:public:java.lang.Object::fromInputSource:public,static:1:org.xml.sax.InputSource:org.w3c.dom.Document::3PP
play.libs.ws:XML:public:java.lang.Object::toBytes:public,static:1:org.w3c.dom.Document:akka.util.ByteString::3PP
play.api.libs.ws:XMLBodyReadables:public,abstract,interface:::XMLBodyReadables$_setter_$readableAsXml_$eq:public,abstract:1:play.api.libs.ws.BodyReadable:void::3PP
play.api.libs.ws:XMLBodyReadables:public,abstract,interface:::readableAsXml:public,abstract:0::play.api.libs.ws.BodyReadable::3PP
play.api.libs.ws:XMLBodyReadables:public,abstract,interface:::$anonfun$readableAsXml$1:public,static:1:play.api.libs.ws.StandaloneWSResponse:scala.xml.Elem::3PP
play.api.libs.ws:XMLBodyReadables:public,abstract,interface:::$init$:public,static:1:play.api.libs.ws.XMLBodyReadables:void::3PP
play.api.libs.ws:XMLBodyReadables:public,abstract,interface:::$deserializeLambda$:private,static:1:java.lang.invoke.SerializedLambda:java.lang.Object::3PP
play.libs.ws:XMLBodyReadables:public,abstract,interface:::xml:public:0::play.libs.ws.BodyReadable::3PP
play.libs.ws:XMLBodyReadables:public,abstract,interface:::lambda$xml$0:private,static:1:play.libs.ws.StandaloneWSResponse:org.w3c.dom.Document::3PP
play.api.libs.ws:XMLBodyWritables:public,abstract,interface:::XMLBodyWritables$_setter_$writeableOf_NodeBuffer_$eq:public,abstract:1:play.api.libs.ws.BodyWritable:void::3PP
play.api.libs.ws:XMLBodyWritables:public,abstract,interface:::XMLBodyWritables$_setter_$writeableOf_Document_$eq:public,abstract:1:play.api.libs.ws.BodyWritable:void::3PP
play.api.libs.ws:XMLBodyWritables:public,abstract,interface:::writeableOf_NodeSeq$:public,static:1:play.api.libs.ws.XMLBodyWritables:play.api.libs.ws.BodyWritable::3PP
play.api.libs.ws:XMLBodyWritables:public,abstract,interface:::writeableOf_NodeSeq:public:0::play.api.libs.ws.BodyWritable::3PP
play.api.libs.ws:XMLBodyWritables:public,abstract,interface:::writeableOf_NodeBuffer:public,abstract:0::play.api.libs.ws.BodyWritable::3PP
play.api.libs.ws:XMLBodyWritables:public,abstract,interface:::writeableOf_Document:public,abstract:0::play.api.libs.ws.BodyWritable::3PP
play.api.libs.ws:XMLBodyWritables:public,abstract,interface:::$anonfun$writeableOf_NodeSeq$1:public,static:1:scala.xml.NodeSeq:play.api.libs.ws.InMemoryBody::3PP
play.api.libs.ws:XMLBodyWritables:public,abstract,interface:::$anonfun$writeableOf_NodeBuffer$1:public,static:1:scala.xml.NodeBuffer:play.api.libs.ws.InMemoryBody::3PP
play.api.libs.ws:XMLBodyWritables:public,abstract,interface:::$anonfun$writeableOf_Document$1:public,static:1:org.w3c.dom.Document:play.api.libs.ws.InMemoryBody::3PP
play.api.libs.ws:XMLBodyWritables:public,abstract,interface:::$init$:public,static:1:play.api.libs.ws.XMLBodyWritables:void::3PP
play.api.libs.ws:XMLBodyWritables:public,abstract,interface:::$deserializeLambda$:private,static:1:java.lang.invoke.SerializedLambda:java.lang.Object::3PP
play.libs.ws:XML$Constants:public:java.lang.Object::<init>:public:0::void::3PP
play.libs.ws:XMLBodyWritables:public,abstract,interface:::body:public:1:org.w3c.dom.Document:play.libs.ws.BodyWritable::3PP
