play.twirl.api:MimeTypes$:public,final:java.lang.Object::<clinit>:public,static:0::void::3PP
play.twirl.api:MimeTypes$:public,final:java.lang.Object::TEXT:public:0::java.lang.String::3PP
play.twirl.api:MimeTypes$:public,final:java.lang.Object::HTML:public:0::java.lang.String::3PP
play.twirl.api:MimeTypes$:public,final:java.lang.Object::XML:public:0::java.lang.String::3PP
play.twirl.api:MimeTypes$:public,final:java.lang.Object::JAVASCRIPT:public:0::java.lang.String::3PP
play.twirl.api:MimeTypes$:public,final:java.lang.Object::<init>:private:0::void::3PP
play.twirl.api:BaseScalaTemplate$:public,final:java.lang.Object:scala.Serializable:<clinit>:public,static:0::void::3PP
play.twirl.api:BaseScalaTemplate$:public,final:java.lang.Object:scala.Serializable:toString:public,final:0::java.lang.String::3PP
play.twirl.api:BaseScalaTemplate$:public,final:java.lang.Object:scala.Serializable:apply:public:1:play.twirl.api.Format:play.twirl.api.BaseScalaTemplate::3PP
play.twirl.api:BaseScalaTemplate$:public,final:java.lang.Object:scala.Serializable:unapply:public:1:play.twirl.api.BaseScalaTemplate:scala.Option::3PP
play.twirl.api:BaseScalaTemplate$:public,final:java.lang.Object:scala.Serializable:readResolve:private:0::java.lang.Object::3PP
play.twirl.api:BaseScalaTemplate$:public,final:java.lang.Object:scala.Serializable:<init>:private:0::void::3PP
play.twirl.api:Xml$:public,final:java.lang.Object::<clinit>:public,static:0::void::3PP
play.twirl.api:Xml$:public,final:java.lang.Object::apply:public:1:java.lang.String:play.twirl.api.Xml::3PP
play.twirl.api:Xml$:public,final:java.lang.Object::<init>:private:0::void::3PP
play.twirl.api:TwirlHelperImports$:public,final:java.lang.Object::<clinit>:public,static:0::void::3PP
play.twirl.api:TwirlHelperImports$:public,final:java.lang.Object::twirlJavaCollectionToScala:public:1:java.lang.Iterable:scala.collection.Iterable::3PP
play.twirl.api:TwirlHelperImports$:public,final:java.lang.Object::TwirlRichDate:public:1:java.util.Date:play.twirl.api.TwirlHelperImports$TwirlRichDate::3PP
play.twirl.api:TwirlHelperImports$:public,final:java.lang.Object::TwirlRichString:public:1:java.lang.String:play.twirl.api.TwirlHelperImports$TwirlRichString::3PP
play.twirl.api:TwirlHelperImports$:public,final:java.lang.Object::<init>:private:0::void::3PP
play.twirl.api:Formats$:public,final:java.lang.Object::<clinit>:public,static:0::void::3PP
play.twirl.api:Formats$:public,final:java.lang.Object::safe:public:1:java.lang.String:java.lang.String::3PP
play.twirl.api:Formats$:public,final:java.lang.Object::<init>:private:0::void::3PP
play.twirl.api:Html:public:play.twirl.api.BufferedContent::apply:public,static:1:java.lang.String:play.twirl.api.Html::3PP
play.twirl.api:Html:public:play.twirl.api.BufferedContent::buildString:public:1:scala.collection.mutable.StringBuilder:void::3PP
play.twirl.api:Html:public:play.twirl.api.BufferedContent::contentType:public:0::java.lang.String::3PP
play.twirl.api:Html:public:play.twirl.api.BufferedContent::$anonfun$buildString$1:public,static,final:2:scala.collection.mutable.StringBuilder,play.twirl.api.Html:void::3PP
play.twirl.api:Html:public:play.twirl.api.BufferedContent::<init>:public:3:scala.collection.immutable.Seq,java.lang.String,boolean:void::3PP
play.twirl.api:Html:public:play.twirl.api.BufferedContent::<init>:public:1:java.lang.String:void::3PP
play.twirl.api:Html:public:play.twirl.api.BufferedContent::<init>:public:1:scala.collection.immutable.Seq:void::3PP
play.twirl.api:Html:public:play.twirl.api.BufferedContent::$anonfun$buildString$1$adapted:public,static,final:2:scala.collection.mutable.StringBuilder,play.twirl.api.Html:java.lang.Object::3PP
play.twirl.api:Html:public:play.twirl.api.BufferedContent::$deserializeLambda$:private,static:1:java.lang.invoke.SerializedLambda:java.lang.Object::3PP
play.twirl.api:Html$:public,final:java.lang.Object::<clinit>:public,static:0::void::3PP
play.twirl.api:Html$:public,final:java.lang.Object::apply:public:1:java.lang.String:play.twirl.api.Html::3PP
play.twirl.api:Html$:public,final:java.lang.Object::<init>:private:0::void::3PP
play.twirl.api:BaseScalaTemplate:public:java.lang.Object:scala.Product,scala.Serializable:unapply:public,static:1:play.twirl.api.BaseScalaTemplate:scala.Option::3PP
play.twirl.api:BaseScalaTemplate:public:java.lang.Object:scala.Product,scala.Serializable:apply:public,static:1:play.twirl.api.Format:play.twirl.api.BaseScalaTemplate::3PP
play.twirl.api:BaseScalaTemplate:public:java.lang.Object:scala.Product,scala.Serializable:format:public:0::play.twirl.api.Format::3PP
play.twirl.api:BaseScalaTemplate:public:java.lang.Object:scala.Product,scala.Serializable:_display_:public:1:java.lang.Object:play.twirl.api.Appendable::3PP
play.twirl.api:BaseScalaTemplate:public:java.lang.Object:scala.Product,scala.Serializable:_display_:public:1:java.lang.String:play.twirl.api.Appendable::3PP
play.twirl.api:BaseScalaTemplate:public:java.lang.Object:scala.Product,scala.Serializable:_display_:public:1:scala.runtime.BoxedUnit:play.twirl.api.Appendable::3PP
play.twirl.api:BaseScalaTemplate:public:java.lang.Object:scala.Product,scala.Serializable:_display_:public:1:scala.xml.NodeSeq:play.twirl.api.Appendable::3PP
play.twirl.api:BaseScalaTemplate:public:java.lang.Object:scala.Product,scala.Serializable:_display_:public:1:play.twirl.api.Appendable:play.twirl.api.Appendable::3PP
play.twirl.api:BaseScalaTemplate:public:java.lang.Object:scala.Product,scala.Serializable:_display_:public:2:java.lang.Object,scala.reflect.ClassTag:play.twirl.api.Appendable::3PP
play.twirl.api:BaseScalaTemplate:public:java.lang.Object:scala.Product,scala.Serializable:copy:public:1:play.twirl.api.Format:play.twirl.api.BaseScalaTemplate::3PP
play.twirl.api:BaseScalaTemplate:public:java.lang.Object:scala.Product,scala.Serializable:copy$default$1:public:0::play.twirl.api.Format::3PP
play.twirl.api:BaseScalaTemplate:public:java.lang.Object:scala.Product,scala.Serializable:productPrefix:public:0::java.lang.String::3PP
play.twirl.api:BaseScalaTemplate:public:java.lang.Object:scala.Product,scala.Serializable:productArity:public:0::int::3PP
play.twirl.api:BaseScalaTemplate:public:java.lang.Object:scala.Product,scala.Serializable:productElement:public:1:int:java.lang.Object::3PP
play.twirl.api:BaseScalaTemplate:public:java.lang.Object:scala.Product,scala.Serializable:productIterator:public:0::scala.collection.Iterator::3PP
play.twirl.api:BaseScalaTemplate:public:java.lang.Object:scala.Product,scala.Serializable:canEqual:public:1:java.lang.Object:boolean::3PP
play.twirl.api:BaseScalaTemplate:public:java.lang.Object:scala.Product,scala.Serializable:hashCode:public:0::int::3PP
play.twirl.api:BaseScalaTemplate:public:java.lang.Object:scala.Product,scala.Serializable:toString:public:0::java.lang.String::3PP
play.twirl.api:BaseScalaTemplate:public:java.lang.Object:scala.Product,scala.Serializable:equals:public:1:java.lang.Object:boolean::3PP
play.twirl.api:BaseScalaTemplate:public:java.lang.Object:scala.Product,scala.Serializable:$anonfun$_display_$1:public,static,final:3:play.twirl.api.BaseScalaTemplate,scala.reflect.ClassTag,java.lang.Object:play.twirl.api.Appendable::3PP
play.twirl.api:BaseScalaTemplate:public:java.lang.Object:scala.Product,scala.Serializable:$anonfun$_display_$2:public,static,final:3:play.twirl.api.BaseScalaTemplate,scala.reflect.ClassTag,java.lang.Object:play.twirl.api.Appendable::3PP
play.twirl.api:BaseScalaTemplate:public:java.lang.Object:scala.Product,scala.Serializable:$anonfun$_display_$3:public,static,final:3:play.twirl.api.BaseScalaTemplate,scala.reflect.ClassTag,java.lang.Object:play.twirl.api.Appendable::3PP
play.twirl.api:BaseScalaTemplate:public:java.lang.Object:scala.Product,scala.Serializable:<init>:public:1:play.twirl.api.Format:void::3PP
play.twirl.api:BaseScalaTemplate:public:java.lang.Object:scala.Product,scala.Serializable:$deserializeLambda$:private,static:1:java.lang.invoke.SerializedLambda:java.lang.Object::3PP
play.twirl.api:Template14:public,abstract,interface:::render:public,abstract:14:java.lang.Object,java.lang.Object,java.lang.Object,java.lang.Object,java.lang.Object,java.lang.Object,java.lang.Object,java.lang.Object,java.lang.Object,java.lang.Object,java.lang.Object,java.lang.Object,java.lang.Object,java.lang.Object:java.lang.Object::3PP
play.twirl.api:Template9:public,abstract,interface:::render:public,abstract:9:java.lang.Object,java.lang.Object,java.lang.Object,java.lang.Object,java.lang.Object,java.lang.Object,java.lang.Object,java.lang.Object,java.lang.Object:java.lang.Object::3PP
play.twirl.api:Template13:public,abstract,interface:::render:public,abstract:13:java.lang.Object,java.lang.Object,java.lang.Object,java.lang.Object,java.lang.Object,java.lang.Object,java.lang.Object,java.lang.Object,java.lang.Object,java.lang.Object,java.lang.Object,java.lang.Object,java.lang.Object:java.lang.Object::3PP
play.twirl.api:JavaScript$:public,final:java.lang.Object::<clinit>:public,static:0::void::3PP
play.twirl.api:JavaScript$:public,final:java.lang.Object::apply:public:1:java.lang.String:play.twirl.api.JavaScript::3PP
play.twirl.api:JavaScript$:public,final:java.lang.Object::<init>:private:0::void::3PP
play.twirl.api:JavaScriptFormat:public,final:java.lang.Object::fill:public,static:1:scala.collection.immutable.Seq:play.twirl.api.JavaScript::3PP
play.twirl.api:JavaScriptFormat:public,final:java.lang.Object::empty:public,static:0::play.twirl.api.JavaScript::3PP
play.twirl.api:JavaScriptFormat:public,final:java.lang.Object::escape:public,static:1:java.lang.String:play.twirl.api.JavaScript::3PP
play.twirl.api:JavaScriptFormat:public,final:java.lang.Object::raw:public,static:1:java.lang.String:play.twirl.api.JavaScript::3PP
play.twirl.api:XmlFormat$:public,final:java.lang.Object:play.twirl.api.Format:<clinit>:public,static:0::void::3PP
play.twirl.api:XmlFormat$:public,final:java.lang.Object:play.twirl.api.Format:raw:public:1:java.lang.String:play.twirl.api.Xml::3PP
play.twirl.api:XmlFormat$:public,final:java.lang.Object:play.twirl.api.Format:escape:public:1:java.lang.String:play.twirl.api.Xml::3PP
play.twirl.api:XmlFormat$:public,final:java.lang.Object:play.twirl.api.Format:empty:public:0::play.twirl.api.Xml::3PP
play.twirl.api:XmlFormat$:public,final:java.lang.Object:play.twirl.api.Format:fill:public:1:scala.collection.immutable.Seq:play.twirl.api.Xml::3PP
play.twirl.api:XmlFormat$:public,final:java.lang.Object:play.twirl.api.Format:fill:public,volatile:1:scala.collection.immutable.Seq:play.twirl.api.Appendable::3PP
play.twirl.api:XmlFormat$:public,final:java.lang.Object:play.twirl.api.Format:empty:public,volatile:0::play.twirl.api.Appendable::3PP
play.twirl.api:XmlFormat$:public,final:java.lang.Object:play.twirl.api.Format:escape:public,volatile:1:java.lang.String:play.twirl.api.Appendable::3PP
play.twirl.api:XmlFormat$:public,final:java.lang.Object:play.twirl.api.Format:raw:public,volatile:1:java.lang.String:play.twirl.api.Appendable::3PP
play.twirl.api:XmlFormat$:public,final:java.lang.Object:play.twirl.api.Format:<init>:private:0::void::3PP
play.twirl.api:BaseScalaTemplate$$anonfun$_display_$2:public,final:scala.runtime.AbstractFunction1:scala.Serializable:apply:public,final:1:java.lang.Object:play.twirl.api.Appendable::3PP
play.twirl.api:BaseScalaTemplate$$anonfun$_display_$2:public,final:scala.runtime.AbstractFunction1:scala.Serializable:apply:public,final,volatile:1:java.lang.Object:java.lang.Object::3PP
play.twirl.api:BaseScalaTemplate$$anonfun$_display_$2:public,final:scala.runtime.AbstractFunction1:scala.Serializable:<init>:public:2:play.twirl.api.BaseScalaTemplate,scala.reflect.ClassTag:void::3PP
play.twirl.api:TemplateMagic:public,final:java.lang.Object::richString:public,static:1:java.lang.String:play.twirl.api.TemplateMagic$RichString::3PP
play.twirl.api:TemplateMagic:public,final:java.lang.Object::richDate:public,static:1:java.util.Date:play.twirl.api.TemplateMagic$RichDate::3PP
play.twirl.api:TemplateMagic:public,final:java.lang.Object::anyToDefault:public,static:1:java.lang.Object:play.twirl.api.TemplateMagic$Default::3PP
play.twirl.api:TemplateMagic:public,final:java.lang.Object::javaCollectionToScala:public,static:1:java.lang.Iterable:scala.collection.Iterable::3PP
play.twirl.api:TemplateMagic:public,final:java.lang.Object::stringToBoolean:public,static:1:java.lang.String:boolean::3PP
play.twirl.api:TemplateMagic:public,final:java.lang.Object::optionToBoolean:public,static:1:scala.Option:boolean::3PP
play.twirl.api:TemplateMagic:public,final:java.lang.Object::iterableToBoolean:public,static:1:scala.collection.Iterable:boolean::3PP
play.twirl.api:TemplateMagic:public,final:java.lang.Object::using:public,static:1:java.lang.Object:java.lang.Object::3PP
play.twirl.api:TemplateMagic:public,final:java.lang.Object::defining:public,static:2:java.lang.Object,scala.Function1:java.lang.Object::3PP
play.twirl.api:Template10:public,abstract,interface:::render:public,abstract:10:java.lang.Object,java.lang.Object,java.lang.Object,java.lang.Object,java.lang.Object,java.lang.Object,java.lang.Object,java.lang.Object,java.lang.Object,java.lang.Object:java.lang.Object::3PP
play.twirl.api:Template12:public,abstract,interface:::render:public,abstract:12:java.lang.Object,java.lang.Object,java.lang.Object,java.lang.Object,java.lang.Object,java.lang.Object,java.lang.Object,java.lang.Object,java.lang.Object,java.lang.Object,java.lang.Object,java.lang.Object:java.lang.Object::3PP
play.twirl.api:TemplateMagic$RichDate:public:java.lang.Object::format:public:1:java.lang.String:java.lang.String::3PP
play.twirl.api:TemplateMagic$RichDate:public:java.lang.Object::<init>:public:1:java.util.Date:void::3PP
play.twirl.api:Txt:public:play.twirl.api.BufferedContent::apply:public,static:1:java.lang.String:play.twirl.api.Txt::3PP
play.twirl.api:Txt:public:play.twirl.api.BufferedContent::contentType:public:0::java.lang.String::3PP
play.twirl.api:Txt:public:play.twirl.api.BufferedContent::<init>:private:2:scala.collection.immutable.Seq,java.lang.String:void::3PP
play.twirl.api:Txt:public:play.twirl.api.BufferedContent::<init>:public:1:java.lang.String:void::3PP
play.twirl.api:Txt:public:play.twirl.api.BufferedContent::<init>:public:1:scala.collection.immutable.Seq:void::3PP
play.twirl.api:Template19:public,abstract,interface:::render:public,abstract:19:java.lang.Object,java.lang.Object,java.lang.Object,java.lang.Object,java.lang.Object,java.lang.Object,java.lang.Object,java.lang.Object,java.lang.Object,java.lang.Object,java.lang.Object,java.lang.Object,java.lang.Object,java.lang.Object,java.lang.Object,java.lang.Object,java.lang.Object,java.lang.Object,java.lang.Object:java.lang.Object::3PP
play.twirl.api:TemplateMagic$Default$:public:scala.runtime.AbstractFunction1:scala.Serializable:<clinit>:public,static:0::void::3PP
play.twirl.api:TemplateMagic$Default$:public:scala.runtime.AbstractFunction1:scala.Serializable:toString:public,final:0::java.lang.String::3PP
play.twirl.api:TemplateMagic$Default$:public:scala.runtime.AbstractFunction1:scala.Serializable:apply:public:1:java.lang.Object:play.twirl.api.TemplateMagic$Default::3PP
play.twirl.api:TemplateMagic$Default$:public:scala.runtime.AbstractFunction1:scala.Serializable:unapply:public:1:play.twirl.api.TemplateMagic$Default:scala.Option::3PP
play.twirl.api:TemplateMagic$Default$:public:scala.runtime.AbstractFunction1:scala.Serializable:readResolve:private:0::java.lang.Object::3PP
play.twirl.api:TemplateMagic$Default$:public:scala.runtime.AbstractFunction1:scala.Serializable:apply:public,volatile:1:java.lang.Object:java.lang.Object::3PP
play.twirl.api:TemplateMagic$Default$:public:scala.runtime.AbstractFunction1:scala.Serializable:<init>:public:0::void::3PP
play.twirl.api:Content:public,abstract,interface:::body:public,abstract:0::java.lang.String::3PP
play.twirl.api:Content:public,abstract,interface:::contentType:public,abstract:0::java.lang.String::3PP
play.twirl.api:Template5:public,abstract,interface:::render:public,abstract:5:java.lang.Object,java.lang.Object,java.lang.Object,java.lang.Object,java.lang.Object:java.lang.Object::3PP
play.twirl.api:Template8:public,abstract,interface:::render:public,abstract:8:java.lang.Object,java.lang.Object,java.lang.Object,java.lang.Object,java.lang.Object,java.lang.Object,java.lang.Object,java.lang.Object:java.lang.Object::3PP
play.twirl.api:BaseScalaTemplate$$anonfun$_display_$1:public,final:scala.runtime.AbstractFunction1:scala.Serializable:apply:public,final:1:java.lang.Object:play.twirl.api.Appendable::3PP
play.twirl.api:BaseScalaTemplate$$anonfun$_display_$1:public,final:scala.runtime.AbstractFunction1:scala.Serializable:apply:public,final,volatile:1:java.lang.Object:java.lang.Object::3PP
play.twirl.api:BaseScalaTemplate$$anonfun$_display_$1:public,final:scala.runtime.AbstractFunction1:scala.Serializable:<init>:public:2:play.twirl.api.BaseScalaTemplate,scala.reflect.ClassTag:void::3PP
play.twirl.api:Template7:public,abstract,interface:::render:public,abstract:7:java.lang.Object,java.lang.Object,java.lang.Object,java.lang.Object,java.lang.Object,java.lang.Object,java.lang.Object:java.lang.Object::3PP
play.twirl.api:Template15:public,abstract,interface:::render:public,abstract:15:java.lang.Object,java.lang.Object,java.lang.Object,java.lang.Object,java.lang.Object,java.lang.Object,java.lang.Object,java.lang.Object,java.lang.Object,java.lang.Object,java.lang.Object,java.lang.Object,java.lang.Object,java.lang.Object,java.lang.Object:java.lang.Object::3PP
play.twirl.api:XmlFormat:public,final:java.lang.Object::fill:public,static:1:scala.collection.immutable.Seq:play.twirl.api.Xml::3PP
play.twirl.api:XmlFormat:public,final:java.lang.Object::empty:public,static:0::play.twirl.api.Xml::3PP
play.twirl.api:XmlFormat:public,final:java.lang.Object::escape:public,static:1:java.lang.String:play.twirl.api.Xml::3PP
play.twirl.api:XmlFormat:public,final:java.lang.Object::raw:public,static:1:java.lang.String:play.twirl.api.Xml::3PP
play.twirl.api.utils:StringEscapeUtils:public,final:java.lang.Object::escapeXml11:public,static:1:java.lang.String:java.lang.String::3PP
play.twirl.api.utils:StringEscapeUtils:public,final:java.lang.Object::escapeEcmaScript:public,static:1:java.lang.String:java.lang.String::3PP
play.twirl.api:Template3:public,abstract,interface:::render:public,abstract:3:java.lang.Object,java.lang.Object,java.lang.Object:java.lang.Object::3PP
play.twirl.api:HtmlFormat:public,final:java.lang.Object::fill:public,static:1:scala.collection.immutable.Seq:play.twirl.api.Html::3PP
play.twirl.api:HtmlFormat:public,final:java.lang.Object::empty:public,static:0::play.twirl.api.Html::3PP
play.twirl.api:HtmlFormat:public,final:java.lang.Object::escape:public,static:1:java.lang.String:play.twirl.api.Html::3PP
play.twirl.api:HtmlFormat:public,final:java.lang.Object::raw:public,static:1:java.lang.String:play.twirl.api.Html::3PP
play.twirl.api:TwirlHelperImports:public,final:java.lang.Object::TwirlRichString:public,static:1:java.lang.String:play.twirl.api.TwirlHelperImports$TwirlRichString::3PP
play.twirl.api:TwirlHelperImports:public,final:java.lang.Object::TwirlRichDate:public,static:1:java.util.Date:play.twirl.api.TwirlHelperImports$TwirlRichDate::3PP
play.twirl.api:TwirlHelperImports:public,final:java.lang.Object::twirlJavaCollectionToScala:public,static:1:java.lang.Iterable:scala.collection.Iterable::3PP
play.twirl.api:Html$$anonfun$buildString$1:public,final:scala.runtime.AbstractFunction1:scala.Serializable:apply:public,final:1:play.twirl.api.Html:void::3PP
play.twirl.api:Html$$anonfun$buildString$1:public,final:scala.runtime.AbstractFunction1:scala.Serializable:apply:public,final,volatile:1:java.lang.Object:java.lang.Object::3PP
play.twirl.api:Html$$anonfun$buildString$1:public,final:scala.runtime.AbstractFunction1:scala.Serializable:<init>:public:2:play.twirl.api.Html,scala.collection.mutable.StringBuilder:void::3PP
play.twirl.api:Xml:public:play.twirl.api.BufferedContent::apply:public,static:1:java.lang.String:play.twirl.api.Xml::3PP
play.twirl.api:Xml:public:play.twirl.api.BufferedContent::contentType:public:0::java.lang.String::3PP
play.twirl.api:Xml:public:play.twirl.api.BufferedContent::<init>:private:2:scala.collection.immutable.Seq,java.lang.String:void::3PP
play.twirl.api:Xml:public:play.twirl.api.BufferedContent::<init>:public:1:java.lang.String:void::3PP
play.twirl.api:Xml:public:play.twirl.api.BufferedContent::<init>:public:1:scala.collection.immutable.Seq:void::3PP
play.twirl.api:package$:public,final:java.lang.Object::<clinit>:public,static:0::void::3PP
play.twirl.api:package$:public,final:java.lang.Object::StringInterpolation:public:1:scala.StringContext:scala.StringContext::3PP
play.twirl.api:package$:public,final:java.lang.Object::<init>:private:0::void::3PP
play.twirl.api:package$StringInterpolation$:public:java.lang.Object::<clinit>:public,static:0::void::3PP
play.twirl.api:package$StringInterpolation$:public:java.lang.Object::html$extension:public,final:2:scala.StringContext,scala.collection.Seq:play.twirl.api.Html::3PP
play.twirl.api:package$StringInterpolation$:public:java.lang.Object::xml$extension:public,final:2:scala.StringContext,scala.collection.Seq:play.twirl.api.Xml::3PP
play.twirl.api:package$StringInterpolation$:public:java.lang.Object::js$extension:public,final:2:scala.StringContext,scala.collection.Seq:play.twirl.api.JavaScript::3PP
play.twirl.api:package$StringInterpolation$:public:java.lang.Object::interpolate$extension:public,final:4:scala.StringContext,scala.collection.Seq,play.twirl.api.Format,scala.reflect.ClassTag:play.twirl.api.Appendable::3PP
play.twirl.api:package$StringInterpolation$:public:java.lang.Object::hashCode$extension:public,final:1:scala.StringContext:int::3PP
play.twirl.api:package$StringInterpolation$:public:java.lang.Object::equals$extension:public,final:2:scala.StringContext,java.lang.Object:boolean::3PP
play.twirl.api:package$StringInterpolation$:public:java.lang.Object::<init>:public:0::void::3PP
play.twirl.api:TxtFormat$:public,final:java.lang.Object:play.twirl.api.Format:<clinit>:public,static:0::void::3PP
play.twirl.api:TxtFormat$:public,final:java.lang.Object:play.twirl.api.Format:raw:public:1:java.lang.String:play.twirl.api.Txt::3PP
play.twirl.api:TxtFormat$:public,final:java.lang.Object:play.twirl.api.Format:escape:public:1:java.lang.String:play.twirl.api.Txt::3PP
play.twirl.api:TxtFormat$:public,final:java.lang.Object:play.twirl.api.Format:empty:public:0::play.twirl.api.Txt::3PP
play.twirl.api:TxtFormat$:public,final:java.lang.Object:play.twirl.api.Format:fill:public:1:scala.collection.immutable.Seq:play.twirl.api.Txt::3PP
play.twirl.api:TxtFormat$:public,final:java.lang.Object:play.twirl.api.Format:fill:public,volatile:1:scala.collection.immutable.Seq:play.twirl.api.Appendable::3PP
play.twirl.api:TxtFormat$:public,final:java.lang.Object:play.twirl.api.Format:empty:public,volatile:0::play.twirl.api.Appendable::3PP
play.twirl.api:TxtFormat$:public,final:java.lang.Object:play.twirl.api.Format:escape:public,volatile:1:java.lang.String:play.twirl.api.Appendable::3PP
play.twirl.api:TxtFormat$:public,final:java.lang.Object:play.twirl.api.Format:raw:public,volatile:1:java.lang.String:play.twirl.api.Appendable::3PP
play.twirl.api:TxtFormat$:public,final:java.lang.Object:play.twirl.api.Format:<init>:private:0::void::3PP
play.twirl.api:Template18:public,abstract,interface:::render:public,abstract:18:java.lang.Object,java.lang.Object,java.lang.Object,java.lang.Object,java.lang.Object,java.lang.Object,java.lang.Object,java.lang.Object,java.lang.Object,java.lang.Object,java.lang.Object,java.lang.Object,java.lang.Object,java.lang.Object,java.lang.Object,java.lang.Object,java.lang.Object,java.lang.Object:java.lang.Object::3PP
play.twirl.api:Template6:public,abstract,interface:::render:public,abstract:6:java.lang.Object,java.lang.Object,java.lang.Object,java.lang.Object,java.lang.Object,java.lang.Object:java.lang.Object::3PP
play.twirl.api:Template20:public,abstract,interface:::render:public,abstract:20:java.lang.Object,java.lang.Object,java.lang.Object,java.lang.Object,java.lang.Object,java.lang.Object,java.lang.Object,java.lang.Object,java.lang.Object,java.lang.Object,java.lang.Object,java.lang.Object,java.lang.Object,java.lang.Object,java.lang.Object,java.lang.Object,java.lang.Object,java.lang.Object,java.lang.Object,java.lang.Object:java.lang.Object::3PP
play.twirl.api:Template4:public,abstract,interface:::render:public,abstract:4:java.lang.Object,java.lang.Object,java.lang.Object,java.lang.Object:java.lang.Object::3PP
play.twirl.api:package:public,final:java.lang.Object::StringInterpolation:public,static:1:scala.StringContext:scala.StringContext::3PP
play.twirl.api:MimeTypes:public,final:java.lang.Object::JAVASCRIPT:public,static:0::java.lang.String::3PP
play.twirl.api:MimeTypes:public,final:java.lang.Object::XML:public,static:0::java.lang.String::3PP
play.twirl.api:MimeTypes:public,final:java.lang.Object::HTML:public,static:0::java.lang.String::3PP
play.twirl.api:MimeTypes:public,final:java.lang.Object::TEXT:public,static:0::java.lang.String::3PP
play.twirl.api:TwirlHelperImports$TwirlRichString:public:java.lang.Object::when:public:1:scala.Function0:java.lang.String::3PP
play.twirl.api:TwirlHelperImports$TwirlRichString:public:java.lang.Object::<init>:public:1:java.lang.String:void::3PP
play.twirl.api:Template2:public,abstract,interface:::render:public,abstract:2:java.lang.Object,java.lang.Object:java.lang.Object::3PP
play.twirl.api:TemplateMagic$RichString:public:java.lang.Object::when:public:1:scala.Function0:java.lang.String::3PP
play.twirl.api:TemplateMagic$RichString:public:java.lang.Object::<init>:public:1:java.lang.String:void::3PP
play.twirl.api:Template1:public,abstract,interface:::render:public,abstract:1:java.lang.Object:java.lang.Object::3PP
play.twirl.api:JavaScript:public:play.twirl.api.BufferedContent::apply:public,static:1:java.lang.String:play.twirl.api.JavaScript::3PP
play.twirl.api:JavaScript:public:play.twirl.api.BufferedContent::contentType:public:0::java.lang.String::3PP
play.twirl.api:JavaScript:public:play.twirl.api.BufferedContent::<init>:private:2:scala.collection.immutable.Seq,java.lang.String:void::3PP
play.twirl.api:JavaScript:public:play.twirl.api.BufferedContent::<init>:public:1:java.lang.String:void::3PP
play.twirl.api:JavaScript:public:play.twirl.api.BufferedContent::<init>:public:1:scala.collection.immutable.Seq:void::3PP
play.twirl.api:BaseScalaTemplate$$anonfun$_display_$3:public,final:scala.runtime.AbstractFunction1:scala.Serializable:apply:public,final:1:java.lang.Object:play.twirl.api.Appendable::3PP
play.twirl.api:BaseScalaTemplate$$anonfun$_display_$3:public,final:scala.runtime.AbstractFunction1:scala.Serializable:apply:public,final,volatile:1:java.lang.Object:java.lang.Object::3PP
play.twirl.api:BaseScalaTemplate$$anonfun$_display_$3:public,final:scala.runtime.AbstractFunction1:scala.Serializable:<init>:public:2:play.twirl.api.BaseScalaTemplate,scala.reflect.ClassTag:void::3PP
play.twirl.api:JavaScriptFormat$:public,final:java.lang.Object:play.twirl.api.Format:<clinit>:public,static:0::void::3PP
play.twirl.api:JavaScriptFormat$:public,final:java.lang.Object:play.twirl.api.Format:raw:public:1:java.lang.String:play.twirl.api.JavaScript::3PP
play.twirl.api:JavaScriptFormat$:public,final:java.lang.Object:play.twirl.api.Format:escape:public:1:java.lang.String:play.twirl.api.JavaScript::3PP
play.twirl.api:JavaScriptFormat$:public,final:java.lang.Object:play.twirl.api.Format:empty:public:0::play.twirl.api.JavaScript::3PP
play.twirl.api:JavaScriptFormat$:public,final:java.lang.Object:play.twirl.api.Format:fill:public:1:scala.collection.immutable.Seq:play.twirl.api.JavaScript::3PP
play.twirl.api:JavaScriptFormat$:public,final:java.lang.Object:play.twirl.api.Format:fill:public,volatile:1:scala.collection.immutable.Seq:play.twirl.api.Appendable::3PP
play.twirl.api:JavaScriptFormat$:public,final:java.lang.Object:play.twirl.api.Format:empty:public,volatile:0::play.twirl.api.Appendable::3PP
play.twirl.api:JavaScriptFormat$:public,final:java.lang.Object:play.twirl.api.Format:escape:public,volatile:1:java.lang.String:play.twirl.api.Appendable::3PP
play.twirl.api:JavaScriptFormat$:public,final:java.lang.Object:play.twirl.api.Format:raw:public,volatile:1:java.lang.String:play.twirl.api.Appendable::3PP
play.twirl.api:JavaScriptFormat$:public,final:java.lang.Object:play.twirl.api.Format:<init>:private:0::void::3PP
play.twirl.api:Template22:public,abstract,interface:::render:public,abstract:22:java.lang.Object,java.lang.Object,java.lang.Object,java.lang.Object,java.lang.Object,java.lang.Object,java.lang.Object,java.lang.Object,java.lang.Object,java.lang.Object,java.lang.Object,java.lang.Object,java.lang.Object,java.lang.Object,java.lang.Object,java.lang.Object,java.lang.Object,java.lang.Object,java.lang.Object,java.lang.Object,java.lang.Object,java.lang.Object:java.lang.Object::3PP
play.twirl.api:TwirlFeatureImports$:public,final:java.lang.Object::<clinit>:public,static:0::void::3PP
play.twirl.api:TwirlFeatureImports$:public,final:java.lang.Object::defining:public:2:java.lang.Object,scala.Function1:java.lang.Object::3PP
play.twirl.api:TwirlFeatureImports$:public,final:java.lang.Object::using:public:1:java.lang.Object:java.lang.Object::3PP
play.twirl.api:TwirlFeatureImports$:public,final:java.lang.Object::twirlIterableToBoolean:public:1:scala.collection.Iterable:boolean::3PP
play.twirl.api:TwirlFeatureImports$:public,final:java.lang.Object::twirlOptionToBoolean:public:1:scala.Option:boolean::3PP
play.twirl.api:TwirlFeatureImports$:public,final:java.lang.Object::twirlStringToBoolean:public:1:java.lang.String:boolean::3PP
play.twirl.api:TwirlFeatureImports$:public,final:java.lang.Object::TwirlDefaultValue:public:1:java.lang.Object:play.twirl.api.TwirlFeatureImports$TwirlDefaultValue::3PP
play.twirl.api:TwirlFeatureImports$:public,final:java.lang.Object::<init>:private:0::void::3PP
play.twirl.api:Template21:public,abstract,interface:::render:public,abstract:21:java.lang.Object,java.lang.Object,java.lang.Object,java.lang.Object,java.lang.Object,java.lang.Object,java.lang.Object,java.lang.Object,java.lang.Object,java.lang.Object,java.lang.Object,java.lang.Object,java.lang.Object,java.lang.Object,java.lang.Object,java.lang.Object,java.lang.Object,java.lang.Object,java.lang.Object,java.lang.Object,java.lang.Object:java.lang.Object::3PP
play.twirl.api:package$StringInterpolation:public,final:java.lang.Object::sc:public:0::scala.StringContext::3PP
play.twirl.api:package$StringInterpolation:public,final:java.lang.Object::html:public:1:scala.collection.Seq:play.twirl.api.Html::3PP
play.twirl.api:package$StringInterpolation:public,final:java.lang.Object::xml:public:1:scala.collection.Seq:play.twirl.api.Xml::3PP
play.twirl.api:package$StringInterpolation:public,final:java.lang.Object::js:public:1:scala.collection.Seq:play.twirl.api.JavaScript::3PP
play.twirl.api:package$StringInterpolation:public,final:java.lang.Object::interpolate:public:3:scala.collection.Seq,play.twirl.api.Format,scala.reflect.ClassTag:play.twirl.api.Appendable::3PP
play.twirl.api:package$StringInterpolation:public,final:java.lang.Object::hashCode:public:0::int::3PP
play.twirl.api:package$StringInterpolation:public,final:java.lang.Object::equals:public:1:java.lang.Object:boolean::3PP
play.twirl.api:package$StringInterpolation:public,final:java.lang.Object::<init>:public:1:scala.StringContext:void::3PP
play.twirl.api:BufferedContent$$anonfun$buildString$1:public,final:scala.runtime.AbstractFunction1:scala.Serializable:apply:public,final:1:play.twirl.api.BufferedContent:void::3PP
play.twirl.api:BufferedContent$$anonfun$buildString$1:public,final:scala.runtime.AbstractFunction1:scala.Serializable:apply:public,final,volatile:1:java.lang.Object:java.lang.Object::3PP
play.twirl.api:BufferedContent$$anonfun$buildString$1:public,final:scala.runtime.AbstractFunction1:scala.Serializable:<init>:public:2:play.twirl.api.BufferedContent,scala.collection.mutable.StringBuilder:void::3PP
play.twirl.api:BufferedContent:public,abstract:java.lang.Object:play.twirl.api.Appendable,play.twirl.api.Content:elements:public:0::scala.collection.immutable.Seq::3PP
play.twirl.api:BufferedContent:public,abstract:java.lang.Object:play.twirl.api.Appendable,play.twirl.api.Content:text:public:0::java.lang.String::3PP
play.twirl.api:BufferedContent:public,abstract:java.lang.Object:play.twirl.api.Appendable,play.twirl.api.Content:buildString:public:1:scala.collection.mutable.StringBuilder:void::3PP
play.twirl.api:BufferedContent:public,abstract:java.lang.Object:play.twirl.api.Appendable,play.twirl.api.Content:builtBody$lzycompute:private:0::java.lang.String::3PP
play.twirl.api:BufferedContent:public,abstract:java.lang.Object:play.twirl.api.Appendable,play.twirl.api.Content:builtBody:private:0::java.lang.String::3PP
play.twirl.api:BufferedContent:public,abstract:java.lang.Object:play.twirl.api.Appendable,play.twirl.api.Content:toString:public:0::java.lang.String::3PP
play.twirl.api:BufferedContent:public,abstract:java.lang.Object:play.twirl.api.Appendable,play.twirl.api.Content:body:public:0::java.lang.String::3PP
play.twirl.api:BufferedContent:public,abstract:java.lang.Object:play.twirl.api.Appendable,play.twirl.api.Content:equals:public:1:java.lang.Object:boolean::3PP
play.twirl.api:BufferedContent:public,abstract:java.lang.Object:play.twirl.api.Appendable,play.twirl.api.Content:hashCode:public:0::int::3PP
play.twirl.api:BufferedContent:public,abstract:java.lang.Object:play.twirl.api.Appendable,play.twirl.api.Content:$anonfun$buildString$1:public,static,final:2:scala.collection.mutable.StringBuilder,play.twirl.api.BufferedContent:void::3PP
play.twirl.api:BufferedContent:public,abstract:java.lang.Object:play.twirl.api.Appendable,play.twirl.api.Content:<init>:public:2:scala.collection.immutable.Seq,java.lang.String:void::3PP
play.twirl.api:BufferedContent:public,abstract:java.lang.Object:play.twirl.api.Appendable,play.twirl.api.Content:$anonfun$buildString$1$adapted:public,static,final:2:scala.collection.mutable.StringBuilder,play.twirl.api.BufferedContent:java.lang.Object::3PP
play.twirl.api:BufferedContent:public,abstract:java.lang.Object:play.twirl.api.Appendable,play.twirl.api.Content:$deserializeLambda$:private,static:1:java.lang.invoke.SerializedLambda:java.lang.Object::3PP
play.twirl.api:TxtFormat:public,final:java.lang.Object::fill:public,static:1:scala.collection.immutable.Seq:play.twirl.api.Txt::3PP
play.twirl.api:TxtFormat:public,final:java.lang.Object::empty:public,static:0::play.twirl.api.Txt::3PP
play.twirl.api:TxtFormat:public,final:java.lang.Object::escape:public,static:1:java.lang.String:play.twirl.api.Txt::3PP
play.twirl.api:TxtFormat:public,final:java.lang.Object::raw:public,static:1:java.lang.String:play.twirl.api.Txt::3PP
play.twirl.api:TemplateMagic$:public,final:java.lang.Object::<clinit>:public,static:0::void::3PP
play.twirl.api:TemplateMagic$:public,final:java.lang.Object::defining:public:2:java.lang.Object,scala.Function1:java.lang.Object::3PP
play.twirl.api:TemplateMagic$:public,final:java.lang.Object::using:public:1:java.lang.Object:java.lang.Object::3PP
play.twirl.api:TemplateMagic$:public,final:java.lang.Object::iterableToBoolean:public:1:scala.collection.Iterable:boolean::3PP
play.twirl.api:TemplateMagic$:public,final:java.lang.Object::optionToBoolean:public:1:scala.Option:boolean::3PP
play.twirl.api:TemplateMagic$:public,final:java.lang.Object::stringToBoolean:public:1:java.lang.String:boolean::3PP
play.twirl.api:TemplateMagic$:public,final:java.lang.Object::javaCollectionToScala:public:1:java.lang.Iterable:scala.collection.Iterable::3PP
play.twirl.api:TemplateMagic$:public,final:java.lang.Object::anyToDefault:public:1:java.lang.Object:play.twirl.api.TemplateMagic$Default::3PP
play.twirl.api:TemplateMagic$:public,final:java.lang.Object::richDate:public:1:java.util.Date:play.twirl.api.TemplateMagic$RichDate::3PP
play.twirl.api:TemplateMagic$:public,final:java.lang.Object::richString:public:1:java.lang.String:play.twirl.api.TemplateMagic$RichString::3PP
play.twirl.api:TemplateMagic$:public,final:java.lang.Object::<init>:private:0::void::3PP
play.twirl.api:Template16:public,abstract,interface:::render:public,abstract:16:java.lang.Object,java.lang.Object,java.lang.Object,java.lang.Object,java.lang.Object,java.lang.Object,java.lang.Object,java.lang.Object,java.lang.Object,java.lang.Object,java.lang.Object,java.lang.Object,java.lang.Object,java.lang.Object,java.lang.Object,java.lang.Object:java.lang.Object::3PP
play.twirl.api:Format:public,abstract,interface:::raw:public,abstract:1:java.lang.String:play.twirl.api.Appendable::3PP
play.twirl.api:Format:public,abstract,interface:::escape:public,abstract:1:java.lang.String:play.twirl.api.Appendable::3PP
play.twirl.api:Format:public,abstract,interface:::empty:public,abstract:0::play.twirl.api.Appendable::3PP
play.twirl.api:Format:public,abstract,interface:::fill:public,abstract:1:scala.collection.immutable.Seq:play.twirl.api.Appendable::3PP
play.twirl.api:TwirlHelperImports$TwirlRichDate:public:java.lang.Object::format:public:1:java.lang.String:java.lang.String::3PP
play.twirl.api:TwirlHelperImports$TwirlRichDate:public:java.lang.Object::<init>:public:1:java.util.Date:void::3PP
play.twirl.api:HtmlFormat$:public,final:java.lang.Object:play.twirl.api.Format:<clinit>:public,static:0::void::3PP
play.twirl.api:HtmlFormat$:public,final:java.lang.Object:play.twirl.api.Format:raw:public:1:java.lang.String:play.twirl.api.Html::3PP
play.twirl.api:HtmlFormat$:public,final:java.lang.Object:play.twirl.api.Format:escape:public:1:java.lang.String:play.twirl.api.Html::3PP
play.twirl.api:HtmlFormat$:public,final:java.lang.Object:play.twirl.api.Format:empty:public:0::play.twirl.api.Html::3PP
play.twirl.api:HtmlFormat$:public,final:java.lang.Object:play.twirl.api.Format:fill:public:1:scala.collection.immutable.Seq:play.twirl.api.Html::3PP
play.twirl.api:HtmlFormat$:public,final:java.lang.Object:play.twirl.api.Format:fill:public,volatile:1:scala.collection.immutable.Seq:play.twirl.api.Appendable::3PP
play.twirl.api:HtmlFormat$:public,final:java.lang.Object:play.twirl.api.Format:empty:public,volatile:0::play.twirl.api.Appendable::3PP
play.twirl.api:HtmlFormat$:public,final:java.lang.Object:play.twirl.api.Format:escape:public,volatile:1:java.lang.String:play.twirl.api.Appendable::3PP
play.twirl.api:HtmlFormat$:public,final:java.lang.Object:play.twirl.api.Format:raw:public,volatile:1:java.lang.String:play.twirl.api.Appendable::3PP
play.twirl.api:HtmlFormat$:public,final:java.lang.Object:play.twirl.api.Format:<init>:private:0::void::3PP
play.twirl.api:TwirlFeatureImports$TwirlDefaultValue:public:java.lang.Object::$qmark$colon:public:1:java.lang.Object:java.lang.Object::3PP
play.twirl.api:TwirlFeatureImports$TwirlDefaultValue:public:java.lang.Object::<init>:public:1:java.lang.Object:void::3PP
play.twirl.api:TwirlFeatureImports:public,final:java.lang.Object::TwirlDefaultValue:public,static:1:java.lang.Object:play.twirl.api.TwirlFeatureImports$TwirlDefaultValue::3PP
play.twirl.api:TwirlFeatureImports:public,final:java.lang.Object::twirlStringToBoolean:public,static:1:java.lang.String:boolean::3PP
play.twirl.api:TwirlFeatureImports:public,final:java.lang.Object::twirlOptionToBoolean:public,static:1:scala.Option:boolean::3PP
play.twirl.api:TwirlFeatureImports:public,final:java.lang.Object::twirlIterableToBoolean:public,static:1:scala.collection.Iterable:boolean::3PP
play.twirl.api:TwirlFeatureImports:public,final:java.lang.Object::using:public,static:1:java.lang.Object:java.lang.Object::3PP
play.twirl.api:TwirlFeatureImports:public,final:java.lang.Object::defining:public,static:2:java.lang.Object,scala.Function1:java.lang.Object::3PP
play.twirl.api:Template0:public,abstract,interface:::render:public,abstract:0::java.lang.Object::3PP
play.twirl.api:Template17:public,abstract,interface:::render:public,abstract:17:java.lang.Object,java.lang.Object,java.lang.Object,java.lang.Object,java.lang.Object,java.lang.Object,java.lang.Object,java.lang.Object,java.lang.Object,java.lang.Object,java.lang.Object,java.lang.Object,java.lang.Object,java.lang.Object,java.lang.Object,java.lang.Object,java.lang.Object:java.lang.Object::3PP
play.twirl.api:Template11:public,abstract,interface:::render:public,abstract:11:java.lang.Object,java.lang.Object,java.lang.Object,java.lang.Object,java.lang.Object,java.lang.Object,java.lang.Object,java.lang.Object,java.lang.Object,java.lang.Object,java.lang.Object:java.lang.Object::3PP
play.twirl.api:Formats:public,final:java.lang.Object::safe:public,static:1:java.lang.String:java.lang.String::3PP
play.twirl.api.utils:StringEscapeUtils$:public,final:java.lang.Object::<clinit>:public,static:0::void::3PP
play.twirl.api.utils:StringEscapeUtils$:public,final:java.lang.Object::escapeEcmaScript:public:1:java.lang.String:java.lang.String::3PP
play.twirl.api.utils:StringEscapeUtils$:public,final:java.lang.Object::escapeXml11:public:1:java.lang.String:java.lang.String::3PP
play.twirl.api.utils:StringEscapeUtils$:public,final:java.lang.Object::<init>:private:0::void::3PP
play.twirl.api:Txt$:public,final:java.lang.Object::<clinit>:public,static:0::void::3PP
play.twirl.api:Txt$:public,final:java.lang.Object::apply:public:1:java.lang.String:play.twirl.api.Txt::3PP
play.twirl.api:Txt$:public,final:java.lang.Object::<init>:private:0::void::3PP
play.twirl.api:TemplateMagic$Default:public:java.lang.Object:scala.Product,scala.Serializable:default:public:0::java.lang.Object::3PP
play.twirl.api:TemplateMagic$Default:public:java.lang.Object:scala.Product,scala.Serializable:$qmark$colon:public:1:java.lang.Object:java.lang.Object::3PP
play.twirl.api:TemplateMagic$Default:public:java.lang.Object:scala.Product,scala.Serializable:copy:public:1:java.lang.Object:play.twirl.api.TemplateMagic$Default::3PP
play.twirl.api:TemplateMagic$Default:public:java.lang.Object:scala.Product,scala.Serializable:copy$default$1:public:0::java.lang.Object::3PP
play.twirl.api:TemplateMagic$Default:public:java.lang.Object:scala.Product,scala.Serializable:productPrefix:public:0::java.lang.String::3PP
play.twirl.api:TemplateMagic$Default:public:java.lang.Object:scala.Product,scala.Serializable:productArity:public:0::int::3PP
play.twirl.api:TemplateMagic$Default:public:java.lang.Object:scala.Product,scala.Serializable:productElement:public:1:int:java.lang.Object::3PP
play.twirl.api:TemplateMagic$Default:public:java.lang.Object:scala.Product,scala.Serializable:productIterator:public:0::scala.collection.Iterator::3PP
play.twirl.api:TemplateMagic$Default:public:java.lang.Object:scala.Product,scala.Serializable:canEqual:public:1:java.lang.Object:boolean::3PP
play.twirl.api:TemplateMagic$Default:public:java.lang.Object:scala.Product,scala.Serializable:hashCode:public:0::int::3PP
play.twirl.api:TemplateMagic$Default:public:java.lang.Object:scala.Product,scala.Serializable:toString:public:0::java.lang.String::3PP
play.twirl.api:TemplateMagic$Default:public:java.lang.Object:scala.Product,scala.Serializable:equals:public:1:java.lang.Object:boolean::3PP
play.twirl.api:TemplateMagic$Default:public:java.lang.Object:scala.Product,scala.Serializable:<init>:public:1:java.lang.Object:void::3PP
