com.sun.xml.txw2:NamespaceDecl:final:java.lang.Object::<init>::4:char,java.lang.String,java.lang.String,boolean:void::3PP
com.sun.xml.txw2:NamespaceSupport:final:java.lang.Object::<init>:public:0::void::3PP
com.sun.xml.txw2:NamespaceSupport:final:java.lang.Object::reset:public:0::void::3PP
com.sun.xml.txw2:NamespaceSupport:final:java.lang.Object::pushContext:public:0::void::3PP
com.sun.xml.txw2:NamespaceSupport:final:java.lang.Object::popContext:public:0::void::3PP
com.sun.xml.txw2:NamespaceSupport:final:java.lang.Object::declarePrefix:public:2:java.lang.String,java.lang.String:boolean::3PP
com.sun.xml.txw2:NamespaceSupport:final:java.lang.Object::processName:public:3:java.lang.String,java.lang.String[],boolean:java.lang.String[]::3PP
com.sun.xml.txw2:NamespaceSupport:final:java.lang.Object::getURI:public:1:java.lang.String:java.lang.String::3PP
com.sun.xml.txw2:NamespaceSupport:final:java.lang.Object::getPrefixes:public:0::java.util.Enumeration::3PP
com.sun.xml.txw2:NamespaceSupport:final:java.lang.Object::getPrefix:public:1:java.lang.String:java.lang.String::3PP
com.sun.xml.txw2:NamespaceSupport:final:java.lang.Object::getPrefixes:public:1:java.lang.String:java.util.Enumeration::3PP
com.sun.xml.txw2:NamespaceSupport:final:java.lang.Object::getDeclaredPrefixes:public:0::java.util.Enumeration::3PP
com.sun.xml.txw2:NamespaceSupport:final:java.lang.Object::setNamespaceDeclUris:public:1:boolean:void::3PP
com.sun.xml.txw2:NamespaceSupport:final:java.lang.Object::isNamespaceDeclUris:public:0::boolean::3PP
com.sun.xml.txw2:NamespaceSupport:final:java.lang.Object::access$000:static:1:com.sun.xml.txw2.NamespaceSupport:boolean::3PP
com.sun.xml.txw2:NamespaceSupport:final:java.lang.Object::access$100:static:0::java.util.Enumeration::3PP
com.sun.xml.txw2:NamespaceSupport:final:java.lang.Object::<clinit>:static:0::void::3PP
com.sun.xml.txw2:DatatypeWriter$1$1::java.lang.Object:com.sun.xml.txw2.DatatypeWriter:<init>::1:com.sun.xml.txw2.DatatypeWriter$1:void::3PP
com.sun.xml.txw2:DatatypeWriter$1$1::java.lang.Object:com.sun.xml.txw2.DatatypeWriter:getType:public:0::java.lang.Class::3PP
com.sun.xml.txw2:DatatypeWriter$1$1::java.lang.Object:com.sun.xml.txw2.DatatypeWriter:print:public:3:java.lang.String,com.sun.xml.txw2.NamespaceResolver,java.lang.StringBuilder:void::3PP
com.sun.xml.txw2:DatatypeWriter$1$1::java.lang.Object:com.sun.xml.txw2.DatatypeWriter:print:public,volatile:3:java.lang.Object,com.sun.xml.txw2.NamespaceResolver,java.lang.StringBuilder:void::3PP
com.sun.xml.txw2:Document:public,final:java.lang.Object::<init>::1:com.sun.xml.txw2.output.XmlSerializer:void::3PP
com.sun.xml.txw2:Document:public,final:java.lang.Object::flush::0::void::3PP
com.sun.xml.txw2:Document:public,final:java.lang.Object::setFirstContent::1:com.sun.xml.txw2.Content:void::3PP
com.sun.xml.txw2:Document:public,final:java.lang.Object::addDatatypeWriter:public:1:com.sun.xml.txw2.DatatypeWriter:void::3PP
com.sun.xml.txw2:Document:public,final:java.lang.Object::run::0::void::3PP
com.sun.xml.txw2:Document:public,final:java.lang.Object::writeValue::3:java.lang.Object,com.sun.xml.txw2.NamespaceResolver,java.lang.StringBuilder:void::3PP
com.sun.xml.txw2:Document:public,final:java.lang.Object::newPrefix:private:0::java.lang.String::3PP
com.sun.xml.txw2:Document:public,final:java.lang.Object::fixPrefix:private:1:java.lang.StringBuilder:java.lang.StringBuilder::3PP
com.sun.xml.txw2:Document:public,final:java.lang.Object::assignNewId::0::char::3PP
com.sun.xml.txw2:Document:public,final:java.lang.Object::access$000:static:1:com.sun.xml.txw2.Document:com.sun.xml.txw2.output.XmlSerializer::3PP
com.sun.xml.txw2:Document:public,final:java.lang.Object::access$100:static:1:com.sun.xml.txw2.Document:com.sun.xml.txw2.NamespaceSupport::3PP
com.sun.xml.txw2:Document:public,final:java.lang.Object::access$202:static:2:com.sun.xml.txw2.Document,com.sun.xml.txw2.NamespaceDecl:com.sun.xml.txw2.NamespaceDecl::3PP
com.sun.xml.txw2:Document:public,final:java.lang.Object::access$200:static:1:com.sun.xml.txw2.Document:com.sun.xml.txw2.NamespaceDecl::3PP
com.sun.xml.txw2:Document:public,final:java.lang.Object::access$300:static:2:com.sun.xml.txw2.Document,java.lang.StringBuilder:java.lang.StringBuilder::3PP
com.sun.xml.txw2:Document:public,final:java.lang.Object::access$400:static:1:com.sun.xml.txw2.Document:boolean::3PP
com.sun.xml.txw2:Document:public,final:java.lang.Object::access$402:static:2:com.sun.xml.txw2.Document,boolean:boolean::3PP
com.sun.xml.txw2:Document:public,final:java.lang.Object::access$500:static:1:com.sun.xml.txw2.Document:java.lang.String::3PP
com.sun.xml.txw2:Document:public,final:java.lang.Object::<clinit>:static:0::void::3PP
com.sun.xml.txw2:TXW:public,abstract:java.lang.Object::<init>:private:0::void::3PP
com.sun.xml.txw2:TXW:public,abstract:java.lang.Object::getTagName:static:1:java.lang.Class:javax.xml.namespace.QName::3PP
com.sun.xml.txw2:TXW:public,abstract:java.lang.Object::create:public,static:2:java.lang.Class,com.sun.xml.txw2.output.XmlSerializer:com.sun.xml.txw2.TypedXmlWriter::3PP
com.sun.xml.txw2:TXW:public,abstract:java.lang.Object::create:public,static:3:javax.xml.namespace.QName,java.lang.Class,com.sun.xml.txw2.output.XmlSerializer:com.sun.xml.txw2.TypedXmlWriter::3PP
com.sun.xml.txw2:TypedXmlWriter:public,abstract,interface:::commit:public,abstract:0::void::3PP
com.sun.xml.txw2:TypedXmlWriter:public,abstract,interface:::commit:public,abstract:1:boolean:void::3PP
com.sun.xml.txw2:TypedXmlWriter:public,abstract,interface:::block:public,abstract:0::void::3PP
com.sun.xml.txw2:TypedXmlWriter:public,abstract,interface:::getDocument:public,abstract:0::com.sun.xml.txw2.Document::3PP
com.sun.xml.txw2:TypedXmlWriter:public,abstract,interface:::_attribute:public,abstract:2:java.lang.String,java.lang.Object:void::3PP
com.sun.xml.txw2:TypedXmlWriter:public,abstract,interface:::_attribute:public,abstract:3:java.lang.String,java.lang.String,java.lang.Object:void::3PP
com.sun.xml.txw2:TypedXmlWriter:public,abstract,interface:::_attribute:public,abstract:2:javax.xml.namespace.QName,java.lang.Object:void::3PP
com.sun.xml.txw2:TypedXmlWriter:public,abstract,interface:::_namespace:public,abstract:1:java.lang.String:void::3PP
com.sun.xml.txw2:TypedXmlWriter:public,abstract,interface:::_namespace:public,abstract:2:java.lang.String,java.lang.String:void::3PP
com.sun.xml.txw2:TypedXmlWriter:public,abstract,interface:::_namespace:public,abstract:2:java.lang.String,boolean:void::3PP
com.sun.xml.txw2:TypedXmlWriter:public,abstract,interface:::_pcdata:public,abstract:1:java.lang.Object:void::3PP
com.sun.xml.txw2:TypedXmlWriter:public,abstract,interface:::_cdata:public,abstract:1:java.lang.Object:void::3PP
com.sun.xml.txw2:TypedXmlWriter:public,abstract,interface:::_comment:public,abstract:1:java.lang.Object:void::3PP
com.sun.xml.txw2:TypedXmlWriter:public,abstract,interface:::_element:public,abstract:2:java.lang.String,java.lang.Class:com.sun.xml.txw2.TypedXmlWriter::3PP
com.sun.xml.txw2:TypedXmlWriter:public,abstract,interface:::_element:public,abstract:3:java.lang.String,java.lang.String,java.lang.Class:com.sun.xml.txw2.TypedXmlWriter::3PP
com.sun.xml.txw2:TypedXmlWriter:public,abstract,interface:::_element:public,abstract:2:javax.xml.namespace.QName,java.lang.Class:com.sun.xml.txw2.TypedXmlWriter::3PP
com.sun.xml.txw2:TypedXmlWriter:public,abstract,interface:::_element:public,abstract:1:java.lang.Class:com.sun.xml.txw2.TypedXmlWriter::3PP
com.sun.xml.txw2:TypedXmlWriter:public,abstract,interface:::_cast:public,abstract:1:java.lang.Class:com.sun.xml.txw2.TypedXmlWriter::3PP
com.sun.xml.txw2:DatatypeWriter$1$4::java.lang.Object:com.sun.xml.txw2.DatatypeWriter:<init>::1:com.sun.xml.txw2.DatatypeWriter$1:void::3PP
com.sun.xml.txw2:DatatypeWriter$1$4::java.lang.Object:com.sun.xml.txw2.DatatypeWriter:getType:public:0::java.lang.Class::3PP
com.sun.xml.txw2:DatatypeWriter$1$4::java.lang.Object:com.sun.xml.txw2.DatatypeWriter:print:public:3:java.lang.Double,com.sun.xml.txw2.NamespaceResolver,java.lang.StringBuilder:void::3PP
com.sun.xml.txw2:DatatypeWriter$1$4::java.lang.Object:com.sun.xml.txw2.DatatypeWriter:print:public,volatile:3:java.lang.Object,com.sun.xml.txw2.NamespaceResolver,java.lang.StringBuilder:void::3PP
com.sun.xml.txw2.output:DumpSerializer:public:java.lang.Object:com.sun.xml.txw2.output.XmlSerializer:<init>:public:1:java.io.PrintStream:void::3PP
com.sun.xml.txw2.output:DumpSerializer:public:java.lang.Object:com.sun.xml.txw2.output.XmlSerializer:beginStartTag:public:3:java.lang.String,java.lang.String,java.lang.String:void::3PP
com.sun.xml.txw2.output:DumpSerializer:public:java.lang.Object:com.sun.xml.txw2.output.XmlSerializer:writeAttribute:public:4:java.lang.String,java.lang.String,java.lang.String,java.lang.StringBuilder:void::3PP
com.sun.xml.txw2.output:DumpSerializer:public:java.lang.Object:com.sun.xml.txw2.output.XmlSerializer:writeXmlns:public:2:java.lang.String,java.lang.String:void::3PP
com.sun.xml.txw2.output:DumpSerializer:public:java.lang.Object:com.sun.xml.txw2.output.XmlSerializer:endStartTag:public:3:java.lang.String,java.lang.String,java.lang.String:void::3PP
com.sun.xml.txw2.output:DumpSerializer:public:java.lang.Object:com.sun.xml.txw2.output.XmlSerializer:endTag:public:0::void::3PP
com.sun.xml.txw2.output:DumpSerializer:public:java.lang.Object:com.sun.xml.txw2.output.XmlSerializer:text:public:1:java.lang.StringBuilder:void::3PP
com.sun.xml.txw2.output:DumpSerializer:public:java.lang.Object:com.sun.xml.txw2.output.XmlSerializer:cdata:public:1:java.lang.StringBuilder:void::3PP
com.sun.xml.txw2.output:DumpSerializer:public:java.lang.Object:com.sun.xml.txw2.output.XmlSerializer:comment:public:1:java.lang.StringBuilder:void::3PP
com.sun.xml.txw2.output:DumpSerializer:public:java.lang.Object:com.sun.xml.txw2.output.XmlSerializer:startDocument:public:0::void::3PP
com.sun.xml.txw2.output:DumpSerializer:public:java.lang.Object:com.sun.xml.txw2.output.XmlSerializer:endDocument:public:0::void::3PP
com.sun.xml.txw2.output:DumpSerializer:public:java.lang.Object:com.sun.xml.txw2.output.XmlSerializer:flush:public:0::void::3PP
com.sun.xml.txw2:IllegalAnnotationException:public:com.sun.xml.txw2.TxwException::<init>:public:1:java.lang.String:void::3PP
com.sun.xml.txw2:IllegalAnnotationException:public:com.sun.xml.txw2.TxwException::<init>:public:1:java.lang.Throwable:void::3PP
com.sun.xml.txw2:IllegalAnnotationException:public:com.sun.xml.txw2.TxwException::<init>:public:2:java.lang.String,java.lang.Throwable:void::3PP
com.sun.xml.txw2.output:DelegatingXMLStreamWriter:abstract:java.lang.Object:javax.xml.stream.XMLStreamWriter:<init>:public:1:javax.xml.stream.XMLStreamWriter:void::3PP
com.sun.xml.txw2.output:DelegatingXMLStreamWriter:abstract:java.lang.Object:javax.xml.stream.XMLStreamWriter:writeStartElement:public:1:java.lang.String:void::3PP
com.sun.xml.txw2.output:DelegatingXMLStreamWriter:abstract:java.lang.Object:javax.xml.stream.XMLStreamWriter:writeStartElement:public:2:java.lang.String,java.lang.String:void::3PP
com.sun.xml.txw2.output:DelegatingXMLStreamWriter:abstract:java.lang.Object:javax.xml.stream.XMLStreamWriter:writeStartElement:public:3:java.lang.String,java.lang.String,java.lang.String:void::3PP
com.sun.xml.txw2.output:DelegatingXMLStreamWriter:abstract:java.lang.Object:javax.xml.stream.XMLStreamWriter:writeEmptyElement:public:2:java.lang.String,java.lang.String:void::3PP
com.sun.xml.txw2.output:DelegatingXMLStreamWriter:abstract:java.lang.Object:javax.xml.stream.XMLStreamWriter:writeEmptyElement:public:3:java.lang.String,java.lang.String,java.lang.String:void::3PP
com.sun.xml.txw2.output:DelegatingXMLStreamWriter:abstract:java.lang.Object:javax.xml.stream.XMLStreamWriter:writeEmptyElement:public:1:java.lang.String:void::3PP
com.sun.xml.txw2.output:DelegatingXMLStreamWriter:abstract:java.lang.Object:javax.xml.stream.XMLStreamWriter:writeEndElement:public:0::void::3PP
com.sun.xml.txw2.output:DelegatingXMLStreamWriter:abstract:java.lang.Object:javax.xml.stream.XMLStreamWriter:writeEndDocument:public:0::void::3PP
com.sun.xml.txw2.output:DelegatingXMLStreamWriter:abstract:java.lang.Object:javax.xml.stream.XMLStreamWriter:close:public:0::void::3PP
com.sun.xml.txw2.output:DelegatingXMLStreamWriter:abstract:java.lang.Object:javax.xml.stream.XMLStreamWriter:flush:public:0::void::3PP
com.sun.xml.txw2.output:DelegatingXMLStreamWriter:abstract:java.lang.Object:javax.xml.stream.XMLStreamWriter:writeAttribute:public:2:java.lang.String,java.lang.String:void::3PP
com.sun.xml.txw2.output:DelegatingXMLStreamWriter:abstract:java.lang.Object:javax.xml.stream.XMLStreamWriter:writeAttribute:public:4:java.lang.String,java.lang.String,java.lang.String,java.lang.String:void::3PP
com.sun.xml.txw2.output:DelegatingXMLStreamWriter:abstract:java.lang.Object:javax.xml.stream.XMLStreamWriter:writeAttribute:public:3:java.lang.String,java.lang.String,java.lang.String:void::3PP
com.sun.xml.txw2.output:DelegatingXMLStreamWriter:abstract:java.lang.Object:javax.xml.stream.XMLStreamWriter:writeNamespace:public:2:java.lang.String,java.lang.String:void::3PP
com.sun.xml.txw2.output:DelegatingXMLStreamWriter:abstract:java.lang.Object:javax.xml.stream.XMLStreamWriter:writeDefaultNamespace:public:1:java.lang.String:void::3PP
com.sun.xml.txw2.output:DelegatingXMLStreamWriter:abstract:java.lang.Object:javax.xml.stream.XMLStreamWriter:writeComment:public:1:java.lang.String:void::3PP
com.sun.xml.txw2.output:DelegatingXMLStreamWriter:abstract:java.lang.Object:javax.xml.stream.XMLStreamWriter:writeProcessingInstruction:public:1:java.lang.String:void::3PP
com.sun.xml.txw2.output:DelegatingXMLStreamWriter:abstract:java.lang.Object:javax.xml.stream.XMLStreamWriter:writeProcessingInstruction:public:2:java.lang.String,java.lang.String:void::3PP
com.sun.xml.txw2.output:DelegatingXMLStreamWriter:abstract:java.lang.Object:javax.xml.stream.XMLStreamWriter:writeCData:public:1:java.lang.String:void::3PP
com.sun.xml.txw2.output:DelegatingXMLStreamWriter:abstract:java.lang.Object:javax.xml.stream.XMLStreamWriter:writeDTD:public:1:java.lang.String:void::3PP
com.sun.xml.txw2.output:DelegatingXMLStreamWriter:abstract:java.lang.Object:javax.xml.stream.XMLStreamWriter:writeEntityRef:public:1:java.lang.String:void::3PP
com.sun.xml.txw2.output:DelegatingXMLStreamWriter:abstract:java.lang.Object:javax.xml.stream.XMLStreamWriter:writeStartDocument:public:0::void::3PP
com.sun.xml.txw2.output:DelegatingXMLStreamWriter:abstract:java.lang.Object:javax.xml.stream.XMLStreamWriter:writeStartDocument:public:1:java.lang.String:void::3PP
com.sun.xml.txw2.output:DelegatingXMLStreamWriter:abstract:java.lang.Object:javax.xml.stream.XMLStreamWriter:writeStartDocument:public:2:java.lang.String,java.lang.String:void::3PP
com.sun.xml.txw2.output:DelegatingXMLStreamWriter:abstract:java.lang.Object:javax.xml.stream.XMLStreamWriter:writeCharacters:public:1:java.lang.String:void::3PP
com.sun.xml.txw2.output:DelegatingXMLStreamWriter:abstract:java.lang.Object:javax.xml.stream.XMLStreamWriter:writeCharacters:public:3:char[],int,int:void::3PP
com.sun.xml.txw2.output:DelegatingXMLStreamWriter:abstract:java.lang.Object:javax.xml.stream.XMLStreamWriter:getPrefix:public:1:java.lang.String:java.lang.String::3PP
com.sun.xml.txw2.output:DelegatingXMLStreamWriter:abstract:java.lang.Object:javax.xml.stream.XMLStreamWriter:setPrefix:public:2:java.lang.String,java.lang.String:void::3PP
com.sun.xml.txw2.output:DelegatingXMLStreamWriter:abstract:java.lang.Object:javax.xml.stream.XMLStreamWriter:setDefaultNamespace:public:1:java.lang.String:void::3PP
com.sun.xml.txw2.output:DelegatingXMLStreamWriter:abstract:java.lang.Object:javax.xml.stream.XMLStreamWriter:setNamespaceContext:public:1:javax.xml.namespace.NamespaceContext:void::3PP
com.sun.xml.txw2.output:DelegatingXMLStreamWriter:abstract:java.lang.Object:javax.xml.stream.XMLStreamWriter:getNamespaceContext:public:0::javax.xml.namespace.NamespaceContext::3PP
com.sun.xml.txw2.output:DelegatingXMLStreamWriter:abstract:java.lang.Object:javax.xml.stream.XMLStreamWriter:getProperty:public:1:java.lang.String:java.lang.Object::3PP
com.sun.xml.txw2:EndDocument:final:com.sun.xml.txw2.Content::<init>::0::void::3PP
com.sun.xml.txw2:EndDocument:final:com.sun.xml.txw2.Content::concludesPendingStartTag::0::boolean::3PP
com.sun.xml.txw2:EndDocument:final:com.sun.xml.txw2.Content::accept::1:com.sun.xml.txw2.ContentVisitor:void::3PP
com.sun.xml.txw2.output:TXWResult:public:java.lang.Object:javax.xml.transform.Result:<init>:public:1:com.sun.xml.txw2.TypedXmlWriter:void::3PP
com.sun.xml.txw2.output:TXWResult:public:java.lang.Object:javax.xml.transform.Result:getWriter:public:0::com.sun.xml.txw2.TypedXmlWriter::3PP
com.sun.xml.txw2.output:TXWResult:public:java.lang.Object:javax.xml.transform.Result:setWriter:public:1:com.sun.xml.txw2.TypedXmlWriter:void::3PP
com.sun.xml.txw2.output:TXWResult:public:java.lang.Object:javax.xml.transform.Result:getSystemId:public:0::java.lang.String::3PP
com.sun.xml.txw2.output:TXWResult:public:java.lang.Object:javax.xml.transform.Result:setSystemId:public:1:java.lang.String:void::3PP
com.sun.xml.txw2.output:DataWriter:public:com.sun.xml.txw2.output.XMLWriter::<init>:public:3:java.io.Writer,java.lang.String,com.sun.xml.txw2.output.CharacterEscapeHandler:void::3PP
com.sun.xml.txw2.output:DataWriter:public:com.sun.xml.txw2.output.XMLWriter::<init>:public:2:java.io.Writer,java.lang.String:void::3PP
com.sun.xml.txw2.output:DataWriter:public:com.sun.xml.txw2.output.XMLWriter::<init>:public:1:java.io.Writer:void::3PP
com.sun.xml.txw2.output:DataWriter:public:com.sun.xml.txw2.output.XMLWriter::getIndentStep:public:0::int::3PP
com.sun.xml.txw2.output:DataWriter:public:com.sun.xml.txw2.output.XMLWriter::setIndentStep:public:1:int:void::3PP
com.sun.xml.txw2.output:DataWriter:public:com.sun.xml.txw2.output.XMLWriter::setIndentStep:public:1:java.lang.String:void::3PP
com.sun.xml.txw2.output:DataWriter:public:com.sun.xml.txw2.output.XMLWriter::reset:public:0::void::3PP
com.sun.xml.txw2.output:DataWriter:public:com.sun.xml.txw2.output.XMLWriter::startElement:public:4:java.lang.String,java.lang.String,java.lang.String,org.xml.sax.Attributes:void::3PP
com.sun.xml.txw2.output:DataWriter:public:com.sun.xml.txw2.output.XMLWriter::endElement:public:3:java.lang.String,java.lang.String,java.lang.String:void::3PP
com.sun.xml.txw2.output:DataWriter:public:com.sun.xml.txw2.output.XMLWriter::characters:public:3:char[],int,int:void::3PP
com.sun.xml.txw2.output:DataWriter:public:com.sun.xml.txw2.output.XMLWriter::comment:public:3:char[],int,int:void::3PP
com.sun.xml.txw2.output:DataWriter:public:com.sun.xml.txw2.output.XMLWriter::doIndent:private:0::void::3PP
com.sun.xml.txw2.output:DataWriter:public:com.sun.xml.txw2.output.XMLWriter::<clinit>:static:0::void::3PP
com.sun.xml.txw2:Document$1::java.lang.Object:com.sun.xml.txw2.ContentVisitor:<init>::1:com.sun.xml.txw2.Document:void::3PP
com.sun.xml.txw2:Document$1::java.lang.Object:com.sun.xml.txw2.ContentVisitor:onStartDocument:public:0::void::3PP
com.sun.xml.txw2:Document$1::java.lang.Object:com.sun.xml.txw2.ContentVisitor:onEndDocument:public:0::void::3PP
com.sun.xml.txw2:Document$1::java.lang.Object:com.sun.xml.txw2.ContentVisitor:onEndTag:public:0::void::3PP
com.sun.xml.txw2:Document$1::java.lang.Object:com.sun.xml.txw2.ContentVisitor:onPcdata:public:1:java.lang.StringBuilder:void::3PP
com.sun.xml.txw2:Document$1::java.lang.Object:com.sun.xml.txw2.ContentVisitor:onCdata:public:1:java.lang.StringBuilder:void::3PP
com.sun.xml.txw2:Document$1::java.lang.Object:com.sun.xml.txw2.ContentVisitor:onComment:public:1:java.lang.StringBuilder:void::3PP
com.sun.xml.txw2:Document$1::java.lang.Object:com.sun.xml.txw2.ContentVisitor:onStartTag:public:4:java.lang.String,java.lang.String,com.sun.xml.txw2.Attribute,com.sun.xml.txw2.NamespaceDecl:void::3PP
com.sun.xml.txw2:Document$1::java.lang.Object:com.sun.xml.txw2.ContentVisitor:<clinit>:static:0::void::3PP
com.sun.xml.txw2.output:Dom2SaxAdapter::java.lang.Object:org.xml.sax.ContentHandler,org.xml.sax.ext.LexicalHandler:getCurrentElement:public,final:0::org.w3c.dom.Element::3PP
com.sun.xml.txw2.output:Dom2SaxAdapter::java.lang.Object:org.xml.sax.ContentHandler,org.xml.sax.ext.LexicalHandler:<init>:public:1:org.w3c.dom.Node:void::3PP
com.sun.xml.txw2.output:Dom2SaxAdapter::java.lang.Object:org.xml.sax.ContentHandler,org.xml.sax.ext.LexicalHandler:<init>:public:0::void::3PP
com.sun.xml.txw2.output:Dom2SaxAdapter::java.lang.Object:org.xml.sax.ContentHandler,org.xml.sax.ext.LexicalHandler:getDOM:public:0::org.w3c.dom.Node::3PP
com.sun.xml.txw2.output:Dom2SaxAdapter::java.lang.Object:org.xml.sax.ContentHandler,org.xml.sax.ext.LexicalHandler:startDocument:public:0::void::3PP
com.sun.xml.txw2.output:Dom2SaxAdapter::java.lang.Object:org.xml.sax.ContentHandler,org.xml.sax.ext.LexicalHandler:endDocument:public:0::void::3PP
com.sun.xml.txw2.output:Dom2SaxAdapter::java.lang.Object:org.xml.sax.ContentHandler,org.xml.sax.ext.LexicalHandler:startElement:public:4:java.lang.String,java.lang.String,java.lang.String,org.xml.sax.Attributes:void::3PP
com.sun.xml.txw2.output:Dom2SaxAdapter::java.lang.Object:org.xml.sax.ContentHandler,org.xml.sax.ext.LexicalHandler:getParent:private,final:0::org.w3c.dom.Node::3PP
com.sun.xml.txw2.output:Dom2SaxAdapter::java.lang.Object:org.xml.sax.ContentHandler,org.xml.sax.ext.LexicalHandler:endElement:public:3:java.lang.String,java.lang.String,java.lang.String:void::3PP
com.sun.xml.txw2.output:Dom2SaxAdapter::java.lang.Object:org.xml.sax.ContentHandler,org.xml.sax.ext.LexicalHandler:characters:public:3:char[],int,int:void::3PP
com.sun.xml.txw2.output:Dom2SaxAdapter::java.lang.Object:org.xml.sax.ContentHandler,org.xml.sax.ext.LexicalHandler:comment:public:3:char[],int,int:void::3PP
com.sun.xml.txw2.output:Dom2SaxAdapter::java.lang.Object:org.xml.sax.ContentHandler,org.xml.sax.ext.LexicalHandler:ignorableWhitespace:public:3:char[],int,int:void::3PP
com.sun.xml.txw2.output:Dom2SaxAdapter::java.lang.Object:org.xml.sax.ContentHandler,org.xml.sax.ext.LexicalHandler:processingInstruction:public:2:java.lang.String,java.lang.String:void::3PP
com.sun.xml.txw2.output:Dom2SaxAdapter::java.lang.Object:org.xml.sax.ContentHandler,org.xml.sax.ext.LexicalHandler:setDocumentLocator:public:1:org.xml.sax.Locator:void::3PP
com.sun.xml.txw2.output:Dom2SaxAdapter::java.lang.Object:org.xml.sax.ContentHandler,org.xml.sax.ext.LexicalHandler:skippedEntity:public:1:java.lang.String:void::3PP
com.sun.xml.txw2.output:Dom2SaxAdapter::java.lang.Object:org.xml.sax.ContentHandler,org.xml.sax.ext.LexicalHandler:startPrefixMapping:public:2:java.lang.String,java.lang.String:void::3PP
com.sun.xml.txw2.output:Dom2SaxAdapter::java.lang.Object:org.xml.sax.ContentHandler,org.xml.sax.ext.LexicalHandler:endPrefixMapping:public:1:java.lang.String:void::3PP
com.sun.xml.txw2.output:Dom2SaxAdapter::java.lang.Object:org.xml.sax.ContentHandler,org.xml.sax.ext.LexicalHandler:startDTD:public:3:java.lang.String,java.lang.String,java.lang.String:void::3PP
com.sun.xml.txw2.output:Dom2SaxAdapter::java.lang.Object:org.xml.sax.ContentHandler,org.xml.sax.ext.LexicalHandler:endDTD:public:0::void::3PP
com.sun.xml.txw2.output:Dom2SaxAdapter::java.lang.Object:org.xml.sax.ContentHandler,org.xml.sax.ext.LexicalHandler:startEntity:public:1:java.lang.String:void::3PP
com.sun.xml.txw2.output:Dom2SaxAdapter::java.lang.Object:org.xml.sax.ContentHandler,org.xml.sax.ext.LexicalHandler:endEntity:public:1:java.lang.String:void::3PP
com.sun.xml.txw2.output:Dom2SaxAdapter::java.lang.Object:org.xml.sax.ContentHandler,org.xml.sax.ext.LexicalHandler:startCDATA:public:0::void::3PP
com.sun.xml.txw2.output:Dom2SaxAdapter::java.lang.Object:org.xml.sax.ContentHandler,org.xml.sax.ext.LexicalHandler:endCDATA:public:0::void::3PP
com.sun.xml.txw2.output:StaxSerializer:public:java.lang.Object:com.sun.xml.txw2.output.XmlSerializer:<init>:public:1:javax.xml.stream.XMLStreamWriter:void::3PP
com.sun.xml.txw2.output:StaxSerializer:public:java.lang.Object:com.sun.xml.txw2.output.XmlSerializer:<init>:public:2:javax.xml.stream.XMLStreamWriter,boolean:void::3PP
com.sun.xml.txw2.output:StaxSerializer:public:java.lang.Object:com.sun.xml.txw2.output.XmlSerializer:startDocument:public:0::void::3PP
com.sun.xml.txw2.output:StaxSerializer:public:java.lang.Object:com.sun.xml.txw2.output.XmlSerializer:beginStartTag:public:3:java.lang.String,java.lang.String,java.lang.String:void::3PP
com.sun.xml.txw2.output:StaxSerializer:public:java.lang.Object:com.sun.xml.txw2.output.XmlSerializer:writeAttribute:public:4:java.lang.String,java.lang.String,java.lang.String,java.lang.StringBuilder:void::3PP
com.sun.xml.txw2.output:StaxSerializer:public:java.lang.Object:com.sun.xml.txw2.output.XmlSerializer:writeXmlns:public:2:java.lang.String,java.lang.String:void::3PP
com.sun.xml.txw2.output:StaxSerializer:public:java.lang.Object:com.sun.xml.txw2.output.XmlSerializer:endStartTag:public:3:java.lang.String,java.lang.String,java.lang.String:void::3PP
com.sun.xml.txw2.output:StaxSerializer:public:java.lang.Object:com.sun.xml.txw2.output.XmlSerializer:endTag:public:0::void::3PP
com.sun.xml.txw2.output:StaxSerializer:public:java.lang.Object:com.sun.xml.txw2.output.XmlSerializer:text:public:1:java.lang.StringBuilder:void::3PP
com.sun.xml.txw2.output:StaxSerializer:public:java.lang.Object:com.sun.xml.txw2.output.XmlSerializer:cdata:public:1:java.lang.StringBuilder:void::3PP
com.sun.xml.txw2.output:StaxSerializer:public:java.lang.Object:com.sun.xml.txw2.output.XmlSerializer:comment:public:1:java.lang.StringBuilder:void::3PP
com.sun.xml.txw2.output:StaxSerializer:public:java.lang.Object:com.sun.xml.txw2.output.XmlSerializer:endDocument:public:0::void::3PP
com.sun.xml.txw2.output:StaxSerializer:public:java.lang.Object:com.sun.xml.txw2.output.XmlSerializer:flush:public:0::void::3PP
com.sun.xml.txw2:Attribute:final:java.lang.Object::<init>::2:java.lang.String,java.lang.String:void::3PP
com.sun.xml.txw2:Attribute:final:java.lang.Object::hasName::2:java.lang.String,java.lang.String:boolean::3PP
com.sun.xml.txw2:Attribute:final:java.lang.Object::<clinit>:static:0::void::3PP
com.sun.xml.txw2.output:IndentingXMLFilter:public:org.xml.sax.helpers.XMLFilterImpl:org.xml.sax.ext.LexicalHandler:<init>:public:0::void::3PP
com.sun.xml.txw2.output:IndentingXMLFilter:public:org.xml.sax.helpers.XMLFilterImpl:org.xml.sax.ext.LexicalHandler:<init>:public:1:org.xml.sax.ContentHandler:void::3PP
com.sun.xml.txw2.output:IndentingXMLFilter:public:org.xml.sax.helpers.XMLFilterImpl:org.xml.sax.ext.LexicalHandler:<init>:public:2:org.xml.sax.ContentHandler,org.xml.sax.ext.LexicalHandler:void::3PP
com.sun.xml.txw2.output:IndentingXMLFilter:public:org.xml.sax.helpers.XMLFilterImpl:org.xml.sax.ext.LexicalHandler:getLexicalHandler:public:0::org.xml.sax.ext.LexicalHandler::3PP
com.sun.xml.txw2.output:IndentingXMLFilter:public:org.xml.sax.helpers.XMLFilterImpl:org.xml.sax.ext.LexicalHandler:setLexicalHandler:public:1:org.xml.sax.ext.LexicalHandler:void::3PP
com.sun.xml.txw2.output:IndentingXMLFilter:public:org.xml.sax.helpers.XMLFilterImpl:org.xml.sax.ext.LexicalHandler:getIndentStep:public:0::int::3PP
com.sun.xml.txw2.output:IndentingXMLFilter:public:org.xml.sax.helpers.XMLFilterImpl:org.xml.sax.ext.LexicalHandler:setIndentStep:public:1:int:void::3PP
com.sun.xml.txw2.output:IndentingXMLFilter:public:org.xml.sax.helpers.XMLFilterImpl:org.xml.sax.ext.LexicalHandler:setIndentStep:public:1:java.lang.String:void::3PP
com.sun.xml.txw2.output:IndentingXMLFilter:public:org.xml.sax.helpers.XMLFilterImpl:org.xml.sax.ext.LexicalHandler:startElement:public:4:java.lang.String,java.lang.String,java.lang.String,org.xml.sax.Attributes:void::3PP
com.sun.xml.txw2.output:IndentingXMLFilter:public:org.xml.sax.helpers.XMLFilterImpl:org.xml.sax.ext.LexicalHandler:writeNewLine:private:0::void::3PP
com.sun.xml.txw2.output:IndentingXMLFilter:public:org.xml.sax.helpers.XMLFilterImpl:org.xml.sax.ext.LexicalHandler:endElement:public:3:java.lang.String,java.lang.String,java.lang.String:void::3PP
com.sun.xml.txw2.output:IndentingXMLFilter:public:org.xml.sax.helpers.XMLFilterImpl:org.xml.sax.ext.LexicalHandler:characters:public:3:char[],int,int:void::3PP
com.sun.xml.txw2.output:IndentingXMLFilter:public:org.xml.sax.helpers.XMLFilterImpl:org.xml.sax.ext.LexicalHandler:comment:public:3:char[],int,int:void::3PP
com.sun.xml.txw2.output:IndentingXMLFilter:public:org.xml.sax.helpers.XMLFilterImpl:org.xml.sax.ext.LexicalHandler:startDTD:public:3:java.lang.String,java.lang.String,java.lang.String:void::3PP
com.sun.xml.txw2.output:IndentingXMLFilter:public:org.xml.sax.helpers.XMLFilterImpl:org.xml.sax.ext.LexicalHandler:endDTD:public:0::void::3PP
com.sun.xml.txw2.output:IndentingXMLFilter:public:org.xml.sax.helpers.XMLFilterImpl:org.xml.sax.ext.LexicalHandler:startEntity:public:1:java.lang.String:void::3PP
com.sun.xml.txw2.output:IndentingXMLFilter:public:org.xml.sax.helpers.XMLFilterImpl:org.xml.sax.ext.LexicalHandler:endEntity:public:1:java.lang.String:void::3PP
com.sun.xml.txw2.output:IndentingXMLFilter:public:org.xml.sax.helpers.XMLFilterImpl:org.xml.sax.ext.LexicalHandler:startCDATA:public:0::void::3PP
com.sun.xml.txw2.output:IndentingXMLFilter:public:org.xml.sax.helpers.XMLFilterImpl:org.xml.sax.ext.LexicalHandler:endCDATA:public:0::void::3PP
com.sun.xml.txw2.output:IndentingXMLFilter:public:org.xml.sax.helpers.XMLFilterImpl:org.xml.sax.ext.LexicalHandler:doIndent:private:0::void::3PP
com.sun.xml.txw2.output:IndentingXMLFilter:public:org.xml.sax.helpers.XMLFilterImpl:org.xml.sax.ext.LexicalHandler:<clinit>:static:0::void::3PP
com.sun.xml.txw2:Text:abstract:com.sun.xml.txw2.Content::<init>:protected:3:com.sun.xml.txw2.Document,com.sun.xml.txw2.NamespaceResolver,java.lang.Object:void::3PP
com.sun.xml.txw2:Text:abstract:com.sun.xml.txw2.Content::concludesPendingStartTag::0::boolean::3PP
com.sun.xml.txw2:DatatypeWriter$1::java.util.AbstractList::<init>::0::void::3PP
com.sun.xml.txw2:DatatypeWriter$1::java.util.AbstractList::get:public:1:int:com.sun.xml.txw2.DatatypeWriter::3PP
com.sun.xml.txw2:DatatypeWriter$1::java.util.AbstractList::size:public:0::int::3PP
com.sun.xml.txw2:DatatypeWriter$1::java.util.AbstractList::get:public,volatile:1:int:java.lang.Object::3PP
com.sun.xml.txw2.output:StreamSerializer:public:java.lang.Object:com.sun.xml.txw2.output.XmlSerializer:<init>:public:1:java.io.OutputStream:void::3PP
com.sun.xml.txw2.output:StreamSerializer:public:java.lang.Object:com.sun.xml.txw2.output.XmlSerializer:<init>:public:2:java.io.OutputStream,java.lang.String:void::3PP
com.sun.xml.txw2.output:StreamSerializer:public:java.lang.Object:com.sun.xml.txw2.output.XmlSerializer:<init>:public:1:java.io.Writer:void::3PP
com.sun.xml.txw2.output:StreamSerializer:public:java.lang.Object:com.sun.xml.txw2.output.XmlSerializer:<init>:public:1:javax.xml.transform.stream.StreamResult:void::3PP
com.sun.xml.txw2.output:StreamSerializer:public:java.lang.Object:com.sun.xml.txw2.output.XmlSerializer:<init>:private:1:com.sun.xml.txw2.output.XMLWriter:void::3PP
com.sun.xml.txw2.output:StreamSerializer:public:java.lang.Object:com.sun.xml.txw2.output.XmlSerializer:convertURL:private:1:java.lang.String:java.lang.String::3PP
com.sun.xml.txw2.output:StreamSerializer:public:java.lang.Object:com.sun.xml.txw2.output.XmlSerializer:startDocument:public:0::void::3PP
com.sun.xml.txw2.output:StreamSerializer:public:java.lang.Object:com.sun.xml.txw2.output.XmlSerializer:beginStartTag:public:3:java.lang.String,java.lang.String,java.lang.String:void::3PP
com.sun.xml.txw2.output:StreamSerializer:public:java.lang.Object:com.sun.xml.txw2.output.XmlSerializer:writeAttribute:public:4:java.lang.String,java.lang.String,java.lang.String,java.lang.StringBuilder:void::3PP
com.sun.xml.txw2.output:StreamSerializer:public:java.lang.Object:com.sun.xml.txw2.output.XmlSerializer:writeXmlns:public:2:java.lang.String,java.lang.String:void::3PP
com.sun.xml.txw2.output:StreamSerializer:public:java.lang.Object:com.sun.xml.txw2.output.XmlSerializer:endStartTag:public:3:java.lang.String,java.lang.String,java.lang.String:void::3PP
com.sun.xml.txw2.output:StreamSerializer:public:java.lang.Object:com.sun.xml.txw2.output.XmlSerializer:endTag:public:0::void::3PP
com.sun.xml.txw2.output:StreamSerializer:public:java.lang.Object:com.sun.xml.txw2.output.XmlSerializer:text:public:1:java.lang.StringBuilder:void::3PP
com.sun.xml.txw2.output:StreamSerializer:public:java.lang.Object:com.sun.xml.txw2.output.XmlSerializer:cdata:public:1:java.lang.StringBuilder:void::3PP
com.sun.xml.txw2.output:StreamSerializer:public:java.lang.Object:com.sun.xml.txw2.output.XmlSerializer:comment:public:1:java.lang.StringBuilder:void::3PP
com.sun.xml.txw2.output:StreamSerializer:public:java.lang.Object:com.sun.xml.txw2.output.XmlSerializer:endDocument:public:0::void::3PP
com.sun.xml.txw2.output:StreamSerializer:public:java.lang.Object:com.sun.xml.txw2.output.XmlSerializer:flush:public:0::void::3PP
com.sun.xml.txw2.output:StreamSerializer:public:java.lang.Object:com.sun.xml.txw2.output.XmlSerializer:createWriter:private,static:1:java.io.Writer:com.sun.xml.txw2.output.XMLWriter::3PP
com.sun.xml.txw2.output:StreamSerializer:public:java.lang.Object:com.sun.xml.txw2.output.XmlSerializer:createWriter:private,static:2:java.io.OutputStream,java.lang.String:com.sun.xml.txw2.output.XMLWriter::3PP
com.sun.xml.txw2.output:StreamSerializer:public:java.lang.Object:com.sun.xml.txw2.output.XmlSerializer:createWriter:private,static:1:java.io.OutputStream:com.sun.xml.txw2.output.XMLWriter::3PP
com.sun.xml.txw2.output:DumbEscapeHandler:public:java.lang.Object:com.sun.xml.txw2.output.CharacterEscapeHandler:<init>:private:0::void::3PP
com.sun.xml.txw2.output:DumbEscapeHandler:public:java.lang.Object:com.sun.xml.txw2.output.CharacterEscapeHandler:escape:public:5:char[],int,int,boolean,java.io.Writer:void::3PP
com.sun.xml.txw2.output:DumbEscapeHandler:public:java.lang.Object:com.sun.xml.txw2.output.CharacterEscapeHandler:<clinit>:static:0::void::3PP
com.sun.xml.txw2:NamespaceResolver:public,abstract,interface:::getPrefix:public,abstract:1:java.lang.String:java.lang.String::3PP
com.sun.xml.txw2.output:TXWSerializer:public,final:java.lang.Object:com.sun.xml.txw2.output.XmlSerializer:<init>:public:1:com.sun.xml.txw2.TypedXmlWriter:void::3PP
com.sun.xml.txw2.output:TXWSerializer:public,final:java.lang.Object:com.sun.xml.txw2.output.XmlSerializer:startDocument:public:0::void::3PP
com.sun.xml.txw2.output:TXWSerializer:public,final:java.lang.Object:com.sun.xml.txw2.output.XmlSerializer:endDocument:public:0::void::3PP
com.sun.xml.txw2.output:TXWSerializer:public,final:java.lang.Object:com.sun.xml.txw2.output.XmlSerializer:beginStartTag:public:3:java.lang.String,java.lang.String,java.lang.String:void::3PP
com.sun.xml.txw2.output:TXWSerializer:public,final:java.lang.Object:com.sun.xml.txw2.output.XmlSerializer:writeAttribute:public:4:java.lang.String,java.lang.String,java.lang.String,java.lang.StringBuilder:void::3PP
com.sun.xml.txw2.output:TXWSerializer:public,final:java.lang.Object:com.sun.xml.txw2.output.XmlSerializer:writeXmlns:public:2:java.lang.String,java.lang.String:void::3PP
com.sun.xml.txw2.output:TXWSerializer:public,final:java.lang.Object:com.sun.xml.txw2.output.XmlSerializer:endStartTag:public:3:java.lang.String,java.lang.String,java.lang.String:void::3PP
com.sun.xml.txw2.output:TXWSerializer:public,final:java.lang.Object:com.sun.xml.txw2.output.XmlSerializer:endTag:public:0::void::3PP
com.sun.xml.txw2.output:TXWSerializer:public,final:java.lang.Object:com.sun.xml.txw2.output.XmlSerializer:text:public:1:java.lang.StringBuilder:void::3PP
com.sun.xml.txw2.output:TXWSerializer:public,final:java.lang.Object:com.sun.xml.txw2.output.XmlSerializer:cdata:public:1:java.lang.StringBuilder:void::3PP
com.sun.xml.txw2.output:TXWSerializer:public,final:java.lang.Object:com.sun.xml.txw2.output.XmlSerializer:comment:public:1:java.lang.StringBuilder:void::3PP
com.sun.xml.txw2.output:TXWSerializer:public,final:java.lang.Object:com.sun.xml.txw2.output.XmlSerializer:flush:public:0::void::3PP
com.sun.xml.txw2.output:StreamSerializer$1::com.sun.xml.txw2.output.SaxSerializer::<init>::5:com.sun.xml.txw2.output.StreamSerializer,org.xml.sax.ContentHandler,org.xml.sax.ext.LexicalHandler,boolean,java.io.OutputStream[]:void::3PP
com.sun.xml.txw2.output:StreamSerializer$1::com.sun.xml.txw2.output.SaxSerializer::endDocument:public:0::void::3PP
com.sun.xml.txw2:TxwException:public:java.lang.RuntimeException::<init>:public:1:java.lang.String:void::3PP
com.sun.xml.txw2:TxwException:public:java.lang.RuntimeException::<init>:public:1:java.lang.Throwable:void::3PP
com.sun.xml.txw2:TxwException:public:java.lang.RuntimeException::<init>:public:2:java.lang.String,java.lang.Throwable:void::3PP
com.sun.xml.txw2.output:CharacterEscapeHandler:public,abstract,interface:::escape:public,abstract:5:char[],int,int,boolean,java.io.Writer:void::3PP
com.sun.xml.txw2:NamespaceSupport$Context:final:java.lang.Object::<init>::1:com.sun.xml.txw2.NamespaceSupport:void::3PP
com.sun.xml.txw2:NamespaceSupport$Context:final:java.lang.Object::setParent::1:com.sun.xml.txw2.NamespaceSupport$Context:void::3PP
com.sun.xml.txw2:NamespaceSupport$Context:final:java.lang.Object::clear::0::void::3PP
com.sun.xml.txw2:NamespaceSupport$Context:final:java.lang.Object::declarePrefix::2:java.lang.String,java.lang.String:void::3PP
com.sun.xml.txw2:NamespaceSupport$Context:final:java.lang.Object::processName::2:java.lang.String,boolean:java.lang.String[]::3PP
com.sun.xml.txw2:NamespaceSupport$Context:final:java.lang.Object::getURI::1:java.lang.String:java.lang.String::3PP
com.sun.xml.txw2:NamespaceSupport$Context:final:java.lang.Object::getPrefix::1:java.lang.String:java.lang.String::3PP
com.sun.xml.txw2:NamespaceSupport$Context:final:java.lang.Object::getDeclaredPrefixes::0::java.util.Enumeration::3PP
com.sun.xml.txw2:NamespaceSupport$Context:final:java.lang.Object::getPrefixes::0::java.util.Enumeration::3PP
com.sun.xml.txw2:NamespaceSupport$Context:final:java.lang.Object::copyTables:private:0::void::3PP
com.sun.xml.txw2.output:IndentingXMLStreamWriter:public:com.sun.xml.txw2.output.DelegatingXMLStreamWriter::<init>:public:1:javax.xml.stream.XMLStreamWriter:void::3PP
com.sun.xml.txw2.output:IndentingXMLStreamWriter:public:com.sun.xml.txw2.output.DelegatingXMLStreamWriter::getIndentStep:public:0::int::3PP
com.sun.xml.txw2.output:IndentingXMLStreamWriter:public:com.sun.xml.txw2.output.DelegatingXMLStreamWriter::setIndentStep:public:1:int:void::3PP
com.sun.xml.txw2.output:IndentingXMLStreamWriter:public:com.sun.xml.txw2.output.DelegatingXMLStreamWriter::setIndentStep:public:1:java.lang.String:void::3PP
com.sun.xml.txw2.output:IndentingXMLStreamWriter:public:com.sun.xml.txw2.output.DelegatingXMLStreamWriter::onStartElement:private:0::void::3PP
com.sun.xml.txw2.output:IndentingXMLStreamWriter:public:com.sun.xml.txw2.output.DelegatingXMLStreamWriter::onEndElement:private:0::void::3PP
com.sun.xml.txw2.output:IndentingXMLStreamWriter:public:com.sun.xml.txw2.output.DelegatingXMLStreamWriter::onEmptyElement:private:0::void::3PP
com.sun.xml.txw2.output:IndentingXMLStreamWriter:public:com.sun.xml.txw2.output.DelegatingXMLStreamWriter::doIndent:private:0::void::3PP
com.sun.xml.txw2.output:IndentingXMLStreamWriter:public:com.sun.xml.txw2.output.DelegatingXMLStreamWriter::writeStartDocument:public:0::void::3PP
com.sun.xml.txw2.output:IndentingXMLStreamWriter:public:com.sun.xml.txw2.output.DelegatingXMLStreamWriter::writeStartDocument:public:1:java.lang.String:void::3PP
com.sun.xml.txw2.output:IndentingXMLStreamWriter:public:com.sun.xml.txw2.output.DelegatingXMLStreamWriter::writeStartDocument:public:2:java.lang.String,java.lang.String:void::3PP
com.sun.xml.txw2.output:IndentingXMLStreamWriter:public:com.sun.xml.txw2.output.DelegatingXMLStreamWriter::writeStartElement:public:1:java.lang.String:void::3PP
com.sun.xml.txw2.output:IndentingXMLStreamWriter:public:com.sun.xml.txw2.output.DelegatingXMLStreamWriter::writeStartElement:public:2:java.lang.String,java.lang.String:void::3PP
com.sun.xml.txw2.output:IndentingXMLStreamWriter:public:com.sun.xml.txw2.output.DelegatingXMLStreamWriter::writeStartElement:public:3:java.lang.String,java.lang.String,java.lang.String:void::3PP
com.sun.xml.txw2.output:IndentingXMLStreamWriter:public:com.sun.xml.txw2.output.DelegatingXMLStreamWriter::writeEmptyElement:public:2:java.lang.String,java.lang.String:void::3PP
com.sun.xml.txw2.output:IndentingXMLStreamWriter:public:com.sun.xml.txw2.output.DelegatingXMLStreamWriter::writeEmptyElement:public:3:java.lang.String,java.lang.String,java.lang.String:void::3PP
com.sun.xml.txw2.output:IndentingXMLStreamWriter:public:com.sun.xml.txw2.output.DelegatingXMLStreamWriter::writeEmptyElement:public:1:java.lang.String:void::3PP
com.sun.xml.txw2.output:IndentingXMLStreamWriter:public:com.sun.xml.txw2.output.DelegatingXMLStreamWriter::writeEndElement:public:0::void::3PP
com.sun.xml.txw2.output:IndentingXMLStreamWriter:public:com.sun.xml.txw2.output.DelegatingXMLStreamWriter::writeCharacters:public:1:java.lang.String:void::3PP
com.sun.xml.txw2.output:IndentingXMLStreamWriter:public:com.sun.xml.txw2.output.DelegatingXMLStreamWriter::writeCharacters:public:3:char[],int,int:void::3PP
com.sun.xml.txw2.output:IndentingXMLStreamWriter:public:com.sun.xml.txw2.output.DelegatingXMLStreamWriter::writeCData:public:1:java.lang.String:void::3PP
com.sun.xml.txw2.output:IndentingXMLStreamWriter:public:com.sun.xml.txw2.output.DelegatingXMLStreamWriter::getProperty:public,volatile:1:java.lang.String:java.lang.Object::3PP
com.sun.xml.txw2.output:IndentingXMLStreamWriter:public:com.sun.xml.txw2.output.DelegatingXMLStreamWriter::getNamespaceContext:public,volatile:0::javax.xml.namespace.NamespaceContext::3PP
com.sun.xml.txw2.output:IndentingXMLStreamWriter:public:com.sun.xml.txw2.output.DelegatingXMLStreamWriter::setNamespaceContext:public,volatile:1:javax.xml.namespace.NamespaceContext:void::3PP
com.sun.xml.txw2.output:IndentingXMLStreamWriter:public:com.sun.xml.txw2.output.DelegatingXMLStreamWriter::setDefaultNamespace:public,volatile:1:java.lang.String:void::3PP
com.sun.xml.txw2.output:IndentingXMLStreamWriter:public:com.sun.xml.txw2.output.DelegatingXMLStreamWriter::setPrefix:public,volatile:2:java.lang.String,java.lang.String:void::3PP
com.sun.xml.txw2.output:IndentingXMLStreamWriter:public:com.sun.xml.txw2.output.DelegatingXMLStreamWriter::getPrefix:public,volatile:1:java.lang.String:java.lang.String::3PP
com.sun.xml.txw2.output:IndentingXMLStreamWriter:public:com.sun.xml.txw2.output.DelegatingXMLStreamWriter::writeEntityRef:public,volatile:1:java.lang.String:void::3PP
com.sun.xml.txw2.output:IndentingXMLStreamWriter:public:com.sun.xml.txw2.output.DelegatingXMLStreamWriter::writeDTD:public,volatile:1:java.lang.String:void::3PP
com.sun.xml.txw2.output:IndentingXMLStreamWriter:public:com.sun.xml.txw2.output.DelegatingXMLStreamWriter::writeProcessingInstruction:public,volatile:2:java.lang.String,java.lang.String:void::3PP
com.sun.xml.txw2.output:IndentingXMLStreamWriter:public:com.sun.xml.txw2.output.DelegatingXMLStreamWriter::writeProcessingInstruction:public,volatile:1:java.lang.String:void::3PP
com.sun.xml.txw2.output:IndentingXMLStreamWriter:public:com.sun.xml.txw2.output.DelegatingXMLStreamWriter::writeComment:public,volatile:1:java.lang.String:void::3PP
com.sun.xml.txw2.output:IndentingXMLStreamWriter:public:com.sun.xml.txw2.output.DelegatingXMLStreamWriter::writeDefaultNamespace:public,volatile:1:java.lang.String:void::3PP
com.sun.xml.txw2.output:IndentingXMLStreamWriter:public:com.sun.xml.txw2.output.DelegatingXMLStreamWriter::writeNamespace:public,volatile:2:java.lang.String,java.lang.String:void::3PP
com.sun.xml.txw2.output:IndentingXMLStreamWriter:public:com.sun.xml.txw2.output.DelegatingXMLStreamWriter::writeAttribute:public,volatile:3:java.lang.String,java.lang.String,java.lang.String:void::3PP
com.sun.xml.txw2.output:IndentingXMLStreamWriter:public:com.sun.xml.txw2.output.DelegatingXMLStreamWriter::writeAttribute:public,volatile:4:java.lang.String,java.lang.String,java.lang.String,java.lang.String:void::3PP
com.sun.xml.txw2.output:IndentingXMLStreamWriter:public:com.sun.xml.txw2.output.DelegatingXMLStreamWriter::writeAttribute:public,volatile:2:java.lang.String,java.lang.String:void::3PP
com.sun.xml.txw2.output:IndentingXMLStreamWriter:public:com.sun.xml.txw2.output.DelegatingXMLStreamWriter::flush:public,volatile:0::void::3PP
com.sun.xml.txw2.output:IndentingXMLStreamWriter:public:com.sun.xml.txw2.output.DelegatingXMLStreamWriter::close:public,volatile:0::void::3PP
com.sun.xml.txw2.output:IndentingXMLStreamWriter:public:com.sun.xml.txw2.output.DelegatingXMLStreamWriter::writeEndDocument:public,volatile:0::void::3PP
com.sun.xml.txw2.output:IndentingXMLStreamWriter:public:com.sun.xml.txw2.output.DelegatingXMLStreamWriter::<clinit>:static:0::void::3PP
com.sun.xml.txw2.annotation:XmlElement:public,abstract,interface::java.lang.annotation.Annotation:value:public,abstract:0::java.lang.String::3PP
com.sun.xml.txw2.annotation:XmlElement:public,abstract,interface::java.lang.annotation.Annotation:ns:public,abstract:0::java.lang.String::3PP
com.sun.xml.txw2.annotation:XmlAttribute:public,abstract,interface::java.lang.annotation.Annotation:value:public,abstract:0::java.lang.String::3PP
com.sun.xml.txw2.annotation:XmlAttribute:public,abstract,interface::java.lang.annotation.Annotation:ns:public,abstract:0::java.lang.String::3PP
com.sun.xml.txw2.output:XmlSerializer:public,abstract,interface:::startDocument:public,abstract:0::void::3PP
com.sun.xml.txw2.output:XmlSerializer:public,abstract,interface:::beginStartTag:public,abstract:3:java.lang.String,java.lang.String,java.lang.String:void::3PP
com.sun.xml.txw2.output:XmlSerializer:public,abstract,interface:::writeAttribute:public,abstract:4:java.lang.String,java.lang.String,java.lang.String,java.lang.StringBuilder:void::3PP
com.sun.xml.txw2.output:XmlSerializer:public,abstract,interface:::writeXmlns:public,abstract:2:java.lang.String,java.lang.String:void::3PP
com.sun.xml.txw2.output:XmlSerializer:public,abstract,interface:::endStartTag:public,abstract:3:java.lang.String,java.lang.String,java.lang.String:void::3PP
com.sun.xml.txw2.output:XmlSerializer:public,abstract,interface:::endTag:public,abstract:0::void::3PP
com.sun.xml.txw2.output:XmlSerializer:public,abstract,interface:::text:public,abstract:1:java.lang.StringBuilder:void::3PP
com.sun.xml.txw2.output:XmlSerializer:public,abstract,interface:::cdata:public,abstract:1:java.lang.StringBuilder:void::3PP
com.sun.xml.txw2.output:XmlSerializer:public,abstract,interface:::comment:public,abstract:1:java.lang.StringBuilder:void::3PP
com.sun.xml.txw2.output:XmlSerializer:public,abstract,interface:::endDocument:public,abstract:0::void::3PP
com.sun.xml.txw2.output:XmlSerializer:public,abstract,interface:::flush:public,abstract:0::void::3PP
com.sun.xml.txw2.output:DomSerializer:public:java.lang.Object:com.sun.xml.txw2.output.XmlSerializer:<init>:public:1:org.w3c.dom.Node:void::3PP
com.sun.xml.txw2.output:DomSerializer:public:java.lang.Object:com.sun.xml.txw2.output.XmlSerializer:<init>:public:1:javax.xml.transform.dom.DOMResult:void::3PP
com.sun.xml.txw2.output:DomSerializer:public:java.lang.Object:com.sun.xml.txw2.output.XmlSerializer:startDocument:public:0::void::3PP
com.sun.xml.txw2.output:DomSerializer:public:java.lang.Object:com.sun.xml.txw2.output.XmlSerializer:beginStartTag:public:3:java.lang.String,java.lang.String,java.lang.String:void::3PP
com.sun.xml.txw2.output:DomSerializer:public:java.lang.Object:com.sun.xml.txw2.output.XmlSerializer:writeAttribute:public:4:java.lang.String,java.lang.String,java.lang.String,java.lang.StringBuilder:void::3PP
com.sun.xml.txw2.output:DomSerializer:public:java.lang.Object:com.sun.xml.txw2.output.XmlSerializer:writeXmlns:public:2:java.lang.String,java.lang.String:void::3PP
com.sun.xml.txw2.output:DomSerializer:public:java.lang.Object:com.sun.xml.txw2.output.XmlSerializer:endStartTag:public:3:java.lang.String,java.lang.String,java.lang.String:void::3PP
com.sun.xml.txw2.output:DomSerializer:public:java.lang.Object:com.sun.xml.txw2.output.XmlSerializer:endTag:public:0::void::3PP
com.sun.xml.txw2.output:DomSerializer:public:java.lang.Object:com.sun.xml.txw2.output.XmlSerializer:text:public:1:java.lang.StringBuilder:void::3PP
com.sun.xml.txw2.output:DomSerializer:public:java.lang.Object:com.sun.xml.txw2.output.XmlSerializer:cdata:public:1:java.lang.StringBuilder:void::3PP
com.sun.xml.txw2.output:DomSerializer:public:java.lang.Object:com.sun.xml.txw2.output.XmlSerializer:comment:public:1:java.lang.StringBuilder:void::3PP
com.sun.xml.txw2.output:DomSerializer:public:java.lang.Object:com.sun.xml.txw2.output.XmlSerializer:endDocument:public:0::void::3PP
com.sun.xml.txw2.output:DomSerializer:public:java.lang.Object:com.sun.xml.txw2.output.XmlSerializer:flush:public:0::void::3PP
com.sun.xml.txw2.output:ResultFactory:public,abstract:java.lang.Object::<init>:private:0::void::3PP
com.sun.xml.txw2.output:ResultFactory:public,abstract:java.lang.Object::createSerializer:public,static:1:javax.xml.transform.Result:com.sun.xml.txw2.output.XmlSerializer::3PP
com.sun.xml.txw2.annotation:XmlNamespace:public,abstract,interface::java.lang.annotation.Annotation:value:public,abstract:0::java.lang.String::3PP
com.sun.xml.txw2.output:SaxSerializer:public:java.lang.Object:com.sun.xml.txw2.output.XmlSerializer:<init>:public:1:org.xml.sax.ContentHandler:void::3PP
com.sun.xml.txw2.output:SaxSerializer:public:java.lang.Object:com.sun.xml.txw2.output.XmlSerializer:<init>:public:2:org.xml.sax.ContentHandler,org.xml.sax.ext.LexicalHandler:void::3PP
com.sun.xml.txw2.output:SaxSerializer:public:java.lang.Object:com.sun.xml.txw2.output.XmlSerializer:<init>:public:3:org.xml.sax.ContentHandler,org.xml.sax.ext.LexicalHandler,boolean:void::3PP
com.sun.xml.txw2.output:SaxSerializer:public:java.lang.Object:com.sun.xml.txw2.output.XmlSerializer:<init>:public:1:javax.xml.transform.sax.SAXResult:void::3PP
com.sun.xml.txw2.output:SaxSerializer:public:java.lang.Object:com.sun.xml.txw2.output.XmlSerializer:startDocument:public:0::void::3PP
com.sun.xml.txw2.output:SaxSerializer:public:java.lang.Object:com.sun.xml.txw2.output.XmlSerializer:writeXmlns:public:2:java.lang.String,java.lang.String:void::3PP
com.sun.xml.txw2.output:SaxSerializer:public:java.lang.Object:com.sun.xml.txw2.output.XmlSerializer:beginStartTag:public:3:java.lang.String,java.lang.String,java.lang.String:void::3PP
com.sun.xml.txw2.output:SaxSerializer:public:java.lang.Object:com.sun.xml.txw2.output.XmlSerializer:writeAttribute:public:4:java.lang.String,java.lang.String,java.lang.String,java.lang.StringBuilder:void::3PP
com.sun.xml.txw2.output:SaxSerializer:public:java.lang.Object:com.sun.xml.txw2.output.XmlSerializer:endStartTag:public:3:java.lang.String,java.lang.String,java.lang.String:void::3PP
com.sun.xml.txw2.output:SaxSerializer:public:java.lang.Object:com.sun.xml.txw2.output.XmlSerializer:endTag:public:0::void::3PP
com.sun.xml.txw2.output:SaxSerializer:public:java.lang.Object:com.sun.xml.txw2.output.XmlSerializer:text:public:1:java.lang.StringBuilder:void::3PP
com.sun.xml.txw2.output:SaxSerializer:public:java.lang.Object:com.sun.xml.txw2.output.XmlSerializer:cdata:public:1:java.lang.StringBuilder:void::3PP
com.sun.xml.txw2.output:SaxSerializer:public:java.lang.Object:com.sun.xml.txw2.output.XmlSerializer:comment:public:1:java.lang.StringBuilder:void::3PP
com.sun.xml.txw2.output:SaxSerializer:public:java.lang.Object:com.sun.xml.txw2.output.XmlSerializer:endDocument:public:0::void::3PP
com.sun.xml.txw2.output:SaxSerializer:public:java.lang.Object:com.sun.xml.txw2.output.XmlSerializer:flush:public:0::void::3PP
com.sun.xml.txw2.output:SaxSerializer:public:java.lang.Object:com.sun.xml.txw2.output.XmlSerializer:getQName:private,static:2:java.lang.String,java.lang.String:java.lang.String::3PP
com.sun.xml.txw2:StartTag::com.sun.xml.txw2.Content:com.sun.xml.txw2.NamespaceResolver:<init>:public:3:com.sun.xml.txw2.ContainerElement,java.lang.String,java.lang.String:void::3PP
com.sun.xml.txw2:StartTag::com.sun.xml.txw2.Content:com.sun.xml.txw2.NamespaceResolver:<init>:public:3:com.sun.xml.txw2.Document,java.lang.String,java.lang.String:void::3PP
com.sun.xml.txw2:StartTag::com.sun.xml.txw2.Content:com.sun.xml.txw2.NamespaceResolver:addAttribute:public:3:java.lang.String,java.lang.String,java.lang.Object:void::3PP
com.sun.xml.txw2:StartTag::com.sun.xml.txw2.Content:com.sun.xml.txw2.NamespaceResolver:addNamespaceDecl:public:3:java.lang.String,java.lang.String,boolean:com.sun.xml.txw2.NamespaceDecl::3PP
com.sun.xml.txw2:StartTag::com.sun.xml.txw2.Content:com.sun.xml.txw2.NamespaceResolver:checkWritable:private:0::void::3PP
com.sun.xml.txw2:StartTag::com.sun.xml.txw2.Content:com.sun.xml.txw2.NamespaceResolver:isWritten::0::boolean::3PP
com.sun.xml.txw2:StartTag::com.sun.xml.txw2.Content:com.sun.xml.txw2.NamespaceResolver:isReadyToCommit::0::boolean::3PP
com.sun.xml.txw2:StartTag::com.sun.xml.txw2.Content:com.sun.xml.txw2.NamespaceResolver:written:public:0::void::3PP
com.sun.xml.txw2:StartTag::com.sun.xml.txw2.Content:com.sun.xml.txw2.NamespaceResolver:concludesPendingStartTag::0::boolean::3PP
com.sun.xml.txw2:StartTag::com.sun.xml.txw2.Content:com.sun.xml.txw2.NamespaceResolver:accept::1:com.sun.xml.txw2.ContentVisitor:void::3PP
com.sun.xml.txw2:StartTag::com.sun.xml.txw2.Content:com.sun.xml.txw2.NamespaceResolver:getPrefix:public:1:java.lang.String:java.lang.String::3PP
com.sun.xml.txw2:StartTag::com.sun.xml.txw2.Content:com.sun.xml.txw2.NamespaceResolver:<clinit>:static:0::void::3PP
com.sun.xml.txw2.output:XMLWriter:public:org.xml.sax.helpers.XMLFilterImpl:org.xml.sax.ext.LexicalHandler:<init>:public:3:java.io.Writer,java.lang.String,com.sun.xml.txw2.output.CharacterEscapeHandler:void::3PP
com.sun.xml.txw2.output:XMLWriter:public:org.xml.sax.helpers.XMLFilterImpl:org.xml.sax.ext.LexicalHandler:<init>:public:2:java.io.Writer,java.lang.String:void::3PP
com.sun.xml.txw2.output:XMLWriter:public:org.xml.sax.helpers.XMLFilterImpl:org.xml.sax.ext.LexicalHandler:init:private:2:java.io.Writer,java.lang.String:void::3PP
com.sun.xml.txw2.output:XMLWriter:public:org.xml.sax.helpers.XMLFilterImpl:org.xml.sax.ext.LexicalHandler:reset:public:0::void::3PP
com.sun.xml.txw2.output:XMLWriter:public:org.xml.sax.helpers.XMLFilterImpl:org.xml.sax.ext.LexicalHandler:flush:public:0::void::3PP
com.sun.xml.txw2.output:XMLWriter:public:org.xml.sax.helpers.XMLFilterImpl:org.xml.sax.ext.LexicalHandler:setOutput:public:2:java.io.Writer,java.lang.String:void::3PP
com.sun.xml.txw2.output:XMLWriter:public:org.xml.sax.helpers.XMLFilterImpl:org.xml.sax.ext.LexicalHandler:setEncoding:public:1:java.lang.String:void::3PP
com.sun.xml.txw2.output:XMLWriter:public:org.xml.sax.helpers.XMLFilterImpl:org.xml.sax.ext.LexicalHandler:setXmlDecl:public:1:boolean:void::3PP
com.sun.xml.txw2.output:XMLWriter:public:org.xml.sax.helpers.XMLFilterImpl:org.xml.sax.ext.LexicalHandler:setHeader:public:1:java.lang.String:void::3PP
com.sun.xml.txw2.output:XMLWriter:public:org.xml.sax.helpers.XMLFilterImpl:org.xml.sax.ext.LexicalHandler:startPrefixMapping:public:2:java.lang.String,java.lang.String:void::3PP
com.sun.xml.txw2.output:XMLWriter:public:org.xml.sax.helpers.XMLFilterImpl:org.xml.sax.ext.LexicalHandler:startDocument:public:0::void::3PP
com.sun.xml.txw2.output:XMLWriter:public:org.xml.sax.helpers.XMLFilterImpl:org.xml.sax.ext.LexicalHandler:endDocument:public:0::void::3PP
com.sun.xml.txw2.output:XMLWriter:public:org.xml.sax.helpers.XMLFilterImpl:org.xml.sax.ext.LexicalHandler:startElement:public:4:java.lang.String,java.lang.String,java.lang.String,org.xml.sax.Attributes:void::3PP
com.sun.xml.txw2.output:XMLWriter:public:org.xml.sax.helpers.XMLFilterImpl:org.xml.sax.ext.LexicalHandler:endElement:public:3:java.lang.String,java.lang.String,java.lang.String:void::3PP
com.sun.xml.txw2.output:XMLWriter:public:org.xml.sax.helpers.XMLFilterImpl:org.xml.sax.ext.LexicalHandler:characters:public:3:char[],int,int:void::3PP
com.sun.xml.txw2.output:XMLWriter:public:org.xml.sax.helpers.XMLFilterImpl:org.xml.sax.ext.LexicalHandler:ignorableWhitespace:public:3:char[],int,int:void::3PP
com.sun.xml.txw2.output:XMLWriter:public:org.xml.sax.helpers.XMLFilterImpl:org.xml.sax.ext.LexicalHandler:processingInstruction:public:2:java.lang.String,java.lang.String:void::3PP
com.sun.xml.txw2.output:XMLWriter:public:org.xml.sax.helpers.XMLFilterImpl:org.xml.sax.ext.LexicalHandler:startElement:public:2:java.lang.String,java.lang.String:void::3PP
com.sun.xml.txw2.output:XMLWriter:public:org.xml.sax.helpers.XMLFilterImpl:org.xml.sax.ext.LexicalHandler:startElement:public:1:java.lang.String:void::3PP
com.sun.xml.txw2.output:XMLWriter:public:org.xml.sax.helpers.XMLFilterImpl:org.xml.sax.ext.LexicalHandler:endElement:public:2:java.lang.String,java.lang.String:void::3PP
com.sun.xml.txw2.output:XMLWriter:public:org.xml.sax.helpers.XMLFilterImpl:org.xml.sax.ext.LexicalHandler:endElement:public:1:java.lang.String:void::3PP
com.sun.xml.txw2.output:XMLWriter:public:org.xml.sax.helpers.XMLFilterImpl:org.xml.sax.ext.LexicalHandler:dataElement:public:5:java.lang.String,java.lang.String,java.lang.String,org.xml.sax.Attributes,java.lang.String:void::3PP
com.sun.xml.txw2.output:XMLWriter:public:org.xml.sax.helpers.XMLFilterImpl:org.xml.sax.ext.LexicalHandler:dataElement:public:3:java.lang.String,java.lang.String,java.lang.String:void::3PP
com.sun.xml.txw2.output:XMLWriter:public:org.xml.sax.helpers.XMLFilterImpl:org.xml.sax.ext.LexicalHandler:dataElement:public:2:java.lang.String,java.lang.String:void::3PP
com.sun.xml.txw2.output:XMLWriter:public:org.xml.sax.helpers.XMLFilterImpl:org.xml.sax.ext.LexicalHandler:characters:public:1:java.lang.String:void::3PP
com.sun.xml.txw2.output:XMLWriter:public:org.xml.sax.helpers.XMLFilterImpl:org.xml.sax.ext.LexicalHandler:startDTD:public:3:java.lang.String,java.lang.String,java.lang.String:void::3PP
com.sun.xml.txw2.output:XMLWriter:public:org.xml.sax.helpers.XMLFilterImpl:org.xml.sax.ext.LexicalHandler:endDTD:public:0::void::3PP
com.sun.xml.txw2.output:XMLWriter:public:org.xml.sax.helpers.XMLFilterImpl:org.xml.sax.ext.LexicalHandler:startEntity:public:1:java.lang.String:void::3PP
com.sun.xml.txw2.output:XMLWriter:public:org.xml.sax.helpers.XMLFilterImpl:org.xml.sax.ext.LexicalHandler:endEntity:public:1:java.lang.String:void::3PP
com.sun.xml.txw2.output:XMLWriter:public:org.xml.sax.helpers.XMLFilterImpl:org.xml.sax.ext.LexicalHandler:startCDATA:public:0::void::3PP
com.sun.xml.txw2.output:XMLWriter:public:org.xml.sax.helpers.XMLFilterImpl:org.xml.sax.ext.LexicalHandler:endCDATA:public:0::void::3PP
com.sun.xml.txw2.output:XMLWriter:public:org.xml.sax.helpers.XMLFilterImpl:org.xml.sax.ext.LexicalHandler:comment:public:3:char[],int,int:void::3PP
com.sun.xml.txw2.output:XMLWriter:public:org.xml.sax.helpers.XMLFilterImpl:org.xml.sax.ext.LexicalHandler:write:private:1:char:void::3PP
com.sun.xml.txw2.output:XMLWriter:public:org.xml.sax.helpers.XMLFilterImpl:org.xml.sax.ext.LexicalHandler:write:private:1:java.lang.String:void::3PP
com.sun.xml.txw2.output:XMLWriter:public:org.xml.sax.helpers.XMLFilterImpl:org.xml.sax.ext.LexicalHandler:writeAttributes:private:1:org.xml.sax.Attributes:void::3PP
com.sun.xml.txw2.output:XMLWriter:public:org.xml.sax.helpers.XMLFilterImpl:org.xml.sax.ext.LexicalHandler:writeEsc:private:4:char[],int,int,boolean:void::3PP
com.sun.xml.txw2.output:XMLWriter:public:org.xml.sax.helpers.XMLFilterImpl:org.xml.sax.ext.LexicalHandler:writeName:private:4:java.lang.String,java.lang.String,java.lang.String,boolean:void::3PP
com.sun.xml.txw2:Comment:final:com.sun.xml.txw2.Content::<init>:public:3:com.sun.xml.txw2.Document,com.sun.xml.txw2.NamespaceResolver,java.lang.Object:void::3PP
com.sun.xml.txw2:Comment:final:com.sun.xml.txw2.Content::concludesPendingStartTag::0::boolean::3PP
com.sun.xml.txw2:Comment:final:com.sun.xml.txw2.Content::accept::1:com.sun.xml.txw2.ContentVisitor:void::3PP
com.sun.xml.txw2:DatatypeWriter$1$5::java.lang.Object:com.sun.xml.txw2.DatatypeWriter:<init>::1:com.sun.xml.txw2.DatatypeWriter$1:void::3PP
com.sun.xml.txw2:DatatypeWriter$1$5::java.lang.Object:com.sun.xml.txw2.DatatypeWriter:getType:public:0::java.lang.Class::3PP
com.sun.xml.txw2:DatatypeWriter$1$5::java.lang.Object:com.sun.xml.txw2.DatatypeWriter:print:public:3:javax.xml.namespace.QName,com.sun.xml.txw2.NamespaceResolver,java.lang.StringBuilder:void::3PP
com.sun.xml.txw2:DatatypeWriter$1$5::java.lang.Object:com.sun.xml.txw2.DatatypeWriter:print:public,volatile:3:java.lang.Object,com.sun.xml.txw2.NamespaceResolver,java.lang.StringBuilder:void::3PP
com.sun.xml.txw2:Content:abstract:java.lang.Object::<init>::0::void::3PP
com.sun.xml.txw2:Content:abstract:java.lang.Object::getNext:final:0::com.sun.xml.txw2.Content::3PP
com.sun.xml.txw2:Content:abstract:java.lang.Object::setNext:final:2:com.sun.xml.txw2.Document,com.sun.xml.txw2.Content:void::3PP
com.sun.xml.txw2:Content:abstract:java.lang.Object::isReadyToCommit::0::boolean::3PP
com.sun.xml.txw2:Content:abstract:java.lang.Object::concludesPendingStartTag:abstract:0::boolean::3PP
com.sun.xml.txw2:Content:abstract:java.lang.Object::accept:abstract:1:com.sun.xml.txw2.ContentVisitor:void::3PP
com.sun.xml.txw2:Content:abstract:java.lang.Object::written:public:0::void::3PP
com.sun.xml.txw2:Content:abstract:java.lang.Object::<clinit>:static:0::void::3PP
com.sun.xml.txw2:ContainerElement:final:java.lang.Object:java.lang.reflect.InvocationHandler,com.sun.xml.txw2.TypedXmlWriter:<init>:public:4:com.sun.xml.txw2.Document,com.sun.xml.txw2.ContainerElement,java.lang.String,java.lang.String:void::3PP
com.sun.xml.txw2:ContainerElement:final:java.lang.Object:java.lang.reflect.InvocationHandler,com.sun.xml.txw2.TypedXmlWriter:isRoot:private:0::boolean::3PP
com.sun.xml.txw2:ContainerElement:final:java.lang.Object:java.lang.reflect.InvocationHandler,com.sun.xml.txw2.TypedXmlWriter:isCommitted:private:0::boolean::3PP
com.sun.xml.txw2:ContainerElement:final:java.lang.Object:java.lang.reflect.InvocationHandler,com.sun.xml.txw2.TypedXmlWriter:getDocument:public:0::com.sun.xml.txw2.Document::3PP
com.sun.xml.txw2:ContainerElement:final:java.lang.Object:java.lang.reflect.InvocationHandler,com.sun.xml.txw2.TypedXmlWriter:isBlocked::0::boolean::3PP
com.sun.xml.txw2:ContainerElement:final:java.lang.Object:java.lang.reflect.InvocationHandler,com.sun.xml.txw2.TypedXmlWriter:block:public:0::void::3PP
com.sun.xml.txw2:ContainerElement:final:java.lang.Object:java.lang.reflect.InvocationHandler,com.sun.xml.txw2.TypedXmlWriter:invoke:public:3:java.lang.Object,java.lang.reflect.Method,java.lang.Object[]:java.lang.Object::3PP
com.sun.xml.txw2:ContainerElement:final:java.lang.Object:java.lang.reflect.InvocationHandler,com.sun.xml.txw2.TypedXmlWriter:addAttribute:private:3:com.sun.xml.txw2.annotation.XmlAttribute,java.lang.reflect.Method,java.lang.Object[]:void::3PP
com.sun.xml.txw2:ContainerElement:final:java.lang.Object:java.lang.reflect.InvocationHandler,com.sun.xml.txw2.TypedXmlWriter:checkStartTag:private:0::void::3PP
com.sun.xml.txw2:ContainerElement:final:java.lang.Object:java.lang.reflect.InvocationHandler,com.sun.xml.txw2.TypedXmlWriter:addElement:private:3:com.sun.xml.txw2.annotation.XmlElement,java.lang.reflect.Method,java.lang.Object[]:java.lang.Object::3PP
com.sun.xml.txw2:ContainerElement:final:java.lang.Object:java.lang.reflect.InvocationHandler,com.sun.xml.txw2.TypedXmlWriter:getNamespace:private:1:java.lang.Package:java.lang.String::3PP
com.sun.xml.txw2:ContainerElement:final:java.lang.Object:java.lang.reflect.InvocationHandler,com.sun.xml.txw2.TypedXmlWriter:addChild:private:1:com.sun.xml.txw2.Content:void::3PP
com.sun.xml.txw2:ContainerElement:final:java.lang.Object:java.lang.reflect.InvocationHandler,com.sun.xml.txw2.TypedXmlWriter:commit:public:0::void::3PP
com.sun.xml.txw2:ContainerElement:final:java.lang.Object:java.lang.reflect.InvocationHandler,com.sun.xml.txw2.TypedXmlWriter:commit:public:1:boolean:void::3PP
com.sun.xml.txw2:ContainerElement:final:java.lang.Object:java.lang.reflect.InvocationHandler,com.sun.xml.txw2.TypedXmlWriter:_commit:private:1:boolean:void::3PP
com.sun.xml.txw2:ContainerElement:final:java.lang.Object:java.lang.reflect.InvocationHandler,com.sun.xml.txw2.TypedXmlWriter:_attribute:public:2:java.lang.String,java.lang.Object:void::3PP
com.sun.xml.txw2:ContainerElement:final:java.lang.Object:java.lang.reflect.InvocationHandler,com.sun.xml.txw2.TypedXmlWriter:_attribute:public:3:java.lang.String,java.lang.String,java.lang.Object:void::3PP
com.sun.xml.txw2:ContainerElement:final:java.lang.Object:java.lang.reflect.InvocationHandler,com.sun.xml.txw2.TypedXmlWriter:_attribute:public:2:javax.xml.namespace.QName,java.lang.Object:void::3PP
com.sun.xml.txw2:ContainerElement:final:java.lang.Object:java.lang.reflect.InvocationHandler,com.sun.xml.txw2.TypedXmlWriter:_namespace:public:1:java.lang.String:void::3PP
com.sun.xml.txw2:ContainerElement:final:java.lang.Object:java.lang.reflect.InvocationHandler,com.sun.xml.txw2.TypedXmlWriter:_namespace:public:2:java.lang.String,java.lang.String:void::3PP
com.sun.xml.txw2:ContainerElement:final:java.lang.Object:java.lang.reflect.InvocationHandler,com.sun.xml.txw2.TypedXmlWriter:_namespace:public:2:java.lang.String,boolean:void::3PP
com.sun.xml.txw2:ContainerElement:final:java.lang.Object:java.lang.reflect.InvocationHandler,com.sun.xml.txw2.TypedXmlWriter:_pcdata:public:1:java.lang.Object:void::3PP
com.sun.xml.txw2:ContainerElement:final:java.lang.Object:java.lang.reflect.InvocationHandler,com.sun.xml.txw2.TypedXmlWriter:_cdata:public:1:java.lang.Object:void::3PP
com.sun.xml.txw2:ContainerElement:final:java.lang.Object:java.lang.reflect.InvocationHandler,com.sun.xml.txw2.TypedXmlWriter:_comment:public:1:java.lang.Object:void::3PP
com.sun.xml.txw2:ContainerElement:final:java.lang.Object:java.lang.reflect.InvocationHandler,com.sun.xml.txw2.TypedXmlWriter:_element:public:2:java.lang.String,java.lang.Class:com.sun.xml.txw2.TypedXmlWriter::3PP
com.sun.xml.txw2:ContainerElement:final:java.lang.Object:java.lang.reflect.InvocationHandler,com.sun.xml.txw2.TypedXmlWriter:_element:public:2:javax.xml.namespace.QName,java.lang.Class:com.sun.xml.txw2.TypedXmlWriter::3PP
com.sun.xml.txw2:ContainerElement:final:java.lang.Object:java.lang.reflect.InvocationHandler,com.sun.xml.txw2.TypedXmlWriter:_element:public:1:java.lang.Class:com.sun.xml.txw2.TypedXmlWriter::3PP
com.sun.xml.txw2:ContainerElement:final:java.lang.Object:java.lang.reflect.InvocationHandler,com.sun.xml.txw2.TypedXmlWriter:_cast:public:1:java.lang.Class:com.sun.xml.txw2.TypedXmlWriter::3PP
com.sun.xml.txw2:ContainerElement:final:java.lang.Object:java.lang.reflect.InvocationHandler,com.sun.xml.txw2.TypedXmlWriter:_element:public:3:java.lang.String,java.lang.String,java.lang.Class:com.sun.xml.txw2.TypedXmlWriter::3PP
com.sun.xml.txw2:ContainerElement:final:java.lang.Object:java.lang.reflect.InvocationHandler,com.sun.xml.txw2.TypedXmlWriter:<clinit>:static:0::void::3PP
com.sun.xml.txw2:Pcdata:final:com.sun.xml.txw2.Text::<init>::3:com.sun.xml.txw2.Document,com.sun.xml.txw2.NamespaceResolver,java.lang.Object:void::3PP
com.sun.xml.txw2:Pcdata:final:com.sun.xml.txw2.Text::accept::1:com.sun.xml.txw2.ContentVisitor:void::3PP
com.sun.xml.txw2:DatatypeWriter$1$3::java.lang.Object:com.sun.xml.txw2.DatatypeWriter:<init>::1:com.sun.xml.txw2.DatatypeWriter$1:void::3PP
com.sun.xml.txw2:DatatypeWriter$1$3::java.lang.Object:com.sun.xml.txw2.DatatypeWriter:getType:public:0::java.lang.Class::3PP
com.sun.xml.txw2:DatatypeWriter$1$3::java.lang.Object:com.sun.xml.txw2.DatatypeWriter:print:public:3:java.lang.Float,com.sun.xml.txw2.NamespaceResolver,java.lang.StringBuilder:void::3PP
com.sun.xml.txw2:DatatypeWriter$1$3::java.lang.Object:com.sun.xml.txw2.DatatypeWriter:print:public,volatile:3:java.lang.Object,com.sun.xml.txw2.NamespaceResolver,java.lang.StringBuilder:void::3PP
com.sun.xml.txw2:Cdata:final:com.sun.xml.txw2.Text::<init>::3:com.sun.xml.txw2.Document,com.sun.xml.txw2.NamespaceResolver,java.lang.Object:void::3PP
com.sun.xml.txw2:Cdata:final:com.sun.xml.txw2.Text::accept::1:com.sun.xml.txw2.ContentVisitor:void::3PP
com.sun.xml.txw2:StartDocument:final:com.sun.xml.txw2.Content::<init>::0::void::3PP
com.sun.xml.txw2:StartDocument:final:com.sun.xml.txw2.Content::concludesPendingStartTag::0::boolean::3PP
com.sun.xml.txw2:StartDocument:final:com.sun.xml.txw2.Content::accept::1:com.sun.xml.txw2.ContentVisitor:void::3PP
com.sun.xml.txw2:IllegalSignatureException:public:com.sun.xml.txw2.TxwException::<init>:public:1:java.lang.String:void::3PP
com.sun.xml.txw2:IllegalSignatureException:public:com.sun.xml.txw2.TxwException::<init>:public:2:java.lang.String,java.lang.Throwable:void::3PP
com.sun.xml.txw2:IllegalSignatureException:public:com.sun.xml.txw2.TxwException::<init>:public:1:java.lang.Throwable:void::3PP
com.sun.xml.txw2:ContentVisitor:abstract,interface:::onStartDocument:public,abstract:0::void::3PP
com.sun.xml.txw2:ContentVisitor:abstract,interface:::onEndDocument:public,abstract:0::void::3PP
com.sun.xml.txw2:ContentVisitor:abstract,interface:::onEndTag:public,abstract:0::void::3PP
com.sun.xml.txw2:ContentVisitor:abstract,interface:::onPcdata:public,abstract:1:java.lang.StringBuilder:void::3PP
com.sun.xml.txw2:ContentVisitor:abstract,interface:::onCdata:public,abstract:1:java.lang.StringBuilder:void::3PP
com.sun.xml.txw2:ContentVisitor:abstract,interface:::onStartTag:public,abstract:4:java.lang.String,java.lang.String,com.sun.xml.txw2.Attribute,com.sun.xml.txw2.NamespaceDecl:void::3PP
com.sun.xml.txw2:ContentVisitor:abstract,interface:::onComment:public,abstract:1:java.lang.StringBuilder:void::3PP
com.sun.xml.txw2:EndTag:final:com.sun.xml.txw2.Content::<init>::0::void::3PP
com.sun.xml.txw2:EndTag:final:com.sun.xml.txw2.Content::concludesPendingStartTag::0::boolean::3PP
com.sun.xml.txw2:EndTag:final:com.sun.xml.txw2.Content::accept::1:com.sun.xml.txw2.ContentVisitor:void::3PP
com.sun.xml.txw2:DatatypeWriter:public,abstract,interface:::getType:public,abstract:0::java.lang.Class::3PP
com.sun.xml.txw2:DatatypeWriter:public,abstract,interface:::print:public,abstract:3:java.lang.Object,com.sun.xml.txw2.NamespaceResolver,java.lang.StringBuilder:void::3PP
com.sun.xml.txw2:DatatypeWriter:public,abstract,interface:::<clinit>:static:0::void::3PP
com.sun.xml.txw2:DatatypeWriter$1$2::java.lang.Object:com.sun.xml.txw2.DatatypeWriter:<init>::1:com.sun.xml.txw2.DatatypeWriter$1:void::3PP
com.sun.xml.txw2:DatatypeWriter$1$2::java.lang.Object:com.sun.xml.txw2.DatatypeWriter:getType:public:0::java.lang.Class::3PP
com.sun.xml.txw2:DatatypeWriter$1$2::java.lang.Object:com.sun.xml.txw2.DatatypeWriter:print:public:3:java.lang.Integer,com.sun.xml.txw2.NamespaceResolver,java.lang.StringBuilder:void::3PP
com.sun.xml.txw2:DatatypeWriter$1$2::java.lang.Object:com.sun.xml.txw2.DatatypeWriter:print:public,volatile:3:java.lang.Object,com.sun.xml.txw2.NamespaceResolver,java.lang.StringBuilder:void::3PP
